2025-02-25T00:00:07.364+01:00  INFO 11160 --- [restapp] [SpringApplicationShutdownHook] o.s.b.w.e.tomcat.GracefulShutdown        : Commencing graceful shutdown. Waiting for active requests to complete
2025-02-25T00:00:07.429+01:00  INFO 11160 --- [restapp] [tomcat-shutdown] o.s.b.w.e.tomcat.GracefulShutdown        : Graceful shutdown complete
2025-02-25T00:00:07.436+01:00  INFO 11160 --- [restapp] [SpringApplicationShutdownHook] j.LocalContainerEntityManagerFactoryBean : Closing JPA EntityManagerFactory for persistence unit 'default'
2025-02-25T00:00:07.461+01:00  WARN 11160 --- [restapp] [SpringApplicationShutdownHook] o.s.b.f.support.DisposableBeanAdapter    : Invocation of destroy method failed on bean with name 'inMemoryDatabaseShutdownExecutor': org.h2.jdbc.JdbcSQLNonTransientConnectionException: La base de données est déjà fermée (pour désactiver la fermeture automatique à l'arrêt de la VM, ajoutez "; DB_CLOSE_ON_EXIT = FALSE" à l'URL db)
Database is already closed (to disable automatic closing at VM shutdown, add ";DB_CLOSE_ON_EXIT=FALSE" to the db URL) [90121-232]
2025-02-25T00:00:07.462+01:00  INFO 11160 --- [restapp] [SpringApplicationShutdownHook] com.zaxxer.hikari.HikariDataSource       : HikariPool-1 - Shutdown initiated...
2025-02-25T00:00:07.485+01:00  INFO 11160 --- [restapp] [SpringApplicationShutdownHook] com.zaxxer.hikari.HikariDataSource       : HikariPool-1 - Shutdown completed.
2025-02-25T00:22:39.881+01:00  INFO 16568 --- [restapp] [restartedMain] be.labil.restapp.RestappApplication      : Starting RestappApplication using Java 21.0.6 with PID 16568 (C:\Elachhab\Unamur\cours\GenieLogiciel\Labo\restapp\target\classes started by abdellah.elachhab in C:\Elachhab\Unamur\cours\GenieLogiciel\Labo\restapp)
2025-02-25T00:22:39.885+01:00  INFO 16568 --- [restapp] [restartedMain] be.labil.restapp.RestappApplication      : No active profile set, falling back to 1 default profile: "default"
2025-02-25T00:22:39.974+01:00  INFO 16568 --- [restapp] [restartedMain] .e.DevToolsPropertyDefaultsPostProcessor : Devtools property defaults active! Set 'spring.devtools.add-properties' to 'false' to disable
2025-02-25T00:22:39.975+01:00  INFO 16568 --- [restapp] [restartedMain] .e.DevToolsPropertyDefaultsPostProcessor : For additional web related logging consider setting the 'logging.level.web' property to 'DEBUG'
2025-02-25T00:22:41.440+01:00  INFO 16568 --- [restapp] [restartedMain] .s.d.r.c.RepositoryConfigurationDelegate : Bootstrapping Spring Data JPA repositories in DEFAULT mode.
2025-02-25T00:22:41.559+01:00  INFO 16568 --- [restapp] [restartedMain] .s.d.r.c.RepositoryConfigurationDelegate : Finished Spring Data repository scanning in 104 ms. Found 4 JPA repository interfaces.
2025-02-25T00:22:42.624+01:00  INFO 16568 --- [restapp] [restartedMain] o.s.b.w.embedded.tomcat.TomcatWebServer  : Tomcat initialized with port 8080 (http)
2025-02-25T00:22:42.659+01:00  INFO 16568 --- [restapp] [restartedMain] o.apache.catalina.core.StandardService   : Starting service [Tomcat]
2025-02-25T00:22:42.659+01:00  INFO 16568 --- [restapp] [restartedMain] o.apache.catalina.core.StandardEngine    : Starting Servlet engine: [Apache Tomcat/10.1.34]
2025-02-25T00:22:42.747+01:00  INFO 16568 --- [restapp] [restartedMain] o.a.c.c.C.[Tomcat].[localhost].[/]       : Initializing Spring embedded WebApplicationContext
2025-02-25T00:22:42.747+01:00  INFO 16568 --- [restapp] [restartedMain] w.s.c.ServletWebServerApplicationContext : Root WebApplicationContext: initialization completed in 2770 ms
2025-02-25T00:22:42.987+01:00  INFO 16568 --- [restapp] [restartedMain] com.zaxxer.hikari.HikariDataSource       : HikariPool-1 - Starting...
2025-02-25T00:22:43.326+01:00  INFO 16568 --- [restapp] [restartedMain] com.zaxxer.hikari.pool.HikariPool        : HikariPool-1 - Added connection conn0: url=jdbc:h2:mem:test user=SA
2025-02-25T00:22:43.331+01:00  INFO 16568 --- [restapp] [restartedMain] com.zaxxer.hikari.HikariDataSource       : HikariPool-1 - Start completed.
2025-02-25T00:22:43.436+01:00  INFO 16568 --- [restapp] [restartedMain] o.hibernate.jpa.internal.util.LogHelper  : HHH000204: Processing PersistenceUnitInfo [name: default]
2025-02-25T00:22:43.550+01:00  INFO 16568 --- [restapp] [restartedMain] org.hibernate.Version                    : HHH000412: Hibernate ORM core version 6.6.5.Final
2025-02-25T00:22:43.622+01:00  INFO 16568 --- [restapp] [restartedMain] o.h.c.internal.RegionFactoryInitiator    : HHH000026: Second-level cache disabled
2025-02-25T00:22:44.101+01:00  INFO 16568 --- [restapp] [restartedMain] o.s.o.j.p.SpringPersistenceUnitInfo      : No LoadTimeWeaver setup: ignoring JPA class transformer
2025-02-25T00:22:44.230+01:00  INFO 16568 --- [restapp] [restartedMain] org.hibernate.orm.connections.pooling    : HHH10001005: Database info:
	Database JDBC URL [Connecting through datasource 'HikariDataSource (HikariPool-1)']
	Database driver: undefined/unknown
	Database version: 2.3.232
	Autocommit mode: undefined/unknown
	Isolation level: undefined/unknown
	Minimum pool size: undefined/unknown
	Maximum pool size: undefined/unknown
2025-02-25T00:22:45.542+01:00  INFO 16568 --- [restapp] [restartedMain] o.h.e.t.j.p.i.JtaPlatformInitiator       : HHH000489: No JTA platform available (set 'hibernate.transaction.jta.platform' to enable JTA platform integration)
2025-02-25T00:22:45.606+01:00  INFO 16568 --- [restapp] [restartedMain] j.LocalContainerEntityManagerFactoryBean : Initialized JPA EntityManagerFactory for persistence unit 'default'
2025-02-25T00:22:46.639+01:00  WARN 16568 --- [restapp] [restartedMain] JpaBaseConfiguration$JpaWebConfiguration : spring.jpa.open-in-view is enabled by default. Therefore, database queries may be performed during view rendering. Explicitly configure spring.jpa.open-in-view to disable this warning
2025-02-25T00:22:46.733+01:00  INFO 16568 --- [restapp] [restartedMain] o.s.v.b.OptionalValidatorFactoryBean     : Failed to set up a Bean Validation provider: jakarta.validation.NoProviderFoundException: Unable to create a Configuration, because no Jakarta Bean Validation provider could be found. Add a provider like Hibernate Validator (RI) to your classpath.
2025-02-25T00:22:48.417+01:00  INFO 16568 --- [restapp] [restartedMain] o.s.b.a.h2.H2ConsoleAutoConfiguration    : H2 console available at '/h2-console'. Database available at 'jdbc:h2:mem:test'
2025-02-25T00:22:48.533+01:00  INFO 16568 --- [restapp] [restartedMain] o.s.b.d.a.OptionalLiveReloadServer       : LiveReload server is running on port 35729
2025-02-25T00:22:48.599+01:00  INFO 16568 --- [restapp] [restartedMain] o.s.b.w.embedded.tomcat.TomcatWebServer  : Tomcat started on port 8080 (http) with context path '/'
2025-02-25T00:22:48.613+01:00  INFO 16568 --- [restapp] [restartedMain] be.labil.restapp.RestappApplication      : Started RestappApplication in 9.74 seconds (process running for 11.051)
2025-02-25T00:23:00.764+01:00  INFO 16568 --- [restapp] [SpringApplicationShutdownHook] o.s.b.w.e.tomcat.GracefulShutdown        : Commencing graceful shutdown. Waiting for active requests to complete
2025-02-25T00:23:00.787+01:00  INFO 16568 --- [restapp] [tomcat-shutdown] o.s.b.w.e.tomcat.GracefulShutdown        : Graceful shutdown complete
2025-02-25T00:23:00.792+01:00  INFO 16568 --- [restapp] [SpringApplicationShutdownHook] j.LocalContainerEntityManagerFactoryBean : Closing JPA EntityManagerFactory for persistence unit 'default'
2025-02-25T00:23:00.804+01:00  WARN 16568 --- [restapp] [SpringApplicationShutdownHook] o.s.b.f.support.DisposableBeanAdapter    : Invocation of destroy method failed on bean with name 'inMemoryDatabaseShutdownExecutor': org.h2.jdbc.JdbcSQLNonTransientConnectionException: La base de données est déjà fermée (pour désactiver la fermeture automatique à l'arrêt de la VM, ajoutez "; DB_CLOSE_ON_EXIT = FALSE" à l'URL db)
Database is already closed (to disable automatic closing at VM shutdown, add ";DB_CLOSE_ON_EXIT=FALSE" to the db URL) [90121-232]
2025-02-25T00:23:00.806+01:00  INFO 16568 --- [restapp] [SpringApplicationShutdownHook] com.zaxxer.hikari.HikariDataSource       : HikariPool-1 - Shutdown initiated...
2025-02-25T00:23:00.808+01:00  INFO 16568 --- [restapp] [SpringApplicationShutdownHook] com.zaxxer.hikari.HikariDataSource       : HikariPool-1 - Shutdown completed.
2025-02-25T00:24:45.113+01:00  INFO 4524 --- [restapp] [restartedMain] be.labil.restapp.RestappApplication      : Starting RestappApplication using Java 21.0.6 with PID 4524 (C:\Elachhab\Unamur\cours\GenieLogiciel\Labo\restapp\target\classes started by abdellah.elachhab in C:\Elachhab\Unamur\cours\GenieLogiciel\Labo\restapp)
2025-02-25T00:24:45.118+01:00  INFO 4524 --- [restapp] [restartedMain] be.labil.restapp.RestappApplication      : No active profile set, falling back to 1 default profile: "default"
2025-02-25T00:24:45.201+01:00  INFO 4524 --- [restapp] [restartedMain] .e.DevToolsPropertyDefaultsPostProcessor : Devtools property defaults active! Set 'spring.devtools.add-properties' to 'false' to disable
2025-02-25T00:24:45.202+01:00  INFO 4524 --- [restapp] [restartedMain] .e.DevToolsPropertyDefaultsPostProcessor : For additional web related logging consider setting the 'logging.level.web' property to 'DEBUG'
2025-02-25T00:24:46.587+01:00  INFO 4524 --- [restapp] [restartedMain] .s.d.r.c.RepositoryConfigurationDelegate : Bootstrapping Spring Data JPA repositories in DEFAULT mode.
2025-02-25T00:24:46.710+01:00  INFO 4524 --- [restapp] [restartedMain] .s.d.r.c.RepositoryConfigurationDelegate : Finished Spring Data repository scanning in 110 ms. Found 4 JPA repository interfaces.
2025-02-25T00:24:47.727+01:00  INFO 4524 --- [restapp] [restartedMain] o.s.b.w.embedded.tomcat.TomcatWebServer  : Tomcat initialized with port 8080 (http)
2025-02-25T00:24:47.753+01:00  INFO 4524 --- [restapp] [restartedMain] o.apache.catalina.core.StandardService   : Starting service [Tomcat]
2025-02-25T00:24:47.754+01:00  INFO 4524 --- [restapp] [restartedMain] o.apache.catalina.core.StandardEngine    : Starting Servlet engine: [Apache Tomcat/10.1.34]
2025-02-25T00:24:47.863+01:00  INFO 4524 --- [restapp] [restartedMain] o.a.c.c.C.[Tomcat].[localhost].[/]       : Initializing Spring embedded WebApplicationContext
2025-02-25T00:24:47.864+01:00  INFO 4524 --- [restapp] [restartedMain] w.s.c.ServletWebServerApplicationContext : Root WebApplicationContext: initialization completed in 2661 ms
2025-02-25T00:24:48.076+01:00  INFO 4524 --- [restapp] [restartedMain] com.zaxxer.hikari.HikariDataSource       : HikariPool-1 - Starting...
2025-02-25T00:24:48.358+01:00  INFO 4524 --- [restapp] [restartedMain] com.zaxxer.hikari.pool.HikariPool        : HikariPool-1 - Added connection conn0: url=jdbc:h2:mem:test user=SA
2025-02-25T00:24:48.363+01:00  INFO 4524 --- [restapp] [restartedMain] com.zaxxer.hikari.HikariDataSource       : HikariPool-1 - Start completed.
2025-02-25T00:24:48.457+01:00  INFO 4524 --- [restapp] [restartedMain] o.hibernate.jpa.internal.util.LogHelper  : HHH000204: Processing PersistenceUnitInfo [name: default]
2025-02-25T00:24:48.542+01:00  INFO 4524 --- [restapp] [restartedMain] org.hibernate.Version                    : HHH000412: Hibernate ORM core version 6.6.5.Final
2025-02-25T00:24:48.610+01:00  INFO 4524 --- [restapp] [restartedMain] o.h.c.internal.RegionFactoryInitiator    : HHH000026: Second-level cache disabled
2025-02-25T00:24:49.104+01:00  INFO 4524 --- [restapp] [restartedMain] o.s.o.j.p.SpringPersistenceUnitInfo      : No LoadTimeWeaver setup: ignoring JPA class transformer
2025-02-25T00:24:49.239+01:00  INFO 4524 --- [restapp] [restartedMain] org.hibernate.orm.connections.pooling    : HHH10001005: Database info:
	Database JDBC URL [Connecting through datasource 'HikariDataSource (HikariPool-1)']
	Database driver: undefined/unknown
	Database version: 2.3.232
	Autocommit mode: undefined/unknown
	Isolation level: undefined/unknown
	Minimum pool size: undefined/unknown
	Maximum pool size: undefined/unknown
2025-02-25T00:24:50.672+01:00  INFO 4524 --- [restapp] [restartedMain] o.h.e.t.j.p.i.JtaPlatformInitiator       : HHH000489: No JTA platform available (set 'hibernate.transaction.jta.platform' to enable JTA platform integration)
2025-02-25T00:24:50.745+01:00  INFO 4524 --- [restapp] [restartedMain] j.LocalContainerEntityManagerFactoryBean : Initialized JPA EntityManagerFactory for persistence unit 'default'
2025-02-25T00:24:51.478+01:00  WARN 4524 --- [restapp] [restartedMain] JpaBaseConfiguration$JpaWebConfiguration : spring.jpa.open-in-view is enabled by default. Therefore, database queries may be performed during view rendering. Explicitly configure spring.jpa.open-in-view to disable this warning
2025-02-25T00:24:51.554+01:00  INFO 4524 --- [restapp] [restartedMain] o.s.v.b.OptionalValidatorFactoryBean     : Failed to set up a Bean Validation provider: jakarta.validation.NoProviderFoundException: Unable to create a Configuration, because no Jakarta Bean Validation provider could be found. Add a provider like Hibernate Validator (RI) to your classpath.
2025-02-25T00:24:53.082+01:00  INFO 4524 --- [restapp] [restartedMain] o.s.b.a.h2.H2ConsoleAutoConfiguration    : H2 console available at '/h2-console'. Database available at 'jdbc:h2:mem:test'
2025-02-25T00:24:53.201+01:00  INFO 4524 --- [restapp] [restartedMain] o.s.b.d.a.OptionalLiveReloadServer       : LiveReload server is running on port 35729
2025-02-25T00:24:53.263+01:00  INFO 4524 --- [restapp] [restartedMain] o.s.b.w.embedded.tomcat.TomcatWebServer  : Tomcat started on port 8080 (http) with context path '/'
2025-02-25T00:24:53.280+01:00  INFO 4524 --- [restapp] [restartedMain] be.labil.restapp.RestappApplication      : Started RestappApplication in 9.024 seconds (process running for 10.125)
2025-02-25T00:25:03.930+01:00  INFO 4524 --- [restapp] [http-nio-8080-exec-1] o.a.c.c.C.[Tomcat].[localhost].[/]       : Initializing Spring DispatcherServlet 'dispatcherServlet'
2025-02-25T00:25:03.931+01:00  INFO 4524 --- [restapp] [http-nio-8080-exec-1] o.s.web.servlet.DispatcherServlet        : Initializing Servlet 'dispatcherServlet'
2025-02-25T00:25:03.932+01:00  INFO 4524 --- [restapp] [http-nio-8080-exec-1] o.s.web.servlet.DispatcherServlet        : Completed initialization in 1 ms
2025-02-25T00:25:42.557+01:00  INFO 4524 --- [restapp] [SpringApplicationShutdownHook] o.s.b.w.e.tomcat.GracefulShutdown        : Commencing graceful shutdown. Waiting for active requests to complete
2025-02-25T00:25:42.581+01:00  INFO 4524 --- [restapp] [tomcat-shutdown] o.s.b.w.e.tomcat.GracefulShutdown        : Graceful shutdown complete
2025-02-25T00:25:42.586+01:00  INFO 4524 --- [restapp] [SpringApplicationShutdownHook] j.LocalContainerEntityManagerFactoryBean : Closing JPA EntityManagerFactory for persistence unit 'default'
2025-02-25T00:25:42.601+01:00  WARN 4524 --- [restapp] [SpringApplicationShutdownHook] o.s.b.f.support.DisposableBeanAdapter    : Invocation of destroy method failed on bean with name 'inMemoryDatabaseShutdownExecutor': org.h2.jdbc.JdbcSQLNonTransientConnectionException: La base de données est déjà fermée (pour désactiver la fermeture automatique à l'arrêt de la VM, ajoutez "; DB_CLOSE_ON_EXIT = FALSE" à l'URL db)
Database is already closed (to disable automatic closing at VM shutdown, add ";DB_CLOSE_ON_EXIT=FALSE" to the db URL) [90121-232]
2025-02-25T00:25:42.602+01:00  INFO 4524 --- [restapp] [SpringApplicationShutdownHook] com.zaxxer.hikari.HikariDataSource       : HikariPool-1 - Shutdown initiated...
2025-02-25T00:25:42.604+01:00  INFO 4524 --- [restapp] [SpringApplicationShutdownHook] com.zaxxer.hikari.HikariDataSource       : HikariPool-1 - Shutdown completed.
2025-02-25T00:29:41.869+01:00  INFO 28388 --- [restapp] [restartedMain] be.labil.restapp.RestappApplication      : Starting RestappApplication using Java 21.0.6 with PID 28388 (C:\Elachhab\Unamur\cours\GenieLogiciel\Labo\restapp\target\classes started by abdellah.elachhab in C:\Elachhab\Unamur\cours\GenieLogiciel\Labo\restapp)
2025-02-25T00:29:41.877+01:00  INFO 28388 --- [restapp] [restartedMain] be.labil.restapp.RestappApplication      : No active profile set, falling back to 1 default profile: "default"
2025-02-25T00:29:42.013+01:00  INFO 28388 --- [restapp] [restartedMain] .e.DevToolsPropertyDefaultsPostProcessor : Devtools property defaults active! Set 'spring.devtools.add-properties' to 'false' to disable
2025-02-25T00:29:42.014+01:00  INFO 28388 --- [restapp] [restartedMain] .e.DevToolsPropertyDefaultsPostProcessor : For additional web related logging consider setting the 'logging.level.web' property to 'DEBUG'
2025-02-25T00:29:43.373+01:00  INFO 28388 --- [restapp] [restartedMain] .s.d.r.c.RepositoryConfigurationDelegate : Bootstrapping Spring Data JPA repositories in DEFAULT mode.
2025-02-25T00:29:43.467+01:00  INFO 28388 --- [restapp] [restartedMain] .s.d.r.c.RepositoryConfigurationDelegate : Finished Spring Data repository scanning in 83 ms. Found 4 JPA repository interfaces.
2025-02-25T00:29:44.423+01:00  INFO 28388 --- [restapp] [restartedMain] o.s.b.w.embedded.tomcat.TomcatWebServer  : Tomcat initialized with port 8080 (http)
2025-02-25T00:29:44.460+01:00  INFO 28388 --- [restapp] [restartedMain] o.apache.catalina.core.StandardService   : Starting service [Tomcat]
2025-02-25T00:29:44.461+01:00  INFO 28388 --- [restapp] [restartedMain] o.apache.catalina.core.StandardEngine    : Starting Servlet engine: [Apache Tomcat/10.1.34]
2025-02-25T00:29:44.562+01:00  INFO 28388 --- [restapp] [restartedMain] o.a.c.c.C.[Tomcat].[localhost].[/]       : Initializing Spring embedded WebApplicationContext
2025-02-25T00:29:44.562+01:00  INFO 28388 --- [restapp] [restartedMain] w.s.c.ServletWebServerApplicationContext : Root WebApplicationContext: initialization completed in 2547 ms
2025-02-25T00:29:44.758+01:00  INFO 28388 --- [restapp] [restartedMain] com.zaxxer.hikari.HikariDataSource       : HikariPool-1 - Starting...
2025-02-25T00:29:45.025+01:00  INFO 28388 --- [restapp] [restartedMain] com.zaxxer.hikari.pool.HikariPool        : HikariPool-1 - Added connection conn0: url=jdbc:h2:mem:test user=SA
2025-02-25T00:29:45.028+01:00  INFO 28388 --- [restapp] [restartedMain] com.zaxxer.hikari.HikariDataSource       : HikariPool-1 - Start completed.
2025-02-25T00:29:45.123+01:00  INFO 28388 --- [restapp] [restartedMain] o.hibernate.jpa.internal.util.LogHelper  : HHH000204: Processing PersistenceUnitInfo [name: default]
2025-02-25T00:29:45.290+01:00  INFO 28388 --- [restapp] [restartedMain] org.hibernate.Version                    : HHH000412: Hibernate ORM core version 6.6.5.Final
2025-02-25T00:29:45.352+01:00  INFO 28388 --- [restapp] [restartedMain] o.h.c.internal.RegionFactoryInitiator    : HHH000026: Second-level cache disabled
2025-02-25T00:29:45.933+01:00  INFO 28388 --- [restapp] [restartedMain] o.s.o.j.p.SpringPersistenceUnitInfo      : No LoadTimeWeaver setup: ignoring JPA class transformer
2025-02-25T00:29:46.060+01:00  INFO 28388 --- [restapp] [restartedMain] org.hibernate.orm.connections.pooling    : HHH10001005: Database info:
	Database JDBC URL [Connecting through datasource 'HikariDataSource (HikariPool-1)']
	Database driver: undefined/unknown
	Database version: 2.3.232
	Autocommit mode: undefined/unknown
	Isolation level: undefined/unknown
	Minimum pool size: undefined/unknown
	Maximum pool size: undefined/unknown
2025-02-25T00:29:47.275+01:00  INFO 28388 --- [restapp] [restartedMain] o.h.e.t.j.p.i.JtaPlatformInitiator       : HHH000489: No JTA platform available (set 'hibernate.transaction.jta.platform' to enable JTA platform integration)
2025-02-25T00:29:47.328+01:00  INFO 28388 --- [restapp] [restartedMain] j.LocalContainerEntityManagerFactoryBean : Initialized JPA EntityManagerFactory for persistence unit 'default'
2025-02-25T00:29:48.042+01:00  WARN 28388 --- [restapp] [restartedMain] JpaBaseConfiguration$JpaWebConfiguration : spring.jpa.open-in-view is enabled by default. Therefore, database queries may be performed during view rendering. Explicitly configure spring.jpa.open-in-view to disable this warning
2025-02-25T00:29:48.119+01:00  INFO 28388 --- [restapp] [restartedMain] o.s.v.b.OptionalValidatorFactoryBean     : Failed to set up a Bean Validation provider: jakarta.validation.NoProviderFoundException: Unable to create a Configuration, because no Jakarta Bean Validation provider could be found. Add a provider like Hibernate Validator (RI) to your classpath.
2025-02-25T00:29:49.467+01:00  INFO 28388 --- [restapp] [restartedMain] o.s.b.a.h2.H2ConsoleAutoConfiguration    : H2 console available at '/h2-console'. Database available at 'jdbc:h2:mem:test'
2025-02-25T00:29:49.574+01:00  INFO 28388 --- [restapp] [restartedMain] o.s.b.d.a.OptionalLiveReloadServer       : LiveReload server is running on port 35729
2025-02-25T00:29:49.636+01:00  INFO 28388 --- [restapp] [restartedMain] o.s.b.w.embedded.tomcat.TomcatWebServer  : Tomcat started on port 8080 (http) with context path '/'
2025-02-25T00:29:49.649+01:00  INFO 28388 --- [restapp] [restartedMain] be.labil.restapp.RestappApplication      : Started RestappApplication in 8.809 seconds (process running for 9.811)
2025-02-25T00:29:57.094+01:00  INFO 28388 --- [restapp] [http-nio-8080-exec-2] o.a.c.c.C.[Tomcat].[localhost].[/]       : Initializing Spring DispatcherServlet 'dispatcherServlet'
2025-02-25T00:29:57.095+01:00  INFO 28388 --- [restapp] [http-nio-8080-exec-2] o.s.web.servlet.DispatcherServlet        : Initializing Servlet 'dispatcherServlet'
2025-02-25T00:29:57.096+01:00  INFO 28388 --- [restapp] [http-nio-8080-exec-2] o.s.web.servlet.DispatcherServlet        : Completed initialization in 1 ms
2025-02-25T00:30:34.062+01:00  WARN 28388 --- [restapp] [http-nio-8080-exec-6] .w.s.m.s.DefaultHandlerExceptionResolver : Resolved [org.springframework.web.HttpRequestMethodNotSupportedException: Request method 'GET' is not supported]
2025-02-25T00:33:05.739+01:00  INFO 28388 --- [restapp] [SpringApplicationShutdownHook] o.s.b.w.e.tomcat.GracefulShutdown        : Commencing graceful shutdown. Waiting for active requests to complete
2025-02-25T00:33:05.765+01:00  INFO 28388 --- [restapp] [tomcat-shutdown] o.s.b.w.e.tomcat.GracefulShutdown        : Graceful shutdown complete
2025-02-25T00:33:05.771+01:00  INFO 28388 --- [restapp] [SpringApplicationShutdownHook] j.LocalContainerEntityManagerFactoryBean : Closing JPA EntityManagerFactory for persistence unit 'default'
2025-02-25T00:33:05.785+01:00  WARN 28388 --- [restapp] [SpringApplicationShutdownHook] o.s.b.f.support.DisposableBeanAdapter    : Invocation of destroy method failed on bean with name 'inMemoryDatabaseShutdownExecutor': org.h2.jdbc.JdbcSQLNonTransientConnectionException: La base de données est déjà fermée (pour désactiver la fermeture automatique à l'arrêt de la VM, ajoutez "; DB_CLOSE_ON_EXIT = FALSE" à l'URL db)
Database is already closed (to disable automatic closing at VM shutdown, add ";DB_CLOSE_ON_EXIT=FALSE" to the db URL) [90121-232]
2025-02-25T00:33:05.786+01:00  INFO 28388 --- [restapp] [SpringApplicationShutdownHook] com.zaxxer.hikari.HikariDataSource       : HikariPool-1 - Shutdown initiated...
2025-02-25T00:33:05.789+01:00  INFO 28388 --- [restapp] [SpringApplicationShutdownHook] com.zaxxer.hikari.HikariDataSource       : HikariPool-1 - Shutdown completed.
2025-02-25T00:33:12.199+01:00  INFO 12252 --- [restapp] [restartedMain] be.labil.restapp.RestappApplication      : Starting RestappApplication using Java 21.0.6 with PID 12252 (C:\Elachhab\Unamur\cours\GenieLogiciel\Labo\restapp\target\classes started by abdellah.elachhab in C:\Elachhab\Unamur\cours\GenieLogiciel\Labo\restapp)
2025-02-25T00:33:12.206+01:00  INFO 12252 --- [restapp] [restartedMain] be.labil.restapp.RestappApplication      : No active profile set, falling back to 1 default profile: "default"
2025-02-25T00:33:12.304+01:00  INFO 12252 --- [restapp] [restartedMain] .e.DevToolsPropertyDefaultsPostProcessor : Devtools property defaults active! Set 'spring.devtools.add-properties' to 'false' to disable
2025-02-25T00:33:12.305+01:00  INFO 12252 --- [restapp] [restartedMain] .e.DevToolsPropertyDefaultsPostProcessor : For additional web related logging consider setting the 'logging.level.web' property to 'DEBUG'
2025-02-25T00:33:13.780+01:00  INFO 12252 --- [restapp] [restartedMain] .s.d.r.c.RepositoryConfigurationDelegate : Bootstrapping Spring Data JPA repositories in DEFAULT mode.
2025-02-25T00:33:13.909+01:00  INFO 12252 --- [restapp] [restartedMain] .s.d.r.c.RepositoryConfigurationDelegate : Finished Spring Data repository scanning in 113 ms. Found 4 JPA repository interfaces.
2025-02-25T00:33:15.028+01:00  INFO 12252 --- [restapp] [restartedMain] o.s.b.w.embedded.tomcat.TomcatWebServer  : Tomcat initialized with port 8080 (http)
2025-02-25T00:33:15.052+01:00  INFO 12252 --- [restapp] [restartedMain] o.apache.catalina.core.StandardService   : Starting service [Tomcat]
2025-02-25T00:33:15.053+01:00  INFO 12252 --- [restapp] [restartedMain] o.apache.catalina.core.StandardEngine    : Starting Servlet engine: [Apache Tomcat/10.1.34]
2025-02-25T00:33:15.135+01:00  INFO 12252 --- [restapp] [restartedMain] o.a.c.c.C.[Tomcat].[localhost].[/]       : Initializing Spring embedded WebApplicationContext
2025-02-25T00:33:15.136+01:00  INFO 12252 --- [restapp] [restartedMain] w.s.c.ServletWebServerApplicationContext : Root WebApplicationContext: initialization completed in 2831 ms
2025-02-25T00:33:15.361+01:00  INFO 12252 --- [restapp] [restartedMain] com.zaxxer.hikari.HikariDataSource       : HikariPool-1 - Starting...
2025-02-25T00:33:15.659+01:00  INFO 12252 --- [restapp] [restartedMain] com.zaxxer.hikari.pool.HikariPool        : HikariPool-1 - Added connection conn0: url=jdbc:h2:mem:test user=SA
2025-02-25T00:33:15.662+01:00  INFO 12252 --- [restapp] [restartedMain] com.zaxxer.hikari.HikariDataSource       : HikariPool-1 - Start completed.
2025-02-25T00:33:15.769+01:00  INFO 12252 --- [restapp] [restartedMain] o.hibernate.jpa.internal.util.LogHelper  : HHH000204: Processing PersistenceUnitInfo [name: default]
2025-02-25T00:33:15.860+01:00  INFO 12252 --- [restapp] [restartedMain] org.hibernate.Version                    : HHH000412: Hibernate ORM core version 6.6.5.Final
2025-02-25T00:33:15.930+01:00  INFO 12252 --- [restapp] [restartedMain] o.h.c.internal.RegionFactoryInitiator    : HHH000026: Second-level cache disabled
2025-02-25T00:33:16.399+01:00  INFO 12252 --- [restapp] [restartedMain] o.s.o.j.p.SpringPersistenceUnitInfo      : No LoadTimeWeaver setup: ignoring JPA class transformer
2025-02-25T00:33:16.548+01:00  INFO 12252 --- [restapp] [restartedMain] org.hibernate.orm.connections.pooling    : HHH10001005: Database info:
	Database JDBC URL [Connecting through datasource 'HikariDataSource (HikariPool-1)']
	Database driver: undefined/unknown
	Database version: 2.3.232
	Autocommit mode: undefined/unknown
	Isolation level: undefined/unknown
	Minimum pool size: undefined/unknown
	Maximum pool size: undefined/unknown
2025-02-25T00:33:17.829+01:00  INFO 12252 --- [restapp] [restartedMain] o.h.e.t.j.p.i.JtaPlatformInitiator       : HHH000489: No JTA platform available (set 'hibernate.transaction.jta.platform' to enable JTA platform integration)
2025-02-25T00:33:17.894+01:00  INFO 12252 --- [restapp] [restartedMain] j.LocalContainerEntityManagerFactoryBean : Initialized JPA EntityManagerFactory for persistence unit 'default'
2025-02-25T00:33:18.644+01:00  WARN 12252 --- [restapp] [restartedMain] JpaBaseConfiguration$JpaWebConfiguration : spring.jpa.open-in-view is enabled by default. Therefore, database queries may be performed during view rendering. Explicitly configure spring.jpa.open-in-view to disable this warning
2025-02-25T00:33:18.719+01:00  INFO 12252 --- [restapp] [restartedMain] o.s.v.b.OptionalValidatorFactoryBean     : Failed to set up a Bean Validation provider: jakarta.validation.NoProviderFoundException: Unable to create a Configuration, because no Jakarta Bean Validation provider could be found. Add a provider like Hibernate Validator (RI) to your classpath.
2025-02-25T00:33:20.359+01:00  INFO 12252 --- [restapp] [restartedMain] o.s.b.a.h2.H2ConsoleAutoConfiguration    : H2 console available at '/h2-console'. Database available at 'jdbc:h2:mem:test'
2025-02-25T00:33:20.478+01:00  INFO 12252 --- [restapp] [restartedMain] o.s.b.d.a.OptionalLiveReloadServer       : LiveReload server is running on port 35729
2025-02-25T00:33:20.537+01:00  INFO 12252 --- [restapp] [restartedMain] o.s.b.w.embedded.tomcat.TomcatWebServer  : Tomcat started on port 8080 (http) with context path '/'
2025-02-25T00:33:20.555+01:00  INFO 12252 --- [restapp] [restartedMain] be.labil.restapp.RestappApplication      : Started RestappApplication in 9.31 seconds (process running for 10.379)
2025-02-25T00:33:29.556+01:00  INFO 12252 --- [restapp] [http-nio-8080-exec-3] o.a.c.c.C.[Tomcat].[localhost].[/]       : Initializing Spring DispatcherServlet 'dispatcherServlet'
2025-02-25T00:33:29.557+01:00  INFO 12252 --- [restapp] [http-nio-8080-exec-3] o.s.web.servlet.DispatcherServlet        : Initializing Servlet 'dispatcherServlet'
2025-02-25T00:33:29.559+01:00  INFO 12252 --- [restapp] [http-nio-8080-exec-3] o.s.web.servlet.DispatcherServlet        : Completed initialization in 2 ms
2025-02-25T00:34:53.725+01:00  INFO 12252 --- [restapp] [SpringApplicationShutdownHook] o.s.b.w.e.tomcat.GracefulShutdown        : Commencing graceful shutdown. Waiting for active requests to complete
2025-02-25T00:34:53.764+01:00  INFO 12252 --- [restapp] [tomcat-shutdown] o.s.b.w.e.tomcat.GracefulShutdown        : Graceful shutdown complete
2025-02-25T00:34:53.773+01:00  INFO 12252 --- [restapp] [SpringApplicationShutdownHook] j.LocalContainerEntityManagerFactoryBean : Closing JPA EntityManagerFactory for persistence unit 'default'
2025-02-25T00:34:53.792+01:00  WARN 12252 --- [restapp] [SpringApplicationShutdownHook] o.s.b.f.support.DisposableBeanAdapter    : Invocation of destroy method failed on bean with name 'inMemoryDatabaseShutdownExecutor': org.h2.jdbc.JdbcSQLNonTransientConnectionException: La base de données est déjà fermée (pour désactiver la fermeture automatique à l'arrêt de la VM, ajoutez "; DB_CLOSE_ON_EXIT = FALSE" à l'URL db)
Database is already closed (to disable automatic closing at VM shutdown, add ";DB_CLOSE_ON_EXIT=FALSE" to the db URL) [90121-232]
2025-02-25T00:34:53.793+01:00  INFO 12252 --- [restapp] [SpringApplicationShutdownHook] com.zaxxer.hikari.HikariDataSource       : HikariPool-1 - Shutdown initiated...
2025-02-25T00:34:53.795+01:00  INFO 12252 --- [restapp] [SpringApplicationShutdownHook] com.zaxxer.hikari.HikariDataSource       : HikariPool-1 - Shutdown completed.
2025-02-25T00:35:26.882+01:00  INFO 14220 --- [restapp] [restartedMain] be.labil.restapp.RestappApplication      : Starting RestappApplication using Java 21.0.6 with PID 14220 (C:\Elachhab\Unamur\cours\GenieLogiciel\Labo\restapp\target\classes started by abdellah.elachhab in C:\Elachhab\Unamur\cours\GenieLogiciel\Labo\restapp)
2025-02-25T00:35:26.888+01:00  INFO 14220 --- [restapp] [restartedMain] be.labil.restapp.RestappApplication      : No active profile set, falling back to 1 default profile: "default"
2025-02-25T00:35:27.001+01:00  INFO 14220 --- [restapp] [restartedMain] .e.DevToolsPropertyDefaultsPostProcessor : Devtools property defaults active! Set 'spring.devtools.add-properties' to 'false' to disable
2025-02-25T00:35:27.002+01:00  INFO 14220 --- [restapp] [restartedMain] .e.DevToolsPropertyDefaultsPostProcessor : For additional web related logging consider setting the 'logging.level.web' property to 'DEBUG'
2025-02-25T00:35:28.678+01:00  INFO 14220 --- [restapp] [restartedMain] .s.d.r.c.RepositoryConfigurationDelegate : Bootstrapping Spring Data JPA repositories in DEFAULT mode.
2025-02-25T00:35:28.845+01:00  INFO 14220 --- [restapp] [restartedMain] .s.d.r.c.RepositoryConfigurationDelegate : Finished Spring Data repository scanning in 148 ms. Found 4 JPA repository interfaces.
2025-02-25T00:35:30.104+01:00  INFO 14220 --- [restapp] [restartedMain] o.s.b.w.embedded.tomcat.TomcatWebServer  : Tomcat initialized with port 8080 (http)
2025-02-25T00:35:30.132+01:00  INFO 14220 --- [restapp] [restartedMain] o.apache.catalina.core.StandardService   : Starting service [Tomcat]
2025-02-25T00:35:30.133+01:00  INFO 14220 --- [restapp] [restartedMain] o.apache.catalina.core.StandardEngine    : Starting Servlet engine: [Apache Tomcat/10.1.34]
2025-02-25T00:35:30.265+01:00  INFO 14220 --- [restapp] [restartedMain] o.a.c.c.C.[Tomcat].[localhost].[/]       : Initializing Spring embedded WebApplicationContext
2025-02-25T00:35:30.267+01:00  INFO 14220 --- [restapp] [restartedMain] w.s.c.ServletWebServerApplicationContext : Root WebApplicationContext: initialization completed in 3265 ms
2025-02-25T00:35:30.534+01:00  INFO 14220 --- [restapp] [restartedMain] com.zaxxer.hikari.HikariDataSource       : HikariPool-1 - Starting...
2025-02-25T00:35:30.893+01:00  INFO 14220 --- [restapp] [restartedMain] com.zaxxer.hikari.pool.HikariPool        : HikariPool-1 - Added connection conn0: url=jdbc:h2:mem:test user=SA
2025-02-25T00:35:30.898+01:00  INFO 14220 --- [restapp] [restartedMain] com.zaxxer.hikari.HikariDataSource       : HikariPool-1 - Start completed.
2025-02-25T00:35:31.012+01:00  INFO 14220 --- [restapp] [restartedMain] o.hibernate.jpa.internal.util.LogHelper  : HHH000204: Processing PersistenceUnitInfo [name: default]
2025-02-25T00:35:31.134+01:00  INFO 14220 --- [restapp] [restartedMain] org.hibernate.Version                    : HHH000412: Hibernate ORM core version 6.6.5.Final
2025-02-25T00:35:31.207+01:00  INFO 14220 --- [restapp] [restartedMain] o.h.c.internal.RegionFactoryInitiator    : HHH000026: Second-level cache disabled
2025-02-25T00:35:31.849+01:00  INFO 14220 --- [restapp] [restartedMain] o.s.o.j.p.SpringPersistenceUnitInfo      : No LoadTimeWeaver setup: ignoring JPA class transformer
2025-02-25T00:35:32.010+01:00  INFO 14220 --- [restapp] [restartedMain] org.hibernate.orm.connections.pooling    : HHH10001005: Database info:
	Database JDBC URL [Connecting through datasource 'HikariDataSource (HikariPool-1)']
	Database driver: undefined/unknown
	Database version: 2.3.232
	Autocommit mode: undefined/unknown
	Isolation level: undefined/unknown
	Minimum pool size: undefined/unknown
	Maximum pool size: undefined/unknown
2025-02-25T00:35:33.582+01:00  INFO 14220 --- [restapp] [restartedMain] o.h.e.t.j.p.i.JtaPlatformInitiator       : HHH000489: No JTA platform available (set 'hibernate.transaction.jta.platform' to enable JTA platform integration)
2025-02-25T00:35:33.666+01:00  INFO 14220 --- [restapp] [restartedMain] j.LocalContainerEntityManagerFactoryBean : Initialized JPA EntityManagerFactory for persistence unit 'default'
2025-02-25T00:35:34.529+01:00  WARN 14220 --- [restapp] [restartedMain] JpaBaseConfiguration$JpaWebConfiguration : spring.jpa.open-in-view is enabled by default. Therefore, database queries may be performed during view rendering. Explicitly configure spring.jpa.open-in-view to disable this warning
2025-02-25T00:35:34.618+01:00  INFO 14220 --- [restapp] [restartedMain] o.s.v.b.OptionalValidatorFactoryBean     : Failed to set up a Bean Validation provider: jakarta.validation.NoProviderFoundException: Unable to create a Configuration, because no Jakarta Bean Validation provider could be found. Add a provider like Hibernate Validator (RI) to your classpath.
2025-02-25T00:35:36.675+01:00  INFO 14220 --- [restapp] [restartedMain] o.s.b.a.h2.H2ConsoleAutoConfiguration    : H2 console available at '/h2-console'. Database available at 'jdbc:h2:mem:test'
2025-02-25T00:35:36.854+01:00  INFO 14220 --- [restapp] [restartedMain] o.s.b.d.a.OptionalLiveReloadServer       : LiveReload server is running on port 35729
2025-02-25T00:35:36.942+01:00  INFO 14220 --- [restapp] [restartedMain] o.s.b.w.embedded.tomcat.TomcatWebServer  : Tomcat started on port 8080 (http) with context path '/'
2025-02-25T00:35:36.966+01:00  INFO 14220 --- [restapp] [restartedMain] be.labil.restapp.RestappApplication      : Started RestappApplication in 11.272 seconds (process running for 12.465)
2025-02-25T00:35:48.238+01:00  INFO 14220 --- [restapp] [http-nio-8080-exec-1] o.a.c.c.C.[Tomcat].[localhost].[/]       : Initializing Spring DispatcherServlet 'dispatcherServlet'
2025-02-25T00:35:48.238+01:00  INFO 14220 --- [restapp] [http-nio-8080-exec-1] o.s.web.servlet.DispatcherServlet        : Initializing Servlet 'dispatcherServlet'
2025-02-25T00:35:48.240+01:00  INFO 14220 --- [restapp] [http-nio-8080-exec-1] o.s.web.servlet.DispatcherServlet        : Completed initialization in 1 ms
2025-02-25T00:38:24.785+01:00  INFO 14220 --- [restapp] [File Watcher] rtingClassPathChangeChangedEventListener : Restarting due to 1 class path change (0 additions, 1 deletion, 0 modifications)
2025-02-25T00:38:24.792+01:00  INFO 14220 --- [restapp] [Thread-5] o.s.b.w.e.tomcat.GracefulShutdown        : Commencing graceful shutdown. Waiting for active requests to complete
2025-02-25T00:38:24.827+01:00  INFO 14220 --- [restapp] [tomcat-shutdown] o.s.b.w.e.tomcat.GracefulShutdown        : Graceful shutdown complete
2025-02-25T00:38:24.834+01:00  INFO 14220 --- [restapp] [Thread-5] j.LocalContainerEntityManagerFactoryBean : Closing JPA EntityManagerFactory for persistence unit 'default'
2025-02-25T00:38:24.851+01:00  WARN 14220 --- [restapp] [Thread-5] o.s.b.f.support.DisposableBeanAdapter    : Invocation of destroy method failed on bean with name 'inMemoryDatabaseShutdownExecutor': org.h2.jdbc.JdbcSQLNonTransientConnectionException: La base de données est déjà fermée (pour désactiver la fermeture automatique à l'arrêt de la VM, ajoutez "; DB_CLOSE_ON_EXIT = FALSE" à l'URL db)
Database is already closed (to disable automatic closing at VM shutdown, add ";DB_CLOSE_ON_EXIT=FALSE" to the db URL) [90121-232]
2025-02-25T00:38:24.852+01:00  INFO 14220 --- [restapp] [Thread-5] com.zaxxer.hikari.HikariDataSource       : HikariPool-1 - Shutdown initiated...
2025-02-25T00:38:24.856+01:00  INFO 14220 --- [restapp] [Thread-5] com.zaxxer.hikari.HikariDataSource       : HikariPool-1 - Shutdown completed.
2025-02-25T00:38:25.027+01:00  INFO 14220 --- [restapp] [restartedMain] be.labil.restapp.RestappApplication      : Starting RestappApplication using Java 21.0.6 with PID 14220 (C:\Elachhab\Unamur\cours\GenieLogiciel\Labo\restapp\target\classes started by abdellah.elachhab in C:\Elachhab\Unamur\cours\GenieLogiciel\Labo\restapp)
2025-02-25T00:38:25.028+01:00  INFO 14220 --- [restapp] [restartedMain] be.labil.restapp.RestappApplication      : No active profile set, falling back to 1 default profile: "default"
2025-02-25T00:38:25.610+01:00  INFO 14220 --- [restapp] [restartedMain] .s.d.r.c.RepositoryConfigurationDelegate : Bootstrapping Spring Data JPA repositories in DEFAULT mode.
2025-02-25T00:38:25.664+01:00  INFO 14220 --- [restapp] [restartedMain] .s.d.r.c.RepositoryConfigurationDelegate : Finished Spring Data repository scanning in 52 ms. Found 4 JPA repository interfaces.
2025-02-25T00:38:25.865+01:00  INFO 14220 --- [restapp] [restartedMain] o.s.b.w.embedded.tomcat.TomcatWebServer  : Tomcat initialized with port 8080 (http)
2025-02-25T00:38:25.867+01:00  INFO 14220 --- [restapp] [restartedMain] o.apache.catalina.core.StandardService   : Starting service [Tomcat]
2025-02-25T00:38:25.867+01:00  INFO 14220 --- [restapp] [restartedMain] o.apache.catalina.core.StandardEngine    : Starting Servlet engine: [Apache Tomcat/10.1.34]
2025-02-25T00:38:25.915+01:00  INFO 14220 --- [restapp] [restartedMain] o.a.c.c.C.[Tomcat].[localhost].[/]       : Initializing Spring embedded WebApplicationContext
2025-02-25T00:38:25.916+01:00  INFO 14220 --- [restapp] [restartedMain] w.s.c.ServletWebServerApplicationContext : Root WebApplicationContext: initialization completed in 882 ms
2025-02-25T00:38:25.965+01:00  INFO 14220 --- [restapp] [restartedMain] com.zaxxer.hikari.HikariDataSource       : HikariPool-2 - Starting...
2025-02-25T00:38:25.969+01:00  INFO 14220 --- [restapp] [restartedMain] com.zaxxer.hikari.pool.HikariPool        : HikariPool-2 - Added connection conn10: url=jdbc:h2:mem:test user=SA
2025-02-25T00:38:25.969+01:00  INFO 14220 --- [restapp] [restartedMain] com.zaxxer.hikari.HikariDataSource       : HikariPool-2 - Start completed.
2025-02-25T00:38:25.983+01:00  INFO 14220 --- [restapp] [restartedMain] o.hibernate.jpa.internal.util.LogHelper  : HHH000204: Processing PersistenceUnitInfo [name: default]
2025-02-25T00:38:25.987+01:00  INFO 14220 --- [restapp] [restartedMain] o.h.c.internal.RegionFactoryInitiator    : HHH000026: Second-level cache disabled
2025-02-25T00:38:26.006+01:00  INFO 14220 --- [restapp] [restartedMain] o.s.o.j.p.SpringPersistenceUnitInfo      : No LoadTimeWeaver setup: ignoring JPA class transformer
2025-02-25T00:38:26.009+01:00  INFO 14220 --- [restapp] [restartedMain] org.hibernate.orm.connections.pooling    : HHH10001005: Database info:
	Database JDBC URL [Connecting through datasource 'HikariDataSource (HikariPool-2)']
	Database driver: undefined/unknown
	Database version: 2.3.232
	Autocommit mode: undefined/unknown
	Isolation level: undefined/unknown
	Minimum pool size: undefined/unknown
	Maximum pool size: undefined/unknown
2025-02-25T00:38:26.164+01:00  INFO 14220 --- [restapp] [restartedMain] o.h.e.t.j.p.i.JtaPlatformInitiator       : HHH000489: No JTA platform available (set 'hibernate.transaction.jta.platform' to enable JTA platform integration)
2025-02-25T00:38:26.181+01:00  INFO 14220 --- [restapp] [restartedMain] j.LocalContainerEntityManagerFactoryBean : Initialized JPA EntityManagerFactory for persistence unit 'default'
2025-02-25T00:38:26.360+01:00  WARN 14220 --- [restapp] [restartedMain] ConfigServletWebServerApplicationContext : Exception encountered during context initialization - cancelling refresh attempt: org.springframework.beans.factory.BeanCreationException: Error creating bean with name 'noteController': Lookup method resolution failed
2025-02-25T00:38:26.361+01:00  INFO 14220 --- [restapp] [restartedMain] j.LocalContainerEntityManagerFactoryBean : Closing JPA EntityManagerFactory for persistence unit 'default'
2025-02-25T00:38:26.366+01:00  WARN 14220 --- [restapp] [restartedMain] o.s.b.f.support.DisposableBeanAdapter    : Invocation of destroy method failed on bean with name 'inMemoryDatabaseShutdownExecutor': org.h2.jdbc.JdbcSQLNonTransientConnectionException: La base de données est déjà fermée (pour désactiver la fermeture automatique à l'arrêt de la VM, ajoutez "; DB_CLOSE_ON_EXIT = FALSE" à l'URL db)
Database is already closed (to disable automatic closing at VM shutdown, add ";DB_CLOSE_ON_EXIT=FALSE" to the db URL) [90121-232]
2025-02-25T00:38:26.367+01:00  INFO 14220 --- [restapp] [restartedMain] com.zaxxer.hikari.HikariDataSource       : HikariPool-2 - Shutdown initiated...
2025-02-25T00:38:26.369+01:00  INFO 14220 --- [restapp] [restartedMain] com.zaxxer.hikari.HikariDataSource       : HikariPool-2 - Shutdown completed.
2025-02-25T00:38:26.371+01:00  INFO 14220 --- [restapp] [restartedMain] o.apache.catalina.core.StandardService   : Stopping service [Tomcat]
2025-02-25T00:38:26.387+01:00  INFO 14220 --- [restapp] [restartedMain] .s.b.a.l.ConditionEvaluationReportLogger : 

Error starting ApplicationContext. To display the condition evaluation report re-run your application with 'debug' enabled.
2025-02-25T00:38:26.433+01:00 ERROR 14220 --- [restapp] [restartedMain] o.s.boot.SpringApplication               : Application run failed

org.springframework.beans.factory.BeanCreationException: Error creating bean with name 'noteController': Lookup method resolution failed
	at org.springframework.beans.factory.annotation.AutowiredAnnotationBeanPostProcessor.checkLookupMethods(AutowiredAnnotationBeanPostProcessor.java:498) ~[spring-beans-6.2.2.jar:6.2.2]
	at org.springframework.beans.factory.annotation.AutowiredAnnotationBeanPostProcessor.determineCandidateConstructors(AutowiredAnnotationBeanPostProcessor.java:368) ~[spring-beans-6.2.2.jar:6.2.2]
	at org.springframework.beans.factory.support.AbstractAutowireCapableBeanFactory.determineConstructorsFromBeanPostProcessors(AbstractAutowireCapableBeanFactory.java:1320) ~[spring-beans-6.2.2.jar:6.2.2]
	at org.springframework.beans.factory.support.AbstractAutowireCapableBeanFactory.createBeanInstance(AbstractAutowireCapableBeanFactory.java:1215) ~[spring-beans-6.2.2.jar:6.2.2]
	at org.springframework.beans.factory.support.AbstractAutowireCapableBeanFactory.doCreateBean(AbstractAutowireCapableBeanFactory.java:563) ~[spring-beans-6.2.2.jar:6.2.2]
	at org.springframework.beans.factory.support.AbstractAutowireCapableBeanFactory.createBean(AbstractAutowireCapableBeanFactory.java:523) ~[spring-beans-6.2.2.jar:6.2.2]
	at org.springframework.beans.factory.support.AbstractBeanFactory.lambda$doGetBean$0(AbstractBeanFactory.java:336) ~[spring-beans-6.2.2.jar:6.2.2]
	at org.springframework.beans.factory.support.DefaultSingletonBeanRegistry.getSingleton(DefaultSingletonBeanRegistry.java:307) ~[spring-beans-6.2.2.jar:6.2.2]
	at org.springframework.beans.factory.support.AbstractBeanFactory.doGetBean(AbstractBeanFactory.java:334) ~[spring-beans-6.2.2.jar:6.2.2]
	at org.springframework.beans.factory.support.AbstractBeanFactory.getBean(AbstractBeanFactory.java:199) ~[spring-beans-6.2.2.jar:6.2.2]
	at org.springframework.beans.factory.support.DefaultListableBeanFactory.instantiateSingleton(DefaultListableBeanFactory.java:1122) ~[spring-beans-6.2.2.jar:6.2.2]
	at org.springframework.beans.factory.support.DefaultListableBeanFactory.preInstantiateSingleton(DefaultListableBeanFactory.java:1093) ~[spring-beans-6.2.2.jar:6.2.2]
	at org.springframework.beans.factory.support.DefaultListableBeanFactory.preInstantiateSingletons(DefaultListableBeanFactory.java:1030) ~[spring-beans-6.2.2.jar:6.2.2]
	at org.springframework.context.support.AbstractApplicationContext.finishBeanFactoryInitialization(AbstractApplicationContext.java:987) ~[spring-context-6.2.2.jar:6.2.2]
	at org.springframework.context.support.AbstractApplicationContext.refresh(AbstractApplicationContext.java:627) ~[spring-context-6.2.2.jar:6.2.2]
	at org.springframework.boot.web.servlet.context.ServletWebServerApplicationContext.refresh(ServletWebServerApplicationContext.java:146) ~[spring-boot-3.4.2.jar:3.4.2]
	at org.springframework.boot.SpringApplication.refresh(SpringApplication.java:752) ~[spring-boot-3.4.2.jar:3.4.2]
	at org.springframework.boot.SpringApplication.refreshContext(SpringApplication.java:439) ~[spring-boot-3.4.2.jar:3.4.2]
	at org.springframework.boot.SpringApplication.run(SpringApplication.java:318) ~[spring-boot-3.4.2.jar:3.4.2]
	at org.springframework.boot.SpringApplication.run(SpringApplication.java:1361) ~[spring-boot-3.4.2.jar:3.4.2]
	at org.springframework.boot.SpringApplication.run(SpringApplication.java:1350) ~[spring-boot-3.4.2.jar:3.4.2]
	at be.labil.restapp.RestappApplication.main(RestappApplication.java:10) ~[classes/:na]
	at java.base/jdk.internal.reflect.DirectMethodHandleAccessor.invoke(DirectMethodHandleAccessor.java:103) ~[na:na]
	at java.base/java.lang.reflect.Method.invoke(Method.java:580) ~[na:na]
	at org.springframework.boot.devtools.restart.RestartLauncher.run(RestartLauncher.java:50) ~[spring-boot-devtools-3.4.2.jar:3.4.2]
Caused by: java.lang.IllegalStateException: Failed to introspect Class [be.labil.restapp.controllers.NoteController] from ClassLoader [org.springframework.boot.devtools.restart.classloader.RestartClassLoader@36c96633]
	at org.springframework.util.ReflectionUtils.getDeclaredMethods(ReflectionUtils.java:483) ~[spring-core-6.2.2.jar:6.2.2]
	at org.springframework.util.ReflectionUtils.doWithLocalMethods(ReflectionUtils.java:320) ~[spring-core-6.2.2.jar:6.2.2]
	at org.springframework.beans.factory.annotation.AutowiredAnnotationBeanPostProcessor.checkLookupMethods(AutowiredAnnotationBeanPostProcessor.java:476) ~[spring-beans-6.2.2.jar:6.2.2]
	... 24 common frames omitted
Caused by: java.lang.NoClassDefFoundError: be/labil/restapp/domain/dtos/NoteDto
	at java.base/java.lang.Class.getDeclaredMethods0(Native Method) ~[na:na]
	at java.base/java.lang.Class.privateGetDeclaredMethods(Class.java:3578) ~[na:na]
	at java.base/java.lang.Class.getDeclaredMethods(Class.java:2676) ~[na:na]
	at org.springframework.util.ReflectionUtils.getDeclaredMethods(ReflectionUtils.java:465) ~[spring-core-6.2.2.jar:6.2.2]
	... 26 common frames omitted
Caused by: java.lang.ClassNotFoundException: be.labil.restapp.domain.dtos.NoteDto
	at java.base/jdk.internal.loader.BuiltinClassLoader.loadClass(BuiltinClassLoader.java:641) ~[na:na]
	at java.base/jdk.internal.loader.ClassLoaders$AppClassLoader.loadClass(ClassLoaders.java:188) ~[na:na]
	at java.base/java.lang.ClassLoader.loadClass(ClassLoader.java:526) ~[na:na]
	at java.base/java.lang.Class.forName0(Native Method) ~[na:na]
	at java.base/java.lang.Class.forName(Class.java:534) ~[na:na]
	at java.base/java.lang.Class.forName(Class.java:513) ~[na:na]
	at org.springframework.boot.devtools.restart.classloader.RestartClassLoader.loadClass(RestartClassLoader.java:121) ~[spring-boot-devtools-3.4.2.jar:3.4.2]
	at java.base/java.lang.ClassLoader.loadClass(ClassLoader.java:526) ~[na:na]
	... 30 common frames omitted

2025-02-25T00:38:28.008+01:00  INFO 14220 --- [restapp] [restartedMain] be.labil.restapp.RestappApplication      : Starting RestappApplication using Java 21.0.6 with PID 14220 (C:\Elachhab\Unamur\cours\GenieLogiciel\Labo\restapp\target\classes started by abdellah.elachhab in C:\Elachhab\Unamur\cours\GenieLogiciel\Labo\restapp)
2025-02-25T00:38:28.009+01:00  INFO 14220 --- [restapp] [restartedMain] be.labil.restapp.RestappApplication      : No active profile set, falling back to 1 default profile: "default"
2025-02-25T00:38:28.501+01:00  INFO 14220 --- [restapp] [restartedMain] .s.d.r.c.RepositoryConfigurationDelegate : Bootstrapping Spring Data JPA repositories in DEFAULT mode.
2025-02-25T00:38:28.549+01:00  INFO 14220 --- [restapp] [restartedMain] .s.d.r.c.RepositoryConfigurationDelegate : Finished Spring Data repository scanning in 45 ms. Found 4 JPA repository interfaces.
2025-02-25T00:38:28.745+01:00  INFO 14220 --- [restapp] [restartedMain] o.s.b.w.embedded.tomcat.TomcatWebServer  : Tomcat initialized with port 8080 (http)
2025-02-25T00:38:28.746+01:00  INFO 14220 --- [restapp] [restartedMain] o.apache.catalina.core.StandardService   : Starting service [Tomcat]
2025-02-25T00:38:28.746+01:00  INFO 14220 --- [restapp] [restartedMain] o.apache.catalina.core.StandardEngine    : Starting Servlet engine: [Apache Tomcat/10.1.34]
2025-02-25T00:38:28.782+01:00  INFO 14220 --- [restapp] [restartedMain] o.a.c.c.C.[Tomcat-1].[localhost].[/]     : Initializing Spring embedded WebApplicationContext
2025-02-25T00:38:28.782+01:00  INFO 14220 --- [restapp] [restartedMain] w.s.c.ServletWebServerApplicationContext : Root WebApplicationContext: initialization completed in 765 ms
2025-02-25T00:38:28.816+01:00  INFO 14220 --- [restapp] [restartedMain] com.zaxxer.hikari.HikariDataSource       : HikariPool-3 - Starting...
2025-02-25T00:38:28.818+01:00  INFO 14220 --- [restapp] [restartedMain] com.zaxxer.hikari.pool.HikariPool        : HikariPool-3 - Added connection conn19: url=jdbc:h2:mem:test user=SA
2025-02-25T00:38:28.818+01:00  INFO 14220 --- [restapp] [restartedMain] com.zaxxer.hikari.HikariDataSource       : HikariPool-3 - Start completed.
2025-02-25T00:38:28.829+01:00  INFO 14220 --- [restapp] [restartedMain] o.hibernate.jpa.internal.util.LogHelper  : HHH000204: Processing PersistenceUnitInfo [name: default]
2025-02-25T00:38:28.833+01:00  INFO 14220 --- [restapp] [restartedMain] o.h.c.internal.RegionFactoryInitiator    : HHH000026: Second-level cache disabled
2025-02-25T00:38:28.855+01:00  INFO 14220 --- [restapp] [restartedMain] o.s.o.j.p.SpringPersistenceUnitInfo      : No LoadTimeWeaver setup: ignoring JPA class transformer
2025-02-25T00:38:28.857+01:00  INFO 14220 --- [restapp] [restartedMain] org.hibernate.orm.connections.pooling    : HHH10001005: Database info:
	Database JDBC URL [Connecting through datasource 'HikariDataSource (HikariPool-3)']
	Database driver: undefined/unknown
	Database version: 2.3.232
	Autocommit mode: undefined/unknown
	Isolation level: undefined/unknown
	Minimum pool size: undefined/unknown
	Maximum pool size: undefined/unknown
2025-02-25T00:38:28.969+01:00  INFO 14220 --- [restapp] [restartedMain] o.h.e.t.j.p.i.JtaPlatformInitiator       : HHH000489: No JTA platform available (set 'hibernate.transaction.jta.platform' to enable JTA platform integration)
2025-02-25T00:38:28.981+01:00  INFO 14220 --- [restapp] [restartedMain] j.LocalContainerEntityManagerFactoryBean : Initialized JPA EntityManagerFactory for persistence unit 'default'
2025-02-25T00:38:29.134+01:00  WARN 14220 --- [restapp] [restartedMain] JpaBaseConfiguration$JpaWebConfiguration : spring.jpa.open-in-view is enabled by default. Therefore, database queries may be performed during view rendering. Explicitly configure spring.jpa.open-in-view to disable this warning
2025-02-25T00:38:29.155+01:00  INFO 14220 --- [restapp] [restartedMain] o.s.v.b.OptionalValidatorFactoryBean     : Failed to set up a Bean Validation provider: jakarta.validation.NoProviderFoundException: Unable to create a Configuration, because no Jakarta Bean Validation provider could be found. Add a provider like Hibernate Validator (RI) to your classpath.
2025-02-25T00:38:29.927+01:00  INFO 14220 --- [restapp] [restartedMain] o.s.b.a.h2.H2ConsoleAutoConfiguration    : H2 console available at '/h2-console'. Database available at 'jdbc:h2:mem:test'
2025-02-25T00:38:29.951+01:00  INFO 14220 --- [restapp] [restartedMain] o.s.b.d.a.OptionalLiveReloadServer       : LiveReload server is running on port 35729
2025-02-25T00:38:29.965+01:00  INFO 14220 --- [restapp] [restartedMain] o.s.b.w.embedded.tomcat.TomcatWebServer  : Tomcat started on port 8080 (http) with context path '/'
2025-02-25T00:38:29.970+01:00  INFO 14220 --- [restapp] [restartedMain] be.labil.restapp.RestappApplication      : Started RestappApplication in 2.009 seconds (process running for 185.467)
2025-02-25T00:38:29.973+01:00  INFO 14220 --- [restapp] [restartedMain] .ConditionEvaluationDeltaLoggingListener : Condition evaluation unchanged
2025-02-25T00:38:44.139+01:00  INFO 14220 --- [restapp] [http-nio-8080-exec-2] o.a.c.c.C.[Tomcat-1].[localhost].[/]     : Initializing Spring DispatcherServlet 'dispatcherServlet'
2025-02-25T00:38:44.139+01:00  INFO 14220 --- [restapp] [http-nio-8080-exec-2] o.s.web.servlet.DispatcherServlet        : Initializing Servlet 'dispatcherServlet'
2025-02-25T00:38:44.140+01:00  INFO 14220 --- [restapp] [http-nio-8080-exec-2] o.s.web.servlet.DispatcherServlet        : Completed initialization in 1 ms
2025-02-25T00:39:17.992+01:00  INFO 14220 --- [restapp] [SpringApplicationShutdownHook] o.s.b.w.e.tomcat.GracefulShutdown        : Commencing graceful shutdown. Waiting for active requests to complete
2025-02-25T00:39:18.021+01:00  INFO 14220 --- [restapp] [tomcat-shutdown] o.s.b.w.e.tomcat.GracefulShutdown        : Graceful shutdown complete
2025-02-25T00:39:18.026+01:00  INFO 14220 --- [restapp] [SpringApplicationShutdownHook] j.LocalContainerEntityManagerFactoryBean : Closing JPA EntityManagerFactory for persistence unit 'default'
2025-02-25T00:39:18.029+01:00  WARN 14220 --- [restapp] [SpringApplicationShutdownHook] o.s.b.f.support.DisposableBeanAdapter    : Invocation of destroy method failed on bean with name 'inMemoryDatabaseShutdownExecutor': org.h2.jdbc.JdbcSQLNonTransientConnectionException: La base de données est déjà fermée (pour désactiver la fermeture automatique à l'arrêt de la VM, ajoutez "; DB_CLOSE_ON_EXIT = FALSE" à l'URL db)
Database is already closed (to disable automatic closing at VM shutdown, add ";DB_CLOSE_ON_EXIT=FALSE" to the db URL) [90121-232]
2025-02-25T00:39:18.030+01:00  INFO 14220 --- [restapp] [SpringApplicationShutdownHook] com.zaxxer.hikari.HikariDataSource       : HikariPool-3 - Shutdown initiated...
2025-02-25T00:39:18.030+01:00  INFO 14220 --- [restapp] [SpringApplicationShutdownHook] com.zaxxer.hikari.HikariDataSource       : HikariPool-3 - Shutdown completed.
2025-02-25T00:39:40.392+01:00  INFO 19928 --- [restapp] [restartedMain] be.labil.restapp.RestappApplication      : Starting RestappApplication using Java 21.0.6 with PID 19928 (C:\Elachhab\Unamur\cours\GenieLogiciel\Labo\restapp\target\classes started by abdellah.elachhab in C:\Elachhab\Unamur\cours\GenieLogiciel\Labo\restapp)
2025-02-25T00:39:40.396+01:00  INFO 19928 --- [restapp] [restartedMain] be.labil.restapp.RestappApplication      : No active profile set, falling back to 1 default profile: "default"
2025-02-25T00:39:40.520+01:00  INFO 19928 --- [restapp] [restartedMain] .e.DevToolsPropertyDefaultsPostProcessor : Devtools property defaults active! Set 'spring.devtools.add-properties' to 'false' to disable
2025-02-25T00:39:40.521+01:00  INFO 19928 --- [restapp] [restartedMain] .e.DevToolsPropertyDefaultsPostProcessor : For additional web related logging consider setting the 'logging.level.web' property to 'DEBUG'
2025-02-25T00:39:42.374+01:00  INFO 19928 --- [restapp] [restartedMain] .s.d.r.c.RepositoryConfigurationDelegate : Bootstrapping Spring Data JPA repositories in DEFAULT mode.
2025-02-25T00:39:42.546+01:00  INFO 19928 --- [restapp] [restartedMain] .s.d.r.c.RepositoryConfigurationDelegate : Finished Spring Data repository scanning in 152 ms. Found 4 JPA repository interfaces.
2025-02-25T00:39:43.888+01:00  INFO 19928 --- [restapp] [restartedMain] o.s.b.w.embedded.tomcat.TomcatWebServer  : Tomcat initialized with port 8080 (http)
2025-02-25T00:39:43.929+01:00  INFO 19928 --- [restapp] [restartedMain] o.apache.catalina.core.StandardService   : Starting service [Tomcat]
2025-02-25T00:39:43.930+01:00  INFO 19928 --- [restapp] [restartedMain] o.apache.catalina.core.StandardEngine    : Starting Servlet engine: [Apache Tomcat/10.1.34]
2025-02-25T00:39:44.065+01:00  INFO 19928 --- [restapp] [restartedMain] o.a.c.c.C.[Tomcat].[localhost].[/]       : Initializing Spring embedded WebApplicationContext
2025-02-25T00:39:44.066+01:00  INFO 19928 --- [restapp] [restartedMain] w.s.c.ServletWebServerApplicationContext : Root WebApplicationContext: initialization completed in 3543 ms
2025-02-25T00:39:44.339+01:00  INFO 19928 --- [restapp] [restartedMain] com.zaxxer.hikari.HikariDataSource       : HikariPool-1 - Starting...
2025-02-25T00:39:44.690+01:00  INFO 19928 --- [restapp] [restartedMain] com.zaxxer.hikari.pool.HikariPool        : HikariPool-1 - Added connection conn0: url=jdbc:h2:mem:test user=SA
2025-02-25T00:39:44.694+01:00  INFO 19928 --- [restapp] [restartedMain] com.zaxxer.hikari.HikariDataSource       : HikariPool-1 - Start completed.
2025-02-25T00:39:44.815+01:00  INFO 19928 --- [restapp] [restartedMain] o.hibernate.jpa.internal.util.LogHelper  : HHH000204: Processing PersistenceUnitInfo [name: default]
2025-02-25T00:39:44.929+01:00  INFO 19928 --- [restapp] [restartedMain] org.hibernate.Version                    : HHH000412: Hibernate ORM core version 6.6.5.Final
2025-02-25T00:39:45.004+01:00  INFO 19928 --- [restapp] [restartedMain] o.h.c.internal.RegionFactoryInitiator    : HHH000026: Second-level cache disabled
2025-02-25T00:39:45.647+01:00  INFO 19928 --- [restapp] [restartedMain] o.s.o.j.p.SpringPersistenceUnitInfo      : No LoadTimeWeaver setup: ignoring JPA class transformer
2025-02-25T00:39:45.807+01:00  INFO 19928 --- [restapp] [restartedMain] org.hibernate.orm.connections.pooling    : HHH10001005: Database info:
	Database JDBC URL [Connecting through datasource 'HikariDataSource (HikariPool-1)']
	Database driver: undefined/unknown
	Database version: 2.3.232
	Autocommit mode: undefined/unknown
	Isolation level: undefined/unknown
	Minimum pool size: undefined/unknown
	Maximum pool size: undefined/unknown
2025-02-25T00:39:47.324+01:00  INFO 19928 --- [restapp] [restartedMain] o.h.e.t.j.p.i.JtaPlatformInitiator       : HHH000489: No JTA platform available (set 'hibernate.transaction.jta.platform' to enable JTA platform integration)
2025-02-25T00:39:47.397+01:00  INFO 19928 --- [restapp] [restartedMain] j.LocalContainerEntityManagerFactoryBean : Initialized JPA EntityManagerFactory for persistence unit 'default'
2025-02-25T00:39:48.268+01:00  WARN 19928 --- [restapp] [restartedMain] JpaBaseConfiguration$JpaWebConfiguration : spring.jpa.open-in-view is enabled by default. Therefore, database queries may be performed during view rendering. Explicitly configure spring.jpa.open-in-view to disable this warning
2025-02-25T00:39:48.368+01:00  INFO 19928 --- [restapp] [restartedMain] o.s.v.b.OptionalValidatorFactoryBean     : Failed to set up a Bean Validation provider: jakarta.validation.NoProviderFoundException: Unable to create a Configuration, because no Jakarta Bean Validation provider could be found. Add a provider like Hibernate Validator (RI) to your classpath.
2025-02-25T00:39:50.375+01:00  INFO 19928 --- [restapp] [restartedMain] o.s.b.a.h2.H2ConsoleAutoConfiguration    : H2 console available at '/h2-console'. Database available at 'jdbc:h2:mem:test'
2025-02-25T00:39:50.532+01:00  INFO 19928 --- [restapp] [restartedMain] o.s.b.d.a.OptionalLiveReloadServer       : LiveReload server is running on port 35729
2025-02-25T00:39:50.615+01:00  INFO 19928 --- [restapp] [restartedMain] o.s.b.w.embedded.tomcat.TomcatWebServer  : Tomcat started on port 8080 (http) with context path '/'
2025-02-25T00:39:50.636+01:00  INFO 19928 --- [restapp] [restartedMain] be.labil.restapp.RestappApplication      : Started RestappApplication in 11.436 seconds (process running for 12.885)
2025-02-25T00:39:55.427+01:00  INFO 19928 --- [restapp] [http-nio-8080-exec-2] o.a.c.c.C.[Tomcat].[localhost].[/]       : Initializing Spring DispatcherServlet 'dispatcherServlet'
2025-02-25T00:39:55.427+01:00  INFO 19928 --- [restapp] [http-nio-8080-exec-2] o.s.web.servlet.DispatcherServlet        : Initializing Servlet 'dispatcherServlet'
2025-02-25T00:39:55.430+01:00  INFO 19928 --- [restapp] [http-nio-8080-exec-2] o.s.web.servlet.DispatcherServlet        : Completed initialization in 2 ms
2025-02-25T00:40:20.142+01:00  INFO 19928 --- [restapp] [SpringApplicationShutdownHook] o.s.b.w.e.tomcat.GracefulShutdown        : Commencing graceful shutdown. Waiting for active requests to complete
2025-02-25T00:40:20.168+01:00  INFO 19928 --- [restapp] [tomcat-shutdown] o.s.b.w.e.tomcat.GracefulShutdown        : Graceful shutdown complete
2025-02-25T00:40:20.173+01:00  INFO 19928 --- [restapp] [SpringApplicationShutdownHook] j.LocalContainerEntityManagerFactoryBean : Closing JPA EntityManagerFactory for persistence unit 'default'
2025-02-25T00:40:20.189+01:00  WARN 19928 --- [restapp] [SpringApplicationShutdownHook] o.s.b.f.support.DisposableBeanAdapter    : Invocation of destroy method failed on bean with name 'inMemoryDatabaseShutdownExecutor': org.h2.jdbc.JdbcSQLNonTransientConnectionException: La base de données est déjà fermée (pour désactiver la fermeture automatique à l'arrêt de la VM, ajoutez "; DB_CLOSE_ON_EXIT = FALSE" à l'URL db)
Database is already closed (to disable automatic closing at VM shutdown, add ";DB_CLOSE_ON_EXIT=FALSE" to the db URL) [90121-232]
2025-02-25T00:40:20.190+01:00  INFO 19928 --- [restapp] [SpringApplicationShutdownHook] com.zaxxer.hikari.HikariDataSource       : HikariPool-1 - Shutdown initiated...
2025-02-25T00:40:20.193+01:00  INFO 19928 --- [restapp] [SpringApplicationShutdownHook] com.zaxxer.hikari.HikariDataSource       : HikariPool-1 - Shutdown completed.
2025-02-25T00:41:23.474+01:00  INFO 14200 --- [restapp] [restartedMain] be.labil.restapp.RestappApplication      : Starting RestappApplication using Java 21.0.6 with PID 14200 (C:\Elachhab\Unamur\cours\GenieLogiciel\Labo\restapp\target\classes started by abdellah.elachhab in C:\Elachhab\Unamur\cours\GenieLogiciel\Labo\restapp)
2025-02-25T00:41:23.479+01:00  INFO 14200 --- [restapp] [restartedMain] be.labil.restapp.RestappApplication      : No active profile set, falling back to 1 default profile: "default"
2025-02-25T00:41:23.589+01:00  INFO 14200 --- [restapp] [restartedMain] .e.DevToolsPropertyDefaultsPostProcessor : Devtools property defaults active! Set 'spring.devtools.add-properties' to 'false' to disable
2025-02-25T00:41:23.590+01:00  INFO 14200 --- [restapp] [restartedMain] .e.DevToolsPropertyDefaultsPostProcessor : For additional web related logging consider setting the 'logging.level.web' property to 'DEBUG'
2025-02-25T00:41:25.355+01:00  INFO 14200 --- [restapp] [restartedMain] .s.d.r.c.RepositoryConfigurationDelegate : Bootstrapping Spring Data JPA repositories in DEFAULT mode.
2025-02-25T00:41:25.510+01:00  INFO 14200 --- [restapp] [restartedMain] .s.d.r.c.RepositoryConfigurationDelegate : Finished Spring Data repository scanning in 140 ms. Found 4 JPA repository interfaces.
2025-02-25T00:41:26.759+01:00  INFO 14200 --- [restapp] [restartedMain] o.s.b.w.embedded.tomcat.TomcatWebServer  : Tomcat initialized with port 8080 (http)
2025-02-25T00:41:26.798+01:00  INFO 14200 --- [restapp] [restartedMain] o.apache.catalina.core.StandardService   : Starting service [Tomcat]
2025-02-25T00:41:26.798+01:00  INFO 14200 --- [restapp] [restartedMain] o.apache.catalina.core.StandardEngine    : Starting Servlet engine: [Apache Tomcat/10.1.34]
2025-02-25T00:41:26.963+01:00  INFO 14200 --- [restapp] [restartedMain] o.a.c.c.C.[Tomcat].[localhost].[/]       : Initializing Spring embedded WebApplicationContext
2025-02-25T00:41:26.964+01:00  INFO 14200 --- [restapp] [restartedMain] w.s.c.ServletWebServerApplicationContext : Root WebApplicationContext: initialization completed in 3372 ms
2025-02-25T00:41:27.219+01:00  INFO 14200 --- [restapp] [restartedMain] com.zaxxer.hikari.HikariDataSource       : HikariPool-1 - Starting...
2025-02-25T00:41:27.596+01:00  INFO 14200 --- [restapp] [restartedMain] com.zaxxer.hikari.pool.HikariPool        : HikariPool-1 - Added connection conn0: url=jdbc:h2:mem:test user=SA
2025-02-25T00:41:27.601+01:00  INFO 14200 --- [restapp] [restartedMain] com.zaxxer.hikari.HikariDataSource       : HikariPool-1 - Start completed.
2025-02-25T00:41:27.720+01:00  INFO 14200 --- [restapp] [restartedMain] o.hibernate.jpa.internal.util.LogHelper  : HHH000204: Processing PersistenceUnitInfo [name: default]
2025-02-25T00:41:27.828+01:00  INFO 14200 --- [restapp] [restartedMain] org.hibernate.Version                    : HHH000412: Hibernate ORM core version 6.6.5.Final
2025-02-25T00:41:27.893+01:00  INFO 14200 --- [restapp] [restartedMain] o.h.c.internal.RegionFactoryInitiator    : HHH000026: Second-level cache disabled
2025-02-25T00:41:28.487+01:00  INFO 14200 --- [restapp] [restartedMain] o.s.o.j.p.SpringPersistenceUnitInfo      : No LoadTimeWeaver setup: ignoring JPA class transformer
2025-02-25T00:41:28.660+01:00  INFO 14200 --- [restapp] [restartedMain] org.hibernate.orm.connections.pooling    : HHH10001005: Database info:
	Database JDBC URL [Connecting through datasource 'HikariDataSource (HikariPool-1)']
	Database driver: undefined/unknown
	Database version: 2.3.232
	Autocommit mode: undefined/unknown
	Isolation level: undefined/unknown
	Minimum pool size: undefined/unknown
	Maximum pool size: undefined/unknown
2025-02-25T00:41:30.307+01:00  INFO 14200 --- [restapp] [restartedMain] o.h.e.t.j.p.i.JtaPlatformInitiator       : HHH000489: No JTA platform available (set 'hibernate.transaction.jta.platform' to enable JTA platform integration)
2025-02-25T00:41:30.385+01:00  INFO 14200 --- [restapp] [restartedMain] j.LocalContainerEntityManagerFactoryBean : Initialized JPA EntityManagerFactory for persistence unit 'default'
2025-02-25T00:41:31.286+01:00  WARN 14200 --- [restapp] [restartedMain] JpaBaseConfiguration$JpaWebConfiguration : spring.jpa.open-in-view is enabled by default. Therefore, database queries may be performed during view rendering. Explicitly configure spring.jpa.open-in-view to disable this warning
2025-02-25T00:41:31.381+01:00  INFO 14200 --- [restapp] [restartedMain] o.s.v.b.OptionalValidatorFactoryBean     : Failed to set up a Bean Validation provider: jakarta.validation.NoProviderFoundException: Unable to create a Configuration, because no Jakarta Bean Validation provider could be found. Add a provider like Hibernate Validator (RI) to your classpath.
2025-02-25T00:41:33.651+01:00  INFO 14200 --- [restapp] [restartedMain] o.s.b.a.h2.H2ConsoleAutoConfiguration    : H2 console available at '/h2-console'. Database available at 'jdbc:h2:mem:test'
2025-02-25T00:41:33.849+01:00  INFO 14200 --- [restapp] [restartedMain] o.s.b.d.a.OptionalLiveReloadServer       : LiveReload server is running on port 35729
2025-02-25T00:41:33.961+01:00  INFO 14200 --- [restapp] [restartedMain] o.s.b.w.embedded.tomcat.TomcatWebServer  : Tomcat started on port 8080 (http) with context path '/'
2025-02-25T00:41:33.987+01:00  INFO 14200 --- [restapp] [restartedMain] be.labil.restapp.RestappApplication      : Started RestappApplication in 11.686 seconds (process running for 12.966)
2025-02-25T00:41:37.368+01:00  INFO 14200 --- [restapp] [http-nio-8080-exec-1] o.a.c.c.C.[Tomcat].[localhost].[/]       : Initializing Spring DispatcherServlet 'dispatcherServlet'
2025-02-25T00:41:37.369+01:00  INFO 14200 --- [restapp] [http-nio-8080-exec-1] o.s.web.servlet.DispatcherServlet        : Initializing Servlet 'dispatcherServlet'
2025-02-25T00:41:37.370+01:00  INFO 14200 --- [restapp] [http-nio-8080-exec-1] o.s.web.servlet.DispatcherServlet        : Completed initialization in 1 ms
2025-02-25T00:42:05.202+01:00 ERROR 14200 --- [restapp] [http-nio-8080-exec-7] o.a.c.c.C.[.[.[/].[dispatcherServlet]    : Servlet.service() for servlet [dispatcherServlet] in context with path [] threw exception [Handler dispatch failed: java.lang.StackOverflowError] with root cause

java.lang.StackOverflowError: null
	at be.labil.restapp.domain.mappers.IEtudiantMapperImpl.noteSetToNoteDtoSet(IEtudiantMapperImpl.java:130) ~[classes/:na]
	at be.labil.restapp.domain.mappers.IEtudiantMapperImpl.toDto(IEtudiantMapperImpl.java:53) ~[classes/:na]
	at be.labil.restapp.domain.mappers.IEtudiantMapperImpl.noteToNoteDto(IEtudiantMapperImpl.java:194) ~[classes/:na]
	at be.labil.restapp.domain.mappers.IEtudiantMapperImpl.noteSetToNoteDtoSet(IEtudiantMapperImpl.java:136) ~[classes/:na]
	at be.labil.restapp.domain.mappers.IEtudiantMapperImpl.toDto(IEtudiantMapperImpl.java:53) ~[classes/:na]
	at be.labil.restapp.domain.mappers.IEtudiantMapperImpl.noteToNoteDto(IEtudiantMapperImpl.java:194) ~[classes/:na]
	at be.labil.restapp.domain.mappers.IEtudiantMapperImpl.noteSetToNoteDtoSet(IEtudiantMapperImpl.java:136) ~[classes/:na]
	at be.labil.restapp.domain.mappers.IEtudiantMapperImpl.toDto(IEtudiantMapperImpl.java:53) ~[classes/:na]
	at be.labil.restapp.domain.mappers.IEtudiantMapperImpl.noteToNoteDto(IEtudiantMapperImpl.java:194) ~[classes/:na]
	at be.labil.restapp.domain.mappers.IEtudiantMapperImpl.noteSetToNoteDtoSet(IEtudiantMapperImpl.java:136) ~[classes/:na]
	at be.labil.restapp.domain.mappers.IEtudiantMapperImpl.toDto(IEtudiantMapperImpl.java:53) ~[classes/:na]
	at be.labil.restapp.domain.mappers.IEtudiantMapperImpl.noteToNoteDto(IEtudiantMapperImpl.java:194) ~[classes/:na]
	at be.labil.restapp.domain.mappers.IEtudiantMapperImpl.noteSetToNoteDtoSet(IEtudiantMapperImpl.java:136) ~[classes/:na]
	at be.labil.restapp.domain.mappers.IEtudiantMapperImpl.toDto(IEtudiantMapperImpl.java:53) ~[classes/:na]
	at be.labil.restapp.domain.mappers.IEtudiantMapperImpl.noteToNoteDto(IEtudiantMapperImpl.java:194) ~[classes/:na]
	at be.labil.restapp.domain.mappers.IEtudiantMapperImpl.noteSetToNoteDtoSet(IEtudiantMapperImpl.java:136) ~[classes/:na]
	at be.labil.restapp.domain.mappers.IEtudiantMapperImpl.toDto(IEtudiantMapperImpl.java:53) ~[classes/:na]
	at be.labil.restapp.domain.mappers.IEtudiantMapperImpl.noteToNoteDto(IEtudiantMapperImpl.java:194) ~[classes/:na]
	at be.labil.restapp.domain.mappers.IEtudiantMapperImpl.noteSetToNoteDtoSet(IEtudiantMapperImpl.java:136) ~[classes/:na]
	at be.labil.restapp.domain.mappers.IEtudiantMapperImpl.toDto(IEtudiantMapperImpl.java:53) ~[classes/:na]
	at be.labil.restapp.domain.mappers.IEtudiantMapperImpl.noteToNoteDto(IEtudiantMapperImpl.java:194) ~[classes/:na]
	at be.labil.restapp.domain.mappers.IEtudiantMapperImpl.noteSetToNoteDtoSet(IEtudiantMapperImpl.java:136) ~[classes/:na]
	at be.labil.restapp.domain.mappers.IEtudiantMapperImpl.toDto(IEtudiantMapperImpl.java:53) ~[classes/:na]
	at be.labil.restapp.domain.mappers.IEtudiantMapperImpl.noteToNoteDto(IEtudiantMapperImpl.java:194) ~[classes/:na]
	at be.labil.restapp.domain.mappers.IEtudiantMapperImpl.noteSetToNoteDtoSet(IEtudiantMapperImpl.java:136) ~[classes/:na]
	at be.labil.restapp.domain.mappers.IEtudiantMapperImpl.toDto(IEtudiantMapperImpl.java:53) ~[classes/:na]
	at be.labil.restapp.domain.mappers.IEtudiantMapperImpl.noteToNoteDto(IEtudiantMapperImpl.java:194) ~[classes/:na]
	at be.labil.restapp.domain.mappers.IEtudiantMapperImpl.noteSetToNoteDtoSet(IEtudiantMapperImpl.java:136) ~[classes/:na]
	at be.labil.restapp.domain.mappers.IEtudiantMapperImpl.toDto(IEtudiantMapperImpl.java:53) ~[classes/:na]
	at be.labil.restapp.domain.mappers.IEtudiantMapperImpl.noteToNoteDto(IEtudiantMapperImpl.java:194) ~[classes/:na]
	at be.labil.restapp.domain.mappers.IEtudiantMapperImpl.noteSetToNoteDtoSet(IEtudiantMapperImpl.java:136) ~[classes/:na]
	at be.labil.restapp.domain.mappers.IEtudiantMapperImpl.toDto(IEtudiantMapperImpl.java:53) ~[classes/:na]
	at be.labil.restapp.domain.mappers.IEtudiantMapperImpl.noteToNoteDto(IEtudiantMapperImpl.java:194) ~[classes/:na]
	at be.labil.restapp.domain.mappers.IEtudiantMapperImpl.noteSetToNoteDtoSet(IEtudiantMapperImpl.java:136) ~[classes/:na]
	at be.labil.restapp.domain.mappers.IEtudiantMapperImpl.toDto(IEtudiantMapperImpl.java:53) ~[classes/:na]
	at be.labil.restapp.domain.mappers.IEtudiantMapperImpl.noteToNoteDto(IEtudiantMapperImpl.java:194) ~[classes/:na]
	at be.labil.restapp.domain.mappers.IEtudiantMapperImpl.noteSetToNoteDtoSet(IEtudiantMapperImpl.java:136) ~[classes/:na]
	at be.labil.restapp.domain.mappers.IEtudiantMapperImpl.toDto(IEtudiantMapperImpl.java:53) ~[classes/:na]
	at be.labil.restapp.domain.mappers.IEtudiantMapperImpl.noteToNoteDto(IEtudiantMapperImpl.java:194) ~[classes/:na]
	at be.labil.restapp.domain.mappers.IEtudiantMapperImpl.noteSetToNoteDtoSet(IEtudiantMapperImpl.java:136) ~[classes/:na]
	at be.labil.restapp.domain.mappers.IEtudiantMapperImpl.toDto(IEtudiantMapperImpl.java:53) ~[classes/:na]
	at be.labil.restapp.domain.mappers.IEtudiantMapperImpl.noteToNoteDto(IEtudiantMapperImpl.java:194) ~[classes/:na]
	at be.labil.restapp.domain.mappers.IEtudiantMapperImpl.noteSetToNoteDtoSet(IEtudiantMapperImpl.java:136) ~[classes/:na]
	at be.labil.restapp.domain.mappers.IEtudiantMapperImpl.toDto(IEtudiantMapperImpl.java:53) ~[classes/:na]
	at be.labil.restapp.domain.mappers.IEtudiantMapperImpl.noteToNoteDto(IEtudiantMapperImpl.java:194) ~[classes/:na]
	at be.labil.restapp.domain.mappers.IEtudiantMapperImpl.noteSetToNoteDtoSet(IEtudiantMapperImpl.java:136) ~[classes/:na]
	at be.labil.restapp.domain.mappers.IEtudiantMapperImpl.toDto(IEtudiantMapperImpl.java:53) ~[classes/:na]
	at be.labil.restapp.domain.mappers.IEtudiantMapperImpl.noteToNoteDto(IEtudiantMapperImpl.java:194) ~[classes/:na]
	at be.labil.restapp.domain.mappers.IEtudiantMapperImpl.noteSetToNoteDtoSet(IEtudiantMapperImpl.java:136) ~[classes/:na]
	at be.labil.restapp.domain.mappers.IEtudiantMapperImpl.toDto(IEtudiantMapperImpl.java:53) ~[classes/:na]
	at be.labil.restapp.domain.mappers.IEtudiantMapperImpl.noteToNoteDto(IEtudiantMapperImpl.java:194) ~[classes/:na]
	at be.labil.restapp.domain.mappers.IEtudiantMapperImpl.noteSetToNoteDtoSet(IEtudiantMapperImpl.java:136) ~[classes/:na]
	at be.labil.restapp.domain.mappers.IEtudiantMapperImpl.toDto(IEtudiantMapperImpl.java:53) ~[classes/:na]
	at be.labil.restapp.domain.mappers.IEtudiantMapperImpl.noteToNoteDto(IEtudiantMapperImpl.java:194) ~[classes/:na]
	at be.labil.restapp.domain.mappers.IEtudiantMapperImpl.noteSetToNoteDtoSet(IEtudiantMapperImpl.java:136) ~[classes/:na]
	at be.labil.restapp.domain.mappers.IEtudiantMapperImpl.toDto(IEtudiantMapperImpl.java:53) ~[classes/:na]
	at be.labil.restapp.domain.mappers.IEtudiantMapperImpl.noteToNoteDto(IEtudiantMapperImpl.java:194) ~[classes/:na]
	at be.labil.restapp.domain.mappers.IEtudiantMapperImpl.noteSetToNoteDtoSet(IEtudiantMapperImpl.java:136) ~[classes/:na]
	at be.labil.restapp.domain.mappers.IEtudiantMapperImpl.toDto(IEtudiantMapperImpl.java:53) ~[classes/:na]
	at be.labil.restapp.domain.mappers.IEtudiantMapperImpl.noteToNoteDto(IEtudiantMapperImpl.java:194) ~[classes/:na]
	at be.labil.restapp.domain.mappers.IEtudiantMapperImpl.noteSetToNoteDtoSet(IEtudiantMapperImpl.java:136) ~[classes/:na]
	at be.labil.restapp.domain.mappers.IEtudiantMapperImpl.toDto(IEtudiantMapperImpl.java:53) ~[classes/:na]
	at be.labil.restapp.domain.mappers.IEtudiantMapperImpl.noteToNoteDto(IEtudiantMapperImpl.java:194) ~[classes/:na]
	at be.labil.restapp.domain.mappers.IEtudiantMapperImpl.noteSetToNoteDtoSet(IEtudiantMapperImpl.java:136) ~[classes/:na]
	at be.labil.restapp.domain.mappers.IEtudiantMapperImpl.toDto(IEtudiantMapperImpl.java:53) ~[classes/:na]
	at be.labil.restapp.domain.mappers.IEtudiantMapperImpl.noteToNoteDto(IEtudiantMapperImpl.java:194) ~[classes/:na]
	at be.labil.restapp.domain.mappers.IEtudiantMapperImpl.noteSetToNoteDtoSet(IEtudiantMapperImpl.java:136) ~[classes/:na]
	at be.labil.restapp.domain.mappers.IEtudiantMapperImpl.toDto(IEtudiantMapperImpl.java:53) ~[classes/:na]
	at be.labil.restapp.domain.mappers.IEtudiantMapperImpl.noteToNoteDto(IEtudiantMapperImpl.java:194) ~[classes/:na]
	at be.labil.restapp.domain.mappers.IEtudiantMapperImpl.noteSetToNoteDtoSet(IEtudiantMapperImpl.java:136) ~[classes/:na]
	at be.labil.restapp.domain.mappers.IEtudiantMapperImpl.toDto(IEtudiantMapperImpl.java:53) ~[classes/:na]
	at be.labil.restapp.domain.mappers.IEtudiantMapperImpl.noteToNoteDto(IEtudiantMapperImpl.java:194) ~[classes/:na]
	at be.labil.restapp.domain.mappers.IEtudiantMapperImpl.noteSetToNoteDtoSet(IEtudiantMapperImpl.java:136) ~[classes/:na]
	at be.labil.restapp.domain.mappers.IEtudiantMapperImpl.toDto(IEtudiantMapperImpl.java:53) ~[classes/:na]
	at be.labil.restapp.domain.mappers.IEtudiantMapperImpl.noteToNoteDto(IEtudiantMapperImpl.java:194) ~[classes/:na]
	at be.labil.restapp.domain.mappers.IEtudiantMapperImpl.noteSetToNoteDtoSet(IEtudiantMapperImpl.java:136) ~[classes/:na]
	at be.labil.restapp.domain.mappers.IEtudiantMapperImpl.toDto(IEtudiantMapperImpl.java:53) ~[classes/:na]
	at be.labil.restapp.domain.mappers.IEtudiantMapperImpl.noteToNoteDto(IEtudiantMapperImpl.java:194) ~[classes/:na]
	at be.labil.restapp.domain.mappers.IEtudiantMapperImpl.noteSetToNoteDtoSet(IEtudiantMapperImpl.java:136) ~[classes/:na]
	at be.labil.restapp.domain.mappers.IEtudiantMapperImpl.toDto(IEtudiantMapperImpl.java:53) ~[classes/:na]
	at be.labil.restapp.domain.mappers.IEtudiantMapperImpl.noteToNoteDto(IEtudiantMapperImpl.java:194) ~[classes/:na]
	at be.labil.restapp.domain.mappers.IEtudiantMapperImpl.noteSetToNoteDtoSet(IEtudiantMapperImpl.java:136) ~[classes/:na]
	at be.labil.restapp.domain.mappers.IEtudiantMapperImpl.toDto(IEtudiantMapperImpl.java:53) ~[classes/:na]
	at be.labil.restapp.domain.mappers.IEtudiantMapperImpl.noteToNoteDto(IEtudiantMapperImpl.java:194) ~[classes/:na]
	at be.labil.restapp.domain.mappers.IEtudiantMapperImpl.noteSetToNoteDtoSet(IEtudiantMapperImpl.java:136) ~[classes/:na]
	at be.labil.restapp.domain.mappers.IEtudiantMapperImpl.toDto(IEtudiantMapperImpl.java:53) ~[classes/:na]
	at be.labil.restapp.domain.mappers.IEtudiantMapperImpl.noteToNoteDto(IEtudiantMapperImpl.java:194) ~[classes/:na]
	at be.labil.restapp.domain.mappers.IEtudiantMapperImpl.noteSetToNoteDtoSet(IEtudiantMapperImpl.java:136) ~[classes/:na]
	at be.labil.restapp.domain.mappers.IEtudiantMapperImpl.toDto(IEtudiantMapperImpl.java:53) ~[classes/:na]
	at be.labil.restapp.domain.mappers.IEtudiantMapperImpl.noteToNoteDto(IEtudiantMapperImpl.java:194) ~[classes/:na]
	at be.labil.restapp.domain.mappers.IEtudiantMapperImpl.noteSetToNoteDtoSet(IEtudiantMapperImpl.java:136) ~[classes/:na]
	at be.labil.restapp.domain.mappers.IEtudiantMapperImpl.toDto(IEtudiantMapperImpl.java:53) ~[classes/:na]
	at be.labil.restapp.domain.mappers.IEtudiantMapperImpl.noteToNoteDto(IEtudiantMapperImpl.java:194) ~[classes/:na]
	at be.labil.restapp.domain.mappers.IEtudiantMapperImpl.noteSetToNoteDtoSet(IEtudiantMapperImpl.java:136) ~[classes/:na]
	at be.labil.restapp.domain.mappers.IEtudiantMapperImpl.toDto(IEtudiantMapperImpl.java:53) ~[classes/:na]
	at be.labil.restapp.domain.mappers.IEtudiantMapperImpl.noteToNoteDto(IEtudiantMapperImpl.java:194) ~[classes/:na]
	at be.labil.restapp.domain.mappers.IEtudiantMapperImpl.noteSetToNoteDtoSet(IEtudiantMapperImpl.java:136) ~[classes/:na]
	at be.labil.restapp.domain.mappers.IEtudiantMapperImpl.toDto(IEtudiantMapperImpl.java:53) ~[classes/:na]
	at be.labil.restapp.domain.mappers.IEtudiantMapperImpl.noteToNoteDto(IEtudiantMapperImpl.java:194) ~[classes/:na]
	at be.labil.restapp.domain.mappers.IEtudiantMapperImpl.noteSetToNoteDtoSet(IEtudiantMapperImpl.java:136) ~[classes/:na]
	at be.labil.restapp.domain.mappers.IEtudiantMapperImpl.toDto(IEtudiantMapperImpl.java:53) ~[classes/:na]
	at be.labil.restapp.domain.mappers.IEtudiantMapperImpl.noteToNoteDto(IEtudiantMapperImpl.java:194) ~[classes/:na]
	at be.labil.restapp.domain.mappers.IEtudiantMapperImpl.noteSetToNoteDtoSet(IEtudiantMapperImpl.java:136) ~[classes/:na]
	at be.labil.restapp.domain.mappers.IEtudiantMapperImpl.toDto(IEtudiantMapperImpl.java:53) ~[classes/:na]
	at be.labil.restapp.domain.mappers.IEtudiantMapperImpl.noteToNoteDto(IEtudiantMapperImpl.java:194) ~[classes/:na]
	at be.labil.restapp.domain.mappers.IEtudiantMapperImpl.noteSetToNoteDtoSet(IEtudiantMapperImpl.java:136) ~[classes/:na]
	at be.labil.restapp.domain.mappers.IEtudiantMapperImpl.toDto(IEtudiantMapperImpl.java:53) ~[classes/:na]
	at be.labil.restapp.domain.mappers.IEtudiantMapperImpl.noteToNoteDto(IEtudiantMapperImpl.java:194) ~[classes/:na]
	at be.labil.restapp.domain.mappers.IEtudiantMapperImpl.noteSetToNoteDtoSet(IEtudiantMapperImpl.java:136) ~[classes/:na]
	at be.labil.restapp.domain.mappers.IEtudiantMapperImpl.toDto(IEtudiantMapperImpl.java:53) ~[classes/:na]
	at be.labil.restapp.domain.mappers.IEtudiantMapperImpl.noteToNoteDto(IEtudiantMapperImpl.java:194) ~[classes/:na]
	at be.labil.restapp.domain.mappers.IEtudiantMapperImpl.noteSetToNoteDtoSet(IEtudiantMapperImpl.java:136) ~[classes/:na]
	at be.labil.restapp.domain.mappers.IEtudiantMapperImpl.toDto(IEtudiantMapperImpl.java:53) ~[classes/:na]
	at be.labil.restapp.domain.mappers.IEtudiantMapperImpl.noteToNoteDto(IEtudiantMapperImpl.java:194) ~[classes/:na]
	at be.labil.restapp.domain.mappers.IEtudiantMapperImpl.noteSetToNoteDtoSet(IEtudiantMapperImpl.java:136) ~[classes/:na]
	at be.labil.restapp.domain.mappers.IEtudiantMapperImpl.toDto(IEtudiantMapperImpl.java:53) ~[classes/:na]
	at be.labil.restapp.domain.mappers.IEtudiantMapperImpl.noteToNoteDto(IEtudiantMapperImpl.java:194) ~[classes/:na]
	at be.labil.restapp.domain.mappers.IEtudiantMapperImpl.noteSetToNoteDtoSet(IEtudiantMapperImpl.java:136) ~[classes/:na]
	at be.labil.restapp.domain.mappers.IEtudiantMapperImpl.toDto(IEtudiantMapperImpl.java:53) ~[classes/:na]
	at be.labil.restapp.domain.mappers.IEtudiantMapperImpl.noteToNoteDto(IEtudiantMapperImpl.java:194) ~[classes/:na]
	at be.labil.restapp.domain.mappers.IEtudiantMapperImpl.noteSetToNoteDtoSet(IEtudiantMapperImpl.java:136) ~[classes/:na]
	at be.labil.restapp.domain.mappers.IEtudiantMapperImpl.toDto(IEtudiantMapperImpl.java:53) ~[classes/:na]
	at be.labil.restapp.domain.mappers.IEtudiantMapperImpl.noteToNoteDto(IEtudiantMapperImpl.java:194) ~[classes/:na]
	at be.labil.restapp.domain.mappers.IEtudiantMapperImpl.noteSetToNoteDtoSet(IEtudiantMapperImpl.java:136) ~[classes/:na]
	at be.labil.restapp.domain.mappers.IEtudiantMapperImpl.toDto(IEtudiantMapperImpl.java:53) ~[classes/:na]
	at be.labil.restapp.domain.mappers.IEtudiantMapperImpl.noteToNoteDto(IEtudiantMapperImpl.java:194) ~[classes/:na]
	at be.labil.restapp.domain.mappers.IEtudiantMapperImpl.noteSetToNoteDtoSet(IEtudiantMapperImpl.java:136) ~[classes/:na]
	at be.labil.restapp.domain.mappers.IEtudiantMapperImpl.toDto(IEtudiantMapperImpl.java:53) ~[classes/:na]
	at be.labil.restapp.domain.mappers.IEtudiantMapperImpl.noteToNoteDto(IEtudiantMapperImpl.java:194) ~[classes/:na]
	at be.labil.restapp.domain.mappers.IEtudiantMapperImpl.noteSetToNoteDtoSet(IEtudiantMapperImpl.java:136) ~[classes/:na]
	at be.labil.restapp.domain.mappers.IEtudiantMapperImpl.toDto(IEtudiantMapperImpl.java:53) ~[classes/:na]
	at be.labil.restapp.domain.mappers.IEtudiantMapperImpl.noteToNoteDto(IEtudiantMapperImpl.java:194) ~[classes/:na]
	at be.labil.restapp.domain.mappers.IEtudiantMapperImpl.noteSetToNoteDtoSet(IEtudiantMapperImpl.java:136) ~[classes/:na]
	at be.labil.restapp.domain.mappers.IEtudiantMapperImpl.toDto(IEtudiantMapperImpl.java:53) ~[classes/:na]
	at be.labil.restapp.domain.mappers.IEtudiantMapperImpl.noteToNoteDto(IEtudiantMapperImpl.java:194) ~[classes/:na]
	at be.labil.restapp.domain.mappers.IEtudiantMapperImpl.noteSetToNoteDtoSet(IEtudiantMapperImpl.java:136) ~[classes/:na]
	at be.labil.restapp.domain.mappers.IEtudiantMapperImpl.toDto(IEtudiantMapperImpl.java:53) ~[classes/:na]
	at be.labil.restapp.domain.mappers.IEtudiantMapperImpl.noteToNoteDto(IEtudiantMapperImpl.java:194) ~[classes/:na]
	at be.labil.restapp.domain.mappers.IEtudiantMapperImpl.noteSetToNoteDtoSet(IEtudiantMapperImpl.java:136) ~[classes/:na]
	at be.labil.restapp.domain.mappers.IEtudiantMapperImpl.toDto(IEtudiantMapperImpl.java:53) ~[classes/:na]
	at be.labil.restapp.domain.mappers.IEtudiantMapperImpl.noteToNoteDto(IEtudiantMapperImpl.java:194) ~[classes/:na]
	at be.labil.restapp.domain.mappers.IEtudiantMapperImpl.noteSetToNoteDtoSet(IEtudiantMapperImpl.java:136) ~[classes/:na]
	at be.labil.restapp.domain.mappers.IEtudiantMapperImpl.toDto(IEtudiantMapperImpl.java:53) ~[classes/:na]
	at be.labil.restapp.domain.mappers.IEtudiantMapperImpl.noteToNoteDto(IEtudiantMapperImpl.java:194) ~[classes/:na]
	at be.labil.restapp.domain.mappers.IEtudiantMapperImpl.noteSetToNoteDtoSet(IEtudiantMapperImpl.java:136) ~[classes/:na]
	at be.labil.restapp.domain.mappers.IEtudiantMapperImpl.toDto(IEtudiantMapperImpl.java:53) ~[classes/:na]
	at be.labil.restapp.domain.mappers.IEtudiantMapperImpl.noteToNoteDto(IEtudiantMapperImpl.java:194) ~[classes/:na]
	at be.labil.restapp.domain.mappers.IEtudiantMapperImpl.noteSetToNoteDtoSet(IEtudiantMapperImpl.java:136) ~[classes/:na]
	at be.labil.restapp.domain.mappers.IEtudiantMapperImpl.toDto(IEtudiantMapperImpl.java:53) ~[classes/:na]
	at be.labil.restapp.domain.mappers.IEtudiantMapperImpl.noteToNoteDto(IEtudiantMapperImpl.java:194) ~[classes/:na]
	at be.labil.restapp.domain.mappers.IEtudiantMapperImpl.noteSetToNoteDtoSet(IEtudiantMapperImpl.java:136) ~[classes/:na]
	at be.labil.restapp.domain.mappers.IEtudiantMapperImpl.toDto(IEtudiantMapperImpl.java:53) ~[classes/:na]
	at be.labil.restapp.domain.mappers.IEtudiantMapperImpl.noteToNoteDto(IEtudiantMapperImpl.java:194) ~[classes/:na]
	at be.labil.restapp.domain.mappers.IEtudiantMapperImpl.noteSetToNoteDtoSet(IEtudiantMapperImpl.java:136) ~[classes/:na]
	at be.labil.restapp.domain.mappers.IEtudiantMapperImpl.toDto(IEtudiantMapperImpl.java:53) ~[classes/:na]
	at be.labil.restapp.domain.mappers.IEtudiantMapperImpl.noteToNoteDto(IEtudiantMapperImpl.java:194) ~[classes/:na]
	at be.labil.restapp.domain.mappers.IEtudiantMapperImpl.noteSetToNoteDtoSet(IEtudiantMapperImpl.java:136) ~[classes/:na]
	at be.labil.restapp.domain.mappers.IEtudiantMapperImpl.toDto(IEtudiantMapperImpl.java:53) ~[classes/:na]
	at be.labil.restapp.domain.mappers.IEtudiantMapperImpl.noteToNoteDto(IEtudiantMapperImpl.java:194) ~[classes/:na]
	at be.labil.restapp.domain.mappers.IEtudiantMapperImpl.noteSetToNoteDtoSet(IEtudiantMapperImpl.java:136) ~[classes/:na]
	at be.labil.restapp.domain.mappers.IEtudiantMapperImpl.toDto(IEtudiantMapperImpl.java:53) ~[classes/:na]
	at be.labil.restapp.domain.mappers.IEtudiantMapperImpl.noteToNoteDto(IEtudiantMapperImpl.java:194) ~[classes/:na]
	at be.labil.restapp.domain.mappers.IEtudiantMapperImpl.noteSetToNoteDtoSet(IEtudiantMapperImpl.java:136) ~[classes/:na]
	at be.labil.restapp.domain.mappers.IEtudiantMapperImpl.toDto(IEtudiantMapperImpl.java:53) ~[classes/:na]
	at be.labil.restapp.domain.mappers.IEtudiantMapperImpl.noteToNoteDto(IEtudiantMapperImpl.java:194) ~[classes/:na]
	at be.labil.restapp.domain.mappers.IEtudiantMapperImpl.noteSetToNoteDtoSet(IEtudiantMapperImpl.java:136) ~[classes/:na]
	at be.labil.restapp.domain.mappers.IEtudiantMapperImpl.toDto(IEtudiantMapperImpl.java:53) ~[classes/:na]
	at be.labil.restapp.domain.mappers.IEtudiantMapperImpl.noteToNoteDto(IEtudiantMapperImpl.java:194) ~[classes/:na]
	at be.labil.restapp.domain.mappers.IEtudiantMapperImpl.noteSetToNoteDtoSet(IEtudiantMapperImpl.java:136) ~[classes/:na]
	at be.labil.restapp.domain.mappers.IEtudiantMapperImpl.toDto(IEtudiantMapperImpl.java:53) ~[classes/:na]
	at be.labil.restapp.domain.mappers.IEtudiantMapperImpl.noteToNoteDto(IEtudiantMapperImpl.java:194) ~[classes/:na]
	at be.labil.restapp.domain.mappers.IEtudiantMapperImpl.noteSetToNoteDtoSet(IEtudiantMapperImpl.java:136) ~[classes/:na]
	at be.labil.restapp.domain.mappers.IEtudiantMapperImpl.toDto(IEtudiantMapperImpl.java:53) ~[classes/:na]
	at be.labil.restapp.domain.mappers.IEtudiantMapperImpl.noteToNoteDto(IEtudiantMapperImpl.java:194) ~[classes/:na]
	at be.labil.restapp.domain.mappers.IEtudiantMapperImpl.noteSetToNoteDtoSet(IEtudiantMapperImpl.java:136) ~[classes/:na]
	at be.labil.restapp.domain.mappers.IEtudiantMapperImpl.toDto(IEtudiantMapperImpl.java:53) ~[classes/:na]
	at be.labil.restapp.domain.mappers.IEtudiantMapperImpl.noteToNoteDto(IEtudiantMapperImpl.java:194) ~[classes/:na]
	at be.labil.restapp.domain.mappers.IEtudiantMapperImpl.noteSetToNoteDtoSet(IEtudiantMapperImpl.java:136) ~[classes/:na]
	at be.labil.restapp.domain.mappers.IEtudiantMapperImpl.toDto(IEtudiantMapperImpl.java:53) ~[classes/:na]
	at be.labil.restapp.domain.mappers.IEtudiantMapperImpl.noteToNoteDto(IEtudiantMapperImpl.java:194) ~[classes/:na]
	at be.labil.restapp.domain.mappers.IEtudiantMapperImpl.noteSetToNoteDtoSet(IEtudiantMapperImpl.java:136) ~[classes/:na]
	at be.labil.restapp.domain.mappers.IEtudiantMapperImpl.toDto(IEtudiantMapperImpl.java:53) ~[classes/:na]
	at be.labil.restapp.domain.mappers.IEtudiantMapperImpl.noteToNoteDto(IEtudiantMapperImpl.java:194) ~[classes/:na]
	at be.labil.restapp.domain.mappers.IEtudiantMapperImpl.noteSetToNoteDtoSet(IEtudiantMapperImpl.java:136) ~[classes/:na]
	at be.labil.restapp.domain.mappers.IEtudiantMapperImpl.toDto(IEtudiantMapperImpl.java:53) ~[classes/:na]
	at be.labil.restapp.domain.mappers.IEtudiantMapperImpl.noteToNoteDto(IEtudiantMapperImpl.java:194) ~[classes/:na]
	at be.labil.restapp.domain.mappers.IEtudiantMapperImpl.noteSetToNoteDtoSet(IEtudiantMapperImpl.java:136) ~[classes/:na]
	at be.labil.restapp.domain.mappers.IEtudiantMapperImpl.toDto(IEtudiantMapperImpl.java:53) ~[classes/:na]
	at be.labil.restapp.domain.mappers.IEtudiantMapperImpl.noteToNoteDto(IEtudiantMapperImpl.java:194) ~[classes/:na]
	at be.labil.restapp.domain.mappers.IEtudiantMapperImpl.noteSetToNoteDtoSet(IEtudiantMapperImpl.java:136) ~[classes/:na]
	at be.labil.restapp.domain.mappers.IEtudiantMapperImpl.toDto(IEtudiantMapperImpl.java:53) ~[classes/:na]
	at be.labil.restapp.domain.mappers.IEtudiantMapperImpl.noteToNoteDto(IEtudiantMapperImpl.java:194) ~[classes/:na]
	at be.labil.restapp.domain.mappers.IEtudiantMapperImpl.noteSetToNoteDtoSet(IEtudiantMapperImpl.java:136) ~[classes/:na]
	at be.labil.restapp.domain.mappers.IEtudiantMapperImpl.toDto(IEtudiantMapperImpl.java:53) ~[classes/:na]
	at be.labil.restapp.domain.mappers.IEtudiantMapperImpl.noteToNoteDto(IEtudiantMapperImpl.java:194) ~[classes/:na]
	at be.labil.restapp.domain.mappers.IEtudiantMapperImpl.noteSetToNoteDtoSet(IEtudiantMapperImpl.java:136) ~[classes/:na]
	at be.labil.restapp.domain.mappers.IEtudiantMapperImpl.toDto(IEtudiantMapperImpl.java:53) ~[classes/:na]
	at be.labil.restapp.domain.mappers.IEtudiantMapperImpl.noteToNoteDto(IEtudiantMapperImpl.java:194) ~[classes/:na]
	at be.labil.restapp.domain.mappers.IEtudiantMapperImpl.noteSetToNoteDtoSet(IEtudiantMapperImpl.java:136) ~[classes/:na]
	at be.labil.restapp.domain.mappers.IEtudiantMapperImpl.toDto(IEtudiantMapperImpl.java:53) ~[classes/:na]
	at be.labil.restapp.domain.mappers.IEtudiantMapperImpl.noteToNoteDto(IEtudiantMapperImpl.java:194) ~[classes/:na]
	at be.labil.restapp.domain.mappers.IEtudiantMapperImpl.noteSetToNoteDtoSet(IEtudiantMapperImpl.java:136) ~[classes/:na]
	at be.labil.restapp.domain.mappers.IEtudiantMapperImpl.toDto(IEtudiantMapperImpl.java:53) ~[classes/:na]
	at be.labil.restapp.domain.mappers.IEtudiantMapperImpl.noteToNoteDto(IEtudiantMapperImpl.java:194) ~[classes/:na]
	at be.labil.restapp.domain.mappers.IEtudiantMapperImpl.noteSetToNoteDtoSet(IEtudiantMapperImpl.java:136) ~[classes/:na]
	at be.labil.restapp.domain.mappers.IEtudiantMapperImpl.toDto(IEtudiantMapperImpl.java:53) ~[classes/:na]
	at be.labil.restapp.domain.mappers.IEtudiantMapperImpl.noteToNoteDto(IEtudiantMapperImpl.java:194) ~[classes/:na]
	at be.labil.restapp.domain.mappers.IEtudiantMapperImpl.noteSetToNoteDtoSet(IEtudiantMapperImpl.java:136) ~[classes/:na]
	at be.labil.restapp.domain.mappers.IEtudiantMapperImpl.toDto(IEtudiantMapperImpl.java:53) ~[classes/:na]
	at be.labil.restapp.domain.mappers.IEtudiantMapperImpl.noteToNoteDto(IEtudiantMapperImpl.java:194) ~[classes/:na]
	at be.labil.restapp.domain.mappers.IEtudiantMapperImpl.noteSetToNoteDtoSet(IEtudiantMapperImpl.java:136) ~[classes/:na]
	at be.labil.restapp.domain.mappers.IEtudiantMapperImpl.toDto(IEtudiantMapperImpl.java:53) ~[classes/:na]
	at be.labil.restapp.domain.mappers.IEtudiantMapperImpl.noteToNoteDto(IEtudiantMapperImpl.java:194) ~[classes/:na]
	at be.labil.restapp.domain.mappers.IEtudiantMapperImpl.noteSetToNoteDtoSet(IEtudiantMapperImpl.java:136) ~[classes/:na]
	at be.labil.restapp.domain.mappers.IEtudiantMapperImpl.toDto(IEtudiantMapperImpl.java:53) ~[classes/:na]
	at be.labil.restapp.domain.mappers.IEtudiantMapperImpl.noteToNoteDto(IEtudiantMapperImpl.java:194) ~[classes/:na]
	at be.labil.restapp.domain.mappers.IEtudiantMapperImpl.noteSetToNoteDtoSet(IEtudiantMapperImpl.java:136) ~[classes/:na]
	at be.labil.restapp.domain.mappers.IEtudiantMapperImpl.toDto(IEtudiantMapperImpl.java:53) ~[classes/:na]
	at be.labil.restapp.domain.mappers.IEtudiantMapperImpl.noteToNoteDto(IEtudiantMapperImpl.java:194) ~[classes/:na]
	at be.labil.restapp.domain.mappers.IEtudiantMapperImpl.noteSetToNoteDtoSet(IEtudiantMapperImpl.java:136) ~[classes/:na]
	at be.labil.restapp.domain.mappers.IEtudiantMapperImpl.toDto(IEtudiantMapperImpl.java:53) ~[classes/:na]
	at be.labil.restapp.domain.mappers.IEtudiantMapperImpl.noteToNoteDto(IEtudiantMapperImpl.java:194) ~[classes/:na]
	at be.labil.restapp.domain.mappers.IEtudiantMapperImpl.noteSetToNoteDtoSet(IEtudiantMapperImpl.java:136) ~[classes/:na]
	at be.labil.restapp.domain.mappers.IEtudiantMapperImpl.toDto(IEtudiantMapperImpl.java:53) ~[classes/:na]
	at be.labil.restapp.domain.mappers.IEtudiantMapperImpl.noteToNoteDto(IEtudiantMapperImpl.java:194) ~[classes/:na]
	at be.labil.restapp.domain.mappers.IEtudiantMapperImpl.noteSetToNoteDtoSet(IEtudiantMapperImpl.java:136) ~[classes/:na]
	at be.labil.restapp.domain.mappers.IEtudiantMapperImpl.toDto(IEtudiantMapperImpl.java:53) ~[classes/:na]
	at be.labil.restapp.domain.mappers.IEtudiantMapperImpl.noteToNoteDto(IEtudiantMapperImpl.java:194) ~[classes/:na]
	at be.labil.restapp.domain.mappers.IEtudiantMapperImpl.noteSetToNoteDtoSet(IEtudiantMapperImpl.java:136) ~[classes/:na]
	at be.labil.restapp.domain.mappers.IEtudiantMapperImpl.toDto(IEtudiantMapperImpl.java:53) ~[classes/:na]
	at be.labil.restapp.domain.mappers.IEtudiantMapperImpl.noteToNoteDto(IEtudiantMapperImpl.java:194) ~[classes/:na]
	at be.labil.restapp.domain.mappers.IEtudiantMapperImpl.noteSetToNoteDtoSet(IEtudiantMapperImpl.java:136) ~[classes/:na]
	at be.labil.restapp.domain.mappers.IEtudiantMapperImpl.toDto(IEtudiantMapperImpl.java:53) ~[classes/:na]
	at be.labil.restapp.domain.mappers.IEtudiantMapperImpl.noteToNoteDto(IEtudiantMapperImpl.java:194) ~[classes/:na]
	at be.labil.restapp.domain.mappers.IEtudiantMapperImpl.noteSetToNoteDtoSet(IEtudiantMapperImpl.java:136) ~[classes/:na]
	at be.labil.restapp.domain.mappers.IEtudiantMapperImpl.toDto(IEtudiantMapperImpl.java:53) ~[classes/:na]
	at be.labil.restapp.domain.mappers.IEtudiantMapperImpl.noteToNoteDto(IEtudiantMapperImpl.java:194) ~[classes/:na]
	at be.labil.restapp.domain.mappers.IEtudiantMapperImpl.noteSetToNoteDtoSet(IEtudiantMapperImpl.java:136) ~[classes/:na]
	at be.labil.restapp.domain.mappers.IEtudiantMapperImpl.toDto(IEtudiantMapperImpl.java:53) ~[classes/:na]
	at be.labil.restapp.domain.mappers.IEtudiantMapperImpl.noteToNoteDto(IEtudiantMapperImpl.java:194) ~[classes/:na]
	at be.labil.restapp.domain.mappers.IEtudiantMapperImpl.noteSetToNoteDtoSet(IEtudiantMapperImpl.java:136) ~[classes/:na]
	at be.labil.restapp.domain.mappers.IEtudiantMapperImpl.toDto(IEtudiantMapperImpl.java:53) ~[classes/:na]
	at be.labil.restapp.domain.mappers.IEtudiantMapperImpl.noteToNoteDto(IEtudiantMapperImpl.java:194) ~[classes/:na]
	at be.labil.restapp.domain.mappers.IEtudiantMapperImpl.noteSetToNoteDtoSet(IEtudiantMapperImpl.java:136) ~[classes/:na]
	at be.labil.restapp.domain.mappers.IEtudiantMapperImpl.toDto(IEtudiantMapperImpl.java:53) ~[classes/:na]
	at be.labil.restapp.domain.mappers.IEtudiantMapperImpl.noteToNoteDto(IEtudiantMapperImpl.java:194) ~[classes/:na]
	at be.labil.restapp.domain.mappers.IEtudiantMapperImpl.noteSetToNoteDtoSet(IEtudiantMapperImpl.java:136) ~[classes/:na]
	at be.labil.restapp.domain.mappers.IEtudiantMapperImpl.toDto(IEtudiantMapperImpl.java:53) ~[classes/:na]
	at be.labil.restapp.domain.mappers.IEtudiantMapperImpl.noteToNoteDto(IEtudiantMapperImpl.java:194) ~[classes/:na]
	at be.labil.restapp.domain.mappers.IEtudiantMapperImpl.noteSetToNoteDtoSet(IEtudiantMapperImpl.java:136) ~[classes/:na]
	at be.labil.restapp.domain.mappers.IEtudiantMapperImpl.toDto(IEtudiantMapperImpl.java:53) ~[classes/:na]
	at be.labil.restapp.domain.mappers.IEtudiantMapperImpl.noteToNoteDto(IEtudiantMapperImpl.java:194) ~[classes/:na]
	at be.labil.restapp.domain.mappers.IEtudiantMapperImpl.noteSetToNoteDtoSet(IEtudiantMapperImpl.java:136) ~[classes/:na]
	at be.labil.restapp.domain.mappers.IEtudiantMapperImpl.toDto(IEtudiantMapperImpl.java:53) ~[classes/:na]
	at be.labil.restapp.domain.mappers.IEtudiantMapperImpl.noteToNoteDto(IEtudiantMapperImpl.java:194) ~[classes/:na]
	at be.labil.restapp.domain.mappers.IEtudiantMapperImpl.noteSetToNoteDtoSet(IEtudiantMapperImpl.java:136) ~[classes/:na]
	at be.labil.restapp.domain.mappers.IEtudiantMapperImpl.toDto(IEtudiantMapperImpl.java:53) ~[classes/:na]
	at be.labil.restapp.domain.mappers.IEtudiantMapperImpl.noteToNoteDto(IEtudiantMapperImpl.java:194) ~[classes/:na]
	at be.labil.restapp.domain.mappers.IEtudiantMapperImpl.noteSetToNoteDtoSet(IEtudiantMapperImpl.java:136) ~[classes/:na]
	at be.labil.restapp.domain.mappers.IEtudiantMapperImpl.toDto(IEtudiantMapperImpl.java:53) ~[classes/:na]
	at be.labil.restapp.domain.mappers.IEtudiantMapperImpl.noteToNoteDto(IEtudiantMapperImpl.java:194) ~[classes/:na]
	at be.labil.restapp.domain.mappers.IEtudiantMapperImpl.noteSetToNoteDtoSet(IEtudiantMapperImpl.java:136) ~[classes/:na]
	at be.labil.restapp.domain.mappers.IEtudiantMapperImpl.toDto(IEtudiantMapperImpl.java:53) ~[classes/:na]
	at be.labil.restapp.domain.mappers.IEtudiantMapperImpl.noteToNoteDto(IEtudiantMapperImpl.java:194) ~[classes/:na]
	at be.labil.restapp.domain.mappers.IEtudiantMapperImpl.noteSetToNoteDtoSet(IEtudiantMapperImpl.java:136) ~[classes/:na]
	at be.labil.restapp.domain.mappers.IEtudiantMapperImpl.toDto(IEtudiantMapperImpl.java:53) ~[classes/:na]
	at be.labil.restapp.domain.mappers.IEtudiantMapperImpl.noteToNoteDto(IEtudiantMapperImpl.java:194) ~[classes/:na]
	at be.labil.restapp.domain.mappers.IEtudiantMapperImpl.noteSetToNoteDtoSet(IEtudiantMapperImpl.java:136) ~[classes/:na]
	at be.labil.restapp.domain.mappers.IEtudiantMapperImpl.toDto(IEtudiantMapperImpl.java:53) ~[classes/:na]
	at be.labil.restapp.domain.mappers.IEtudiantMapperImpl.noteToNoteDto(IEtudiantMapperImpl.java:194) ~[classes/:na]
	at be.labil.restapp.domain.mappers.IEtudiantMapperImpl.noteSetToNoteDtoSet(IEtudiantMapperImpl.java:136) ~[classes/:na]
	at be.labil.restapp.domain.mappers.IEtudiantMapperImpl.toDto(IEtudiantMapperImpl.java:53) ~[classes/:na]
	at be.labil.restapp.domain.mappers.IEtudiantMapperImpl.noteToNoteDto(IEtudiantMapperImpl.java:194) ~[classes/:na]
	at be.labil.restapp.domain.mappers.IEtudiantMapperImpl.noteSetToNoteDtoSet(IEtudiantMapperImpl.java:136) ~[classes/:na]
	at be.labil.restapp.domain.mappers.IEtudiantMapperImpl.toDto(IEtudiantMapperImpl.java:53) ~[classes/:na]
	at be.labil.restapp.domain.mappers.IEtudiantMapperImpl.noteToNoteDto(IEtudiantMapperImpl.java:194) ~[classes/:na]
	at be.labil.restapp.domain.mappers.IEtudiantMapperImpl.noteSetToNoteDtoSet(IEtudiantMapperImpl.java:136) ~[classes/:na]
	at be.labil.restapp.domain.mappers.IEtudiantMapperImpl.toDto(IEtudiantMapperImpl.java:53) ~[classes/:na]
	at be.labil.restapp.domain.mappers.IEtudiantMapperImpl.noteToNoteDto(IEtudiantMapperImpl.java:194) ~[classes/:na]
	at be.labil.restapp.domain.mappers.IEtudiantMapperImpl.noteSetToNoteDtoSet(IEtudiantMapperImpl.java:136) ~[classes/:na]
	at be.labil.restapp.domain.mappers.IEtudiantMapperImpl.toDto(IEtudiantMapperImpl.java:53) ~[classes/:na]
	at be.labil.restapp.domain.mappers.IEtudiantMapperImpl.noteToNoteDto(IEtudiantMapperImpl.java:194) ~[classes/:na]
	at be.labil.restapp.domain.mappers.IEtudiantMapperImpl.noteSetToNoteDtoSet(IEtudiantMapperImpl.java:136) ~[classes/:na]
	at be.labil.restapp.domain.mappers.IEtudiantMapperImpl.toDto(IEtudiantMapperImpl.java:53) ~[classes/:na]
	at be.labil.restapp.domain.mappers.IEtudiantMapperImpl.noteToNoteDto(IEtudiantMapperImpl.java:194) ~[classes/:na]
	at be.labil.restapp.domain.mappers.IEtudiantMapperImpl.noteSetToNoteDtoSet(IEtudiantMapperImpl.java:136) ~[classes/:na]
	at be.labil.restapp.domain.mappers.IEtudiantMapperImpl.toDto(IEtudiantMapperImpl.java:53) ~[classes/:na]
	at be.labil.restapp.domain.mappers.IEtudiantMapperImpl.noteToNoteDto(IEtudiantMapperImpl.java:194) ~[classes/:na]
	at be.labil.restapp.domain.mappers.IEtudiantMapperImpl.noteSetToNoteDtoSet(IEtudiantMapperImpl.java:136) ~[classes/:na]
	at be.labil.restapp.domain.mappers.IEtudiantMapperImpl.toDto(IEtudiantMapperImpl.java:53) ~[classes/:na]
	at be.labil.restapp.domain.mappers.IEtudiantMapperImpl.noteToNoteDto(IEtudiantMapperImpl.java:194) ~[classes/:na]
	at be.labil.restapp.domain.mappers.IEtudiantMapperImpl.noteSetToNoteDtoSet(IEtudiantMapperImpl.java:136) ~[classes/:na]
	at be.labil.restapp.domain.mappers.IEtudiantMapperImpl.toDto(IEtudiantMapperImpl.java:53) ~[classes/:na]
	at be.labil.restapp.domain.mappers.IEtudiantMapperImpl.noteToNoteDto(IEtudiantMapperImpl.java:194) ~[classes/:na]
	at be.labil.restapp.domain.mappers.IEtudiantMapperImpl.noteSetToNoteDtoSet(IEtudiantMapperImpl.java:136) ~[classes/:na]
	at be.labil.restapp.domain.mappers.IEtudiantMapperImpl.toDto(IEtudiantMapperImpl.java:53) ~[classes/:na]
	at be.labil.restapp.domain.mappers.IEtudiantMapperImpl.noteToNoteDto(IEtudiantMapperImpl.java:194) ~[classes/:na]
	at be.labil.restapp.domain.mappers.IEtudiantMapperImpl.noteSetToNoteDtoSet(IEtudiantMapperImpl.java:136) ~[classes/:na]
	at be.labil.restapp.domain.mappers.IEtudiantMapperImpl.toDto(IEtudiantMapperImpl.java:53) ~[classes/:na]
	at be.labil.restapp.domain.mappers.IEtudiantMapperImpl.noteToNoteDto(IEtudiantMapperImpl.java:194) ~[classes/:na]
	at be.labil.restapp.domain.mappers.IEtudiantMapperImpl.noteSetToNoteDtoSet(IEtudiantMapperImpl.java:136) ~[classes/:na]
	at be.labil.restapp.domain.mappers.IEtudiantMapperImpl.toDto(IEtudiantMapperImpl.java:53) ~[classes/:na]
	at be.labil.restapp.domain.mappers.IEtudiantMapperImpl.noteToNoteDto(IEtudiantMapperImpl.java:194) ~[classes/:na]
	at be.labil.restapp.domain.mappers.IEtudiantMapperImpl.noteSetToNoteDtoSet(IEtudiantMapperImpl.java:136) ~[classes/:na]
	at be.labil.restapp.domain.mappers.IEtudiantMapperImpl.toDto(IEtudiantMapperImpl.java:53) ~[classes/:na]
	at be.labil.restapp.domain.mappers.IEtudiantMapperImpl.noteToNoteDto(IEtudiantMapperImpl.java:194) ~[classes/:na]
	at be.labil.restapp.domain.mappers.IEtudiantMapperImpl.noteSetToNoteDtoSet(IEtudiantMapperImpl.java:136) ~[classes/:na]
	at be.labil.restapp.domain.mappers.IEtudiantMapperImpl.toDto(IEtudiantMapperImpl.java:53) ~[classes/:na]
	at be.labil.restapp.domain.mappers.IEtudiantMapperImpl.noteToNoteDto(IEtudiantMapperImpl.java:194) ~[classes/:na]
	at be.labil.restapp.domain.mappers.IEtudiantMapperImpl.noteSetToNoteDtoSet(IEtudiantMapperImpl.java:136) ~[classes/:na]
	at be.labil.restapp.domain.mappers.IEtudiantMapperImpl.toDto(IEtudiantMapperImpl.java:53) ~[classes/:na]
	at be.labil.restapp.domain.mappers.IEtudiantMapperImpl.noteToNoteDto(IEtudiantMapperImpl.java:194) ~[classes/:na]
	at be.labil.restapp.domain.mappers.IEtudiantMapperImpl.noteSetToNoteDtoSet(IEtudiantMapperImpl.java:136) ~[classes/:na]
	at be.labil.restapp.domain.mappers.IEtudiantMapperImpl.toDto(IEtudiantMapperImpl.java:53) ~[classes/:na]
	at be.labil.restapp.domain.mappers.IEtudiantMapperImpl.noteToNoteDto(IEtudiantMapperImpl.java:194) ~[classes/:na]
	at be.labil.restapp.domain.mappers.IEtudiantMapperImpl.noteSetToNoteDtoSet(IEtudiantMapperImpl.java:136) ~[classes/:na]
	at be.labil.restapp.domain.mappers.IEtudiantMapperImpl.toDto(IEtudiantMapperImpl.java:53) ~[classes/:na]
	at be.labil.restapp.domain.mappers.IEtudiantMapperImpl.noteToNoteDto(IEtudiantMapperImpl.java:194) ~[classes/:na]
	at be.labil.restapp.domain.mappers.IEtudiantMapperImpl.noteSetToNoteDtoSet(IEtudiantMapperImpl.java:136) ~[classes/:na]
	at be.labil.restapp.domain.mappers.IEtudiantMapperImpl.toDto(IEtudiantMapperImpl.java:53) ~[classes/:na]
	at be.labil.restapp.domain.mappers.IEtudiantMapperImpl.noteToNoteDto(IEtudiantMapperImpl.java:194) ~[classes/:na]
	at be.labil.restapp.domain.mappers.IEtudiantMapperImpl.noteSetToNoteDtoSet(IEtudiantMapperImpl.java:136) ~[classes/:na]
	at be.labil.restapp.domain.mappers.IEtudiantMapperImpl.toDto(IEtudiantMapperImpl.java:53) ~[classes/:na]
	at be.labil.restapp.domain.mappers.IEtudiantMapperImpl.noteToNoteDto(IEtudiantMapperImpl.java:194) ~[classes/:na]
	at be.labil.restapp.domain.mappers.IEtudiantMapperImpl.noteSetToNoteDtoSet(IEtudiantMapperImpl.java:136) ~[classes/:na]
	at be.labil.restapp.domain.mappers.IEtudiantMapperImpl.toDto(IEtudiantMapperImpl.java:53) ~[classes/:na]
	at be.labil.restapp.domain.mappers.IEtudiantMapperImpl.noteToNoteDto(IEtudiantMapperImpl.java:194) ~[classes/:na]
	at be.labil.restapp.domain.mappers.IEtudiantMapperImpl.noteSetToNoteDtoSet(IEtudiantMapperImpl.java:136) ~[classes/:na]
	at be.labil.restapp.domain.mappers.IEtudiantMapperImpl.toDto(IEtudiantMapperImpl.java:53) ~[classes/:na]
	at be.labil.restapp.domain.mappers.IEtudiantMapperImpl.noteToNoteDto(IEtudiantMapperImpl.java:194) ~[classes/:na]
	at be.labil.restapp.domain.mappers.IEtudiantMapperImpl.noteSetToNoteDtoSet(IEtudiantMapperImpl.java:136) ~[classes/:na]
	at be.labil.restapp.domain.mappers.IEtudiantMapperImpl.toDto(IEtudiantMapperImpl.java:53) ~[classes/:na]
	at be.labil.restapp.domain.mappers.IEtudiantMapperImpl.noteToNoteDto(IEtudiantMapperImpl.java:194) ~[classes/:na]
	at be.labil.restapp.domain.mappers.IEtudiantMapperImpl.noteSetToNoteDtoSet(IEtudiantMapperImpl.java:136) ~[classes/:na]
	at be.labil.restapp.domain.mappers.IEtudiantMapperImpl.toDto(IEtudiantMapperImpl.java:53) ~[classes/:na]
	at be.labil.restapp.domain.mappers.IEtudiantMapperImpl.noteToNoteDto(IEtudiantMapperImpl.java:194) ~[classes/:na]
	at be.labil.restapp.domain.mappers.IEtudiantMapperImpl.noteSetToNoteDtoSet(IEtudiantMapperImpl.java:136) ~[classes/:na]
	at be.labil.restapp.domain.mappers.IEtudiantMapperImpl.toDto(IEtudiantMapperImpl.java:53) ~[classes/:na]
	at be.labil.restapp.domain.mappers.IEtudiantMapperImpl.noteToNoteDto(IEtudiantMapperImpl.java:194) ~[classes/:na]
	at be.labil.restapp.domain.mappers.IEtudiantMapperImpl.noteSetToNoteDtoSet(IEtudiantMapperImpl.java:136) ~[classes/:na]
	at be.labil.restapp.domain.mappers.IEtudiantMapperImpl.toDto(IEtudiantMapperImpl.java:53) ~[classes/:na]
	at be.labil.restapp.domain.mappers.IEtudiantMapperImpl.noteToNoteDto(IEtudiantMapperImpl.java:194) ~[classes/:na]
	at be.labil.restapp.domain.mappers.IEtudiantMapperImpl.noteSetToNoteDtoSet(IEtudiantMapperImpl.java:136) ~[classes/:na]
	at be.labil.restapp.domain.mappers.IEtudiantMapperImpl.toDto(IEtudiantMapperImpl.java:53) ~[classes/:na]
	at be.labil.restapp.domain.mappers.IEtudiantMapperImpl.noteToNoteDto(IEtudiantMapperImpl.java:194) ~[classes/:na]
	at be.labil.restapp.domain.mappers.IEtudiantMapperImpl.noteSetToNoteDtoSet(IEtudiantMapperImpl.java:136) ~[classes/:na]
	at be.labil.restapp.domain.mappers.IEtudiantMapperImpl.toDto(IEtudiantMapperImpl.java:53) ~[classes/:na]
	at be.labil.restapp.domain.mappers.IEtudiantMapperImpl.noteToNoteDto(IEtudiantMapperImpl.java:194) ~[classes/:na]
	at be.labil.restapp.domain.mappers.IEtudiantMapperImpl.noteSetToNoteDtoSet(IEtudiantMapperImpl.java:136) ~[classes/:na]
	at be.labil.restapp.domain.mappers.IEtudiantMapperImpl.toDto(IEtudiantMapperImpl.java:53) ~[classes/:na]
	at be.labil.restapp.domain.mappers.IEtudiantMapperImpl.noteToNoteDto(IEtudiantMapperImpl.java:194) ~[classes/:na]
	at be.labil.restapp.domain.mappers.IEtudiantMapperImpl.noteSetToNoteDtoSet(IEtudiantMapperImpl.java:136) ~[classes/:na]
	at be.labil.restapp.domain.mappers.IEtudiantMapperImpl.toDto(IEtudiantMapperImpl.java:53) ~[classes/:na]
	at be.labil.restapp.domain.mappers.IEtudiantMapperImpl.noteToNoteDto(IEtudiantMapperImpl.java:194) ~[classes/:na]
	at be.labil.restapp.domain.mappers.IEtudiantMapperImpl.noteSetToNoteDtoSet(IEtudiantMapperImpl.java:136) ~[classes/:na]
	at be.labil.restapp.domain.mappers.IEtudiantMapperImpl.toDto(IEtudiantMapperImpl.java:53) ~[classes/:na]
	at be.labil.restapp.domain.mappers.IEtudiantMapperImpl.noteToNoteDto(IEtudiantMapperImpl.java:194) ~[classes/:na]
	at be.labil.restapp.domain.mappers.IEtudiantMapperImpl.noteSetToNoteDtoSet(IEtudiantMapperImpl.java:136) ~[classes/:na]
	at be.labil.restapp.domain.mappers.IEtudiantMapperImpl.toDto(IEtudiantMapperImpl.java:53) ~[classes/:na]
	at be.labil.restapp.domain.mappers.IEtudiantMapperImpl.noteToNoteDto(IEtudiantMapperImpl.java:194) ~[classes/:na]
	at be.labil.restapp.domain.mappers.IEtudiantMapperImpl.noteSetToNoteDtoSet(IEtudiantMapperImpl.java:136) ~[classes/:na]
	at be.labil.restapp.domain.mappers.IEtudiantMapperImpl.toDto(IEtudiantMapperImpl.java:53) ~[classes/:na]
	at be.labil.restapp.domain.mappers.IEtudiantMapperImpl.noteToNoteDto(IEtudiantMapperImpl.java:194) ~[classes/:na]
	at be.labil.restapp.domain.mappers.IEtudiantMapperImpl.noteSetToNoteDtoSet(IEtudiantMapperImpl.java:136) ~[classes/:na]
	at be.labil.restapp.domain.mappers.IEtudiantMapperImpl.toDto(IEtudiantMapperImpl.java:53) ~[classes/:na]
	at be.labil.restapp.domain.mappers.IEtudiantMapperImpl.noteToNoteDto(IEtudiantMapperImpl.java:194) ~[classes/:na]
	at be.labil.restapp.domain.mappers.IEtudiantMapperImpl.noteSetToNoteDtoSet(IEtudiantMapperImpl.java:136) ~[classes/:na]
	at be.labil.restapp.domain.mappers.IEtudiantMapperImpl.toDto(IEtudiantMapperImpl.java:53) ~[classes/:na]
	at be.labil.restapp.domain.mappers.IEtudiantMapperImpl.noteToNoteDto(IEtudiantMapperImpl.java:194) ~[classes/:na]
	at be.labil.restapp.domain.mappers.IEtudiantMapperImpl.noteSetToNoteDtoSet(IEtudiantMapperImpl.java:136) ~[classes/:na]
	at be.labil.restapp.domain.mappers.IEtudiantMapperImpl.toDto(IEtudiantMapperImpl.java:53) ~[classes/:na]
	at be.labil.restapp.domain.mappers.IEtudiantMapperImpl.noteToNoteDto(IEtudiantMapperImpl.java:194) ~[classes/:na]
	at be.labil.restapp.domain.mappers.IEtudiantMapperImpl.noteSetToNoteDtoSet(IEtudiantMapperImpl.java:136) ~[classes/:na]
	at be.labil.restapp.domain.mappers.IEtudiantMapperImpl.toDto(IEtudiantMapperImpl.java:53) ~[classes/:na]
	at be.labil.restapp.domain.mappers.IEtudiantMapperImpl.noteToNoteDto(IEtudiantMapperImpl.java:194) ~[classes/:na]
	at be.labil.restapp.domain.mappers.IEtudiantMapperImpl.noteSetToNoteDtoSet(IEtudiantMapperImpl.java:136) ~[classes/:na]
	at be.labil.restapp.domain.mappers.IEtudiantMapperImpl.toDto(IEtudiantMapperImpl.java:53) ~[classes/:na]
	at be.labil.restapp.domain.mappers.IEtudiantMapperImpl.noteToNoteDto(IEtudiantMapperImpl.java:194) ~[classes/:na]
	at be.labil.restapp.domain.mappers.IEtudiantMapperImpl.noteSetToNoteDtoSet(IEtudiantMapperImpl.java:136) ~[classes/:na]
	at be.labil.restapp.domain.mappers.IEtudiantMapperImpl.toDto(IEtudiantMapperImpl.java:53) ~[classes/:na]
	at be.labil.restapp.domain.mappers.IEtudiantMapperImpl.noteToNoteDto(IEtudiantMapperImpl.java:194) ~[classes/:na]
	at be.labil.restapp.domain.mappers.IEtudiantMapperImpl.noteSetToNoteDtoSet(IEtudiantMapperImpl.java:136) ~[classes/:na]
	at be.labil.restapp.domain.mappers.IEtudiantMapperImpl.toDto(IEtudiantMapperImpl.java:53) ~[classes/:na]
	at be.labil.restapp.domain.mappers.IEtudiantMapperImpl.noteToNoteDto(IEtudiantMapperImpl.java:194) ~[classes/:na]
	at be.labil.restapp.domain.mappers.IEtudiantMapperImpl.noteSetToNoteDtoSet(IEtudiantMapperImpl.java:136) ~[classes/:na]
	at be.labil.restapp.domain.mappers.IEtudiantMapperImpl.toDto(IEtudiantMapperImpl.java:53) ~[classes/:na]
	at be.labil.restapp.domain.mappers.IEtudiantMapperImpl.noteToNoteDto(IEtudiantMapperImpl.java:194) ~[classes/:na]
	at be.labil.restapp.domain.mappers.IEtudiantMapperImpl.noteSetToNoteDtoSet(IEtudiantMapperImpl.java:136) ~[classes/:na]
	at be.labil.restapp.domain.mappers.IEtudiantMapperImpl.toDto(IEtudiantMapperImpl.java:53) ~[classes/:na]
	at be.labil.restapp.domain.mappers.IEtudiantMapperImpl.noteToNoteDto(IEtudiantMapperImpl.java:194) ~[classes/:na]
	at be.labil.restapp.domain.mappers.IEtudiantMapperImpl.noteSetToNoteDtoSet(IEtudiantMapperImpl.java:136) ~[classes/:na]
	at be.labil.restapp.domain.mappers.IEtudiantMapperImpl.toDto(IEtudiantMapperImpl.java:53) ~[classes/:na]
	at be.labil.restapp.domain.mappers.IEtudiantMapperImpl.noteToNoteDto(IEtudiantMapperImpl.java:194) ~[classes/:na]
	at be.labil.restapp.domain.mappers.IEtudiantMapperImpl.noteSetToNoteDtoSet(IEtudiantMapperImpl.java:136) ~[classes/:na]
	at be.labil.restapp.domain.mappers.IEtudiantMapperImpl.toDto(IEtudiantMapperImpl.java:53) ~[classes/:na]
	at be.labil.restapp.domain.mappers.IEtudiantMapperImpl.noteToNoteDto(IEtudiantMapperImpl.java:194) ~[classes/:na]
	at be.labil.restapp.domain.mappers.IEtudiantMapperImpl.noteSetToNoteDtoSet(IEtudiantMapperImpl.java:136) ~[classes/:na]
	at be.labil.restapp.domain.mappers.IEtudiantMapperImpl.toDto(IEtudiantMapperImpl.java:53) ~[classes/:na]
	at be.labil.restapp.domain.mappers.IEtudiantMapperImpl.noteToNoteDto(IEtudiantMapperImpl.java:194) ~[classes/:na]
	at be.labil.restapp.domain.mappers.IEtudiantMapperImpl.noteSetToNoteDtoSet(IEtudiantMapperImpl.java:136) ~[classes/:na]
	at be.labil.restapp.domain.mappers.IEtudiantMapperImpl.toDto(IEtudiantMapperImpl.java:53) ~[classes/:na]
	at be.labil.restapp.domain.mappers.IEtudiantMapperImpl.noteToNoteDto(IEtudiantMapperImpl.java:194) ~[classes/:na]
	at be.labil.restapp.domain.mappers.IEtudiantMapperImpl.noteSetToNoteDtoSet(IEtudiantMapperImpl.java:136) ~[classes/:na]
	at be.labil.restapp.domain.mappers.IEtudiantMapperImpl.toDto(IEtudiantMapperImpl.java:53) ~[classes/:na]
	at be.labil.restapp.domain.mappers.IEtudiantMapperImpl.noteToNoteDto(IEtudiantMapperImpl.java:194) ~[classes/:na]
	at be.labil.restapp.domain.mappers.IEtudiantMapperImpl.noteSetToNoteDtoSet(IEtudiantMapperImpl.java:136) ~[classes/:na]
	at be.labil.restapp.domain.mappers.IEtudiantMapperImpl.toDto(IEtudiantMapperImpl.java:53) ~[classes/:na]
	at be.labil.restapp.domain.mappers.IEtudiantMapperImpl.noteToNoteDto(IEtudiantMapperImpl.java:194) ~[classes/:na]
	at be.labil.restapp.domain.mappers.IEtudiantMapperImpl.noteSetToNoteDtoSet(IEtudiantMapperImpl.java:136) ~[classes/:na]
	at be.labil.restapp.domain.mappers.IEtudiantMapperImpl.toDto(IEtudiantMapperImpl.java:53) ~[classes/:na]
	at be.labil.restapp.domain.mappers.IEtudiantMapperImpl.noteToNoteDto(IEtudiantMapperImpl.java:194) ~[classes/:na]
	at be.labil.restapp.domain.mappers.IEtudiantMapperImpl.noteSetToNoteDtoSet(IEtudiantMapperImpl.java:136) ~[classes/:na]
	at be.labil.restapp.domain.mappers.IEtudiantMapperImpl.toDto(IEtudiantMapperImpl.java:53) ~[classes/:na]
	at be.labil.restapp.domain.mappers.IEtudiantMapperImpl.noteToNoteDto(IEtudiantMapperImpl.java:194) ~[classes/:na]
	at be.labil.restapp.domain.mappers.IEtudiantMapperImpl.noteSetToNoteDtoSet(IEtudiantMapperImpl.java:136) ~[classes/:na]
	at be.labil.restapp.domain.mappers.IEtudiantMapperImpl.toDto(IEtudiantMapperImpl.java:53) ~[classes/:na]
	at be.labil.restapp.domain.mappers.IEtudiantMapperImpl.noteToNoteDto(IEtudiantMapperImpl.java:194) ~[classes/:na]
	at be.labil.restapp.domain.mappers.IEtudiantMapperImpl.noteSetToNoteDtoSet(IEtudiantMapperImpl.java:136) ~[classes/:na]
	at be.labil.restapp.domain.mappers.IEtudiantMapperImpl.toDto(IEtudiantMapperImpl.java:53) ~[classes/:na]
	at be.labil.restapp.domain.mappers.IEtudiantMapperImpl.noteToNoteDto(IEtudiantMapperImpl.java:194) ~[classes/:na]
	at be.labil.restapp.domain.mappers.IEtudiantMapperImpl.noteSetToNoteDtoSet(IEtudiantMapperImpl.java:136) ~[classes/:na]
	at be.labil.restapp.domain.mappers.IEtudiantMapperImpl.toDto(IEtudiantMapperImpl.java:53) ~[classes/:na]
	at be.labil.restapp.domain.mappers.IEtudiantMapperImpl.noteToNoteDto(IEtudiantMapperImpl.java:194) ~[classes/:na]
	at be.labil.restapp.domain.mappers.IEtudiantMapperImpl.noteSetToNoteDtoSet(IEtudiantMapperImpl.java:136) ~[classes/:na]
	at be.labil.restapp.domain.mappers.IEtudiantMapperImpl.toDto(IEtudiantMapperImpl.java:53) ~[classes/:na]
	at be.labil.restapp.domain.mappers.IEtudiantMapperImpl.noteToNoteDto(IEtudiantMapperImpl.java:194) ~[classes/:na]
	at be.labil.restapp.domain.mappers.IEtudiantMapperImpl.noteSetToNoteDtoSet(IEtudiantMapperImpl.java:136) ~[classes/:na]
	at be.labil.restapp.domain.mappers.IEtudiantMapperImpl.toDto(IEtudiantMapperImpl.java:53) ~[classes/:na]
	at be.labil.restapp.domain.mappers.IEtudiantMapperImpl.noteToNoteDto(IEtudiantMapperImpl.java:194) ~[classes/:na]
	at be.labil.restapp.domain.mappers.IEtudiantMapperImpl.noteSetToNoteDtoSet(IEtudiantMapperImpl.java:136) ~[classes/:na]
	at be.labil.restapp.domain.mappers.IEtudiantMapperImpl.toDto(IEtudiantMapperImpl.java:53) ~[classes/:na]
	at be.labil.restapp.domain.mappers.IEtudiantMapperImpl.noteToNoteDto(IEtudiantMapperImpl.java:194) ~[classes/:na]
	at be.labil.restapp.domain.mappers.IEtudiantMapperImpl.noteSetToNoteDtoSet(IEtudiantMapperImpl.java:136) ~[classes/:na]
	at be.labil.restapp.domain.mappers.IEtudiantMapperImpl.toDto(IEtudiantMapperImpl.java:53) ~[classes/:na]
	at be.labil.restapp.domain.mappers.IEtudiantMapperImpl.noteToNoteDto(IEtudiantMapperImpl.java:194) ~[classes/:na]
	at be.labil.restapp.domain.mappers.IEtudiantMapperImpl.noteSetToNoteDtoSet(IEtudiantMapperImpl.java:136) ~[classes/:na]
	at be.labil.restapp.domain.mappers.IEtudiantMapperImpl.toDto(IEtudiantMapperImpl.java:53) ~[classes/:na]
	at be.labil.restapp.domain.mappers.IEtudiantMapperImpl.noteToNoteDto(IEtudiantMapperImpl.java:194) ~[classes/:na]
	at be.labil.restapp.domain.mappers.IEtudiantMapperImpl.noteSetToNoteDtoSet(IEtudiantMapperImpl.java:136) ~[classes/:na]
	at be.labil.restapp.domain.mappers.IEtudiantMapperImpl.toDto(IEtudiantMapperImpl.java:53) ~[classes/:na]
	at be.labil.restapp.domain.mappers.IEtudiantMapperImpl.noteToNoteDto(IEtudiantMapperImpl.java:194) ~[classes/:na]
	at be.labil.restapp.domain.mappers.IEtudiantMapperImpl.noteSetToNoteDtoSet(IEtudiantMapperImpl.java:136) ~[classes/:na]
	at be.labil.restapp.domain.mappers.IEtudiantMapperImpl.toDto(IEtudiantMapperImpl.java:53) ~[classes/:na]
	at be.labil.restapp.domain.mappers.IEtudiantMapperImpl.noteToNoteDto(IEtudiantMapperImpl.java:194) ~[classes/:na]
	at be.labil.restapp.domain.mappers.IEtudiantMapperImpl.noteSetToNoteDtoSet(IEtudiantMapperImpl.java:136) ~[classes/:na]
	at be.labil.restapp.domain.mappers.IEtudiantMapperImpl.toDto(IEtudiantMapperImpl.java:53) ~[classes/:na]
	at be.labil.restapp.domain.mappers.IEtudiantMapperImpl.noteToNoteDto(IEtudiantMapperImpl.java:194) ~[classes/:na]
	at be.labil.restapp.domain.mappers.IEtudiantMapperImpl.noteSetToNoteDtoSet(IEtudiantMapperImpl.java:136) ~[classes/:na]
	at be.labil.restapp.domain.mappers.IEtudiantMapperImpl.toDto(IEtudiantMapperImpl.java:53) ~[classes/:na]
	at be.labil.restapp.domain.mappers.IEtudiantMapperImpl.noteToNoteDto(IEtudiantMapperImpl.java:194) ~[classes/:na]
	at be.labil.restapp.domain.mappers.IEtudiantMapperImpl.noteSetToNoteDtoSet(IEtudiantMapperImpl.java:136) ~[classes/:na]
	at be.labil.restapp.domain.mappers.IEtudiantMapperImpl.toDto(IEtudiantMapperImpl.java:53) ~[classes/:na]
	at be.labil.restapp.domain.mappers.IEtudiantMapperImpl.noteToNoteDto(IEtudiantMapperImpl.java:194) ~[classes/:na]
	at be.labil.restapp.domain.mappers.IEtudiantMapperImpl.noteSetToNoteDtoSet(IEtudiantMapperImpl.java:136) ~[classes/:na]
	at be.labil.restapp.domain.mappers.IEtudiantMapperImpl.toDto(IEtudiantMapperImpl.java:53) ~[classes/:na]
	at be.labil.restapp.domain.mappers.IEtudiantMapperImpl.noteToNoteDto(IEtudiantMapperImpl.java:194) ~[classes/:na]
	at be.labil.restapp.domain.mappers.IEtudiantMapperImpl.noteSetToNoteDtoSet(IEtudiantMapperImpl.java:136) ~[classes/:na]
	at be.labil.restapp.domain.mappers.IEtudiantMapperImpl.toDto(IEtudiantMapperImpl.java:53) ~[classes/:na]
	at be.labil.restapp.domain.mappers.IEtudiantMapperImpl.noteToNoteDto(IEtudiantMapperImpl.java:194) ~[classes/:na]
	at be.labil.restapp.domain.mappers.IEtudiantMapperImpl.noteSetToNoteDtoSet(IEtudiantMapperImpl.java:136) ~[classes/:na]
	at be.labil.restapp.domain.mappers.IEtudiantMapperImpl.toDto(IEtudiantMapperImpl.java:53) ~[classes/:na]
	at be.labil.restapp.domain.mappers.IEtudiantMapperImpl.noteToNoteDto(IEtudiantMapperImpl.java:194) ~[classes/:na]
	at be.labil.restapp.domain.mappers.IEtudiantMapperImpl.noteSetToNoteDtoSet(IEtudiantMapperImpl.java:136) ~[classes/:na]
	at be.labil.restapp.domain.mappers.IEtudiantMapperImpl.toDto(IEtudiantMapperImpl.java:53) ~[classes/:na]
	at be.labil.restapp.domain.mappers.IEtudiantMapperImpl.noteToNoteDto(IEtudiantMapperImpl.java:194) ~[classes/:na]
	at be.labil.restapp.domain.mappers.IEtudiantMapperImpl.noteSetToNoteDtoSet(IEtudiantMapperImpl.java:136) ~[classes/:na]
	at be.labil.restapp.domain.mappers.IEtudiantMapperImpl.toDto(IEtudiantMapperImpl.java:53) ~[classes/:na]
	at be.labil.restapp.domain.mappers.IEtudiantMapperImpl.noteToNoteDto(IEtudiantMapperImpl.java:194) ~[classes/:na]
	at be.labil.restapp.domain.mappers.IEtudiantMapperImpl.noteSetToNoteDtoSet(IEtudiantMapperImpl.java:136) ~[classes/:na]
	at be.labil.restapp.domain.mappers.IEtudiantMapperImpl.toDto(IEtudiantMapperImpl.java:53) ~[classes/:na]
	at be.labil.restapp.domain.mappers.IEtudiantMapperImpl.noteToNoteDto(IEtudiantMapperImpl.java:194) ~[classes/:na]
	at be.labil.restapp.domain.mappers.IEtudiantMapperImpl.noteSetToNoteDtoSet(IEtudiantMapperImpl.java:136) ~[classes/:na]
	at be.labil.restapp.domain.mappers.IEtudiantMapperImpl.toDto(IEtudiantMapperImpl.java:53) ~[classes/:na]
	at be.labil.restapp.domain.mappers.IEtudiantMapperImpl.noteToNoteDto(IEtudiantMapperImpl.java:194) ~[classes/:na]
	at be.labil.restapp.domain.mappers.IEtudiantMapperImpl.noteSetToNoteDtoSet(IEtudiantMapperImpl.java:136) ~[classes/:na]
	at be.labil.restapp.domain.mappers.IEtudiantMapperImpl.toDto(IEtudiantMapperImpl.java:53) ~[classes/:na]
	at be.labil.restapp.domain.mappers.IEtudiantMapperImpl.noteToNoteDto(IEtudiantMapperImpl.java:194) ~[classes/:na]
	at be.labil.restapp.domain.mappers.IEtudiantMapperImpl.noteSetToNoteDtoSet(IEtudiantMapperImpl.java:136) ~[classes/:na]
	at be.labil.restapp.domain.mappers.IEtudiantMapperImpl.toDto(IEtudiantMapperImpl.java:53) ~[classes/:na]
	at be.labil.restapp.domain.mappers.IEtudiantMapperImpl.noteToNoteDto(IEtudiantMapperImpl.java:194) ~[classes/:na]
	at be.labil.restapp.domain.mappers.IEtudiantMapperImpl.noteSetToNoteDtoSet(IEtudiantMapperImpl.java:136) ~[classes/:na]
	at be.labil.restapp.domain.mappers.IEtudiantMapperImpl.toDto(IEtudiantMapperImpl.java:53) ~[classes/:na]
	at be.labil.restapp.domain.mappers.IEtudiantMapperImpl.noteToNoteDto(IEtudiantMapperImpl.java:194) ~[classes/:na]
	at be.labil.restapp.domain.mappers.IEtudiantMapperImpl.noteSetToNoteDtoSet(IEtudiantMapperImpl.java:136) ~[classes/:na]
	at be.labil.restapp.domain.mappers.IEtudiantMapperImpl.toDto(IEtudiantMapperImpl.java:53) ~[classes/:na]
	at be.labil.restapp.domain.mappers.IEtudiantMapperImpl.noteToNoteDto(IEtudiantMapperImpl.java:194) ~[classes/:na]
	at be.labil.restapp.domain.mappers.IEtudiantMapperImpl.noteSetToNoteDtoSet(IEtudiantMapperImpl.java:136) ~[classes/:na]
	at be.labil.restapp.domain.mappers.IEtudiantMapperImpl.toDto(IEtudiantMapperImpl.java:53) ~[classes/:na]
	at be.labil.restapp.domain.mappers.IEtudiantMapperImpl.noteToNoteDto(IEtudiantMapperImpl.java:194) ~[classes/:na]
	at be.labil.restapp.domain.mappers.IEtudiantMapperImpl.noteSetToNoteDtoSet(IEtudiantMapperImpl.java:136) ~[classes/:na]
	at be.labil.restapp.domain.mappers.IEtudiantMapperImpl.toDto(IEtudiantMapperImpl.java:53) ~[classes/:na]
	at be.labil.restapp.domain.mappers.IEtudiantMapperImpl.noteToNoteDto(IEtudiantMapperImpl.java:194) ~[classes/:na]
	at be.labil.restapp.domain.mappers.IEtudiantMapperImpl.noteSetToNoteDtoSet(IEtudiantMapperImpl.java:136) ~[classes/:na]
	at be.labil.restapp.domain.mappers.IEtudiantMapperImpl.toDto(IEtudiantMapperImpl.java:53) ~[classes/:na]
	at be.labil.restapp.domain.mappers.IEtudiantMapperImpl.noteToNoteDto(IEtudiantMapperImpl.java:194) ~[classes/:na]
	at be.labil.restapp.domain.mappers.IEtudiantMapperImpl.noteSetToNoteDtoSet(IEtudiantMapperImpl.java:136) ~[classes/:na]
	at be.labil.restapp.domain.mappers.IEtudiantMapperImpl.toDto(IEtudiantMapperImpl.java:53) ~[classes/:na]
	at be.labil.restapp.domain.mappers.IEtudiantMapperImpl.noteToNoteDto(IEtudiantMapperImpl.java:194) ~[classes/:na]
	at be.labil.restapp.domain.mappers.IEtudiantMapperImpl.noteSetToNoteDtoSet(IEtudiantMapperImpl.java:136) ~[classes/:na]
	at be.labil.restapp.domain.mappers.IEtudiantMapperImpl.toDto(IEtudiantMapperImpl.java:53) ~[classes/:na]
	at be.labil.restapp.domain.mappers.IEtudiantMapperImpl.noteToNoteDto(IEtudiantMapperImpl.java:194) ~[classes/:na]
	at be.labil.restapp.domain.mappers.IEtudiantMapperImpl.noteSetToNoteDtoSet(IEtudiantMapperImpl.java:136) ~[classes/:na]
	at be.labil.restapp.domain.mappers.IEtudiantMapperImpl.toDto(IEtudiantMapperImpl.java:53) ~[classes/:na]
	at be.labil.restapp.domain.mappers.IEtudiantMapperImpl.noteToNoteDto(IEtudiantMapperImpl.java:194) ~[classes/:na]
	at be.labil.restapp.domain.mappers.IEtudiantMapperImpl.noteSetToNoteDtoSet(IEtudiantMapperImpl.java:136) ~[classes/:na]
	at be.labil.restapp.domain.mappers.IEtudiantMapperImpl.toDto(IEtudiantMapperImpl.java:53) ~[classes/:na]
	at be.labil.restapp.domain.mappers.IEtudiantMapperImpl.noteToNoteDto(IEtudiantMapperImpl.java:194) ~[classes/:na]
	at be.labil.restapp.domain.mappers.IEtudiantMapperImpl.noteSetToNoteDtoSet(IEtudiantMapperImpl.java:136) ~[classes/:na]
	at be.labil.restapp.domain.mappers.IEtudiantMapperImpl.toDto(IEtudiantMapperImpl.java:53) ~[classes/:na]
	at be.labil.restapp.domain.mappers.IEtudiantMapperImpl.noteToNoteDto(IEtudiantMapperImpl.java:194) ~[classes/:na]
	at be.labil.restapp.domain.mappers.IEtudiantMapperImpl.noteSetToNoteDtoSet(IEtudiantMapperImpl.java:136) ~[classes/:na]
	at be.labil.restapp.domain.mappers.IEtudiantMapperImpl.toDto(IEtudiantMapperImpl.java:53) ~[classes/:na]
	at be.labil.restapp.domain.mappers.IEtudiantMapperImpl.noteToNoteDto(IEtudiantMapperImpl.java:194) ~[classes/:na]
	at be.labil.restapp.domain.mappers.IEtudiantMapperImpl.noteSetToNoteDtoSet(IEtudiantMapperImpl.java:136) ~[classes/:na]
	at be.labil.restapp.domain.mappers.IEtudiantMapperImpl.toDto(IEtudiantMapperImpl.java:53) ~[classes/:na]
	at be.labil.restapp.domain.mappers.IEtudiantMapperImpl.noteToNoteDto(IEtudiantMapperImpl.java:194) ~[classes/:na]
	at be.labil.restapp.domain.mappers.IEtudiantMapperImpl.noteSetToNoteDtoSet(IEtudiantMapperImpl.java:136) ~[classes/:na]
	at be.labil.restapp.domain.mappers.IEtudiantMapperImpl.toDto(IEtudiantMapperImpl.java:53) ~[classes/:na]
	at be.labil.restapp.domain.mappers.IEtudiantMapperImpl.noteToNoteDto(IEtudiantMapperImpl.java:194) ~[classes/:na]
	at be.labil.restapp.domain.mappers.IEtudiantMapperImpl.noteSetToNoteDtoSet(IEtudiantMapperImpl.java:136) ~[classes/:na]
	at be.labil.restapp.domain.mappers.IEtudiantMapperImpl.toDto(IEtudiantMapperImpl.java:53) ~[classes/:na]
	at be.labil.restapp.domain.mappers.IEtudiantMapperImpl.noteToNoteDto(IEtudiantMapperImpl.java:194) ~[classes/:na]
	at be.labil.restapp.domain.mappers.IEtudiantMapperImpl.noteSetToNoteDtoSet(IEtudiantMapperImpl.java:136) ~[classes/:na]
	at be.labil.restapp.domain.mappers.IEtudiantMapperImpl.toDto(IEtudiantMapperImpl.java:53) ~[classes/:na]
	at be.labil.restapp.domain.mappers.IEtudiantMapperImpl.noteToNoteDto(IEtudiantMapperImpl.java:194) ~[classes/:na]
	at be.labil.restapp.domain.mappers.IEtudiantMapperImpl.noteSetToNoteDtoSet(IEtudiantMapperImpl.java:136) ~[classes/:na]
	at be.labil.restapp.domain.mappers.IEtudiantMapperImpl.toDto(IEtudiantMapperImpl.java:53) ~[classes/:na]
	at be.labil.restapp.domain.mappers.IEtudiantMapperImpl.noteToNoteDto(IEtudiantMapperImpl.java:194) ~[classes/:na]
	at be.labil.restapp.domain.mappers.IEtudiantMapperImpl.noteSetToNoteDtoSet(IEtudiantMapperImpl.java:136) ~[classes/:na]
	at be.labil.restapp.domain.mappers.IEtudiantMapperImpl.toDto(IEtudiantMapperImpl.java:53) ~[classes/:na]
	at be.labil.restapp.domain.mappers.IEtudiantMapperImpl.noteToNoteDto(IEtudiantMapperImpl.java:194) ~[classes/:na]
	at be.labil.restapp.domain.mappers.IEtudiantMapperImpl.noteSetToNoteDtoSet(IEtudiantMapperImpl.java:136) ~[classes/:na]
	at be.labil.restapp.domain.mappers.IEtudiantMapperImpl.toDto(IEtudiantMapperImpl.java:53) ~[classes/:na]
	at be.labil.restapp.domain.mappers.IEtudiantMapperImpl.noteToNoteDto(IEtudiantMapperImpl.java:194) ~[classes/:na]
	at be.labil.restapp.domain.mappers.IEtudiantMapperImpl.noteSetToNoteDtoSet(IEtudiantMapperImpl.java:136) ~[classes/:na]
	at be.labil.restapp.domain.mappers.IEtudiantMapperImpl.toDto(IEtudiantMapperImpl.java:53) ~[classes/:na]
	at be.labil.restapp.domain.mappers.IEtudiantMapperImpl.noteToNoteDto(IEtudiantMapperImpl.java:194) ~[classes/:na]
	at be.labil.restapp.domain.mappers.IEtudiantMapperImpl.noteSetToNoteDtoSet(IEtudiantMapperImpl.java:136) ~[classes/:na]
	at be.labil.restapp.domain.mappers.IEtudiantMapperImpl.toDto(IEtudiantMapperImpl.java:53) ~[classes/:na]
	at be.labil.restapp.domain.mappers.IEtudiantMapperImpl.noteToNoteDto(IEtudiantMapperImpl.java:194) ~[classes/:na]
	at be.labil.restapp.domain.mappers.IEtudiantMapperImpl.noteSetToNoteDtoSet(IEtudiantMapperImpl.java:136) ~[classes/:na]
	at be.labil.restapp.domain.mappers.IEtudiantMapperImpl.toDto(IEtudiantMapperImpl.java:53) ~[classes/:na]
	at be.labil.restapp.domain.mappers.IEtudiantMapperImpl.noteToNoteDto(IEtudiantMapperImpl.java:194) ~[classes/:na]
	at be.labil.restapp.domain.mappers.IEtudiantMapperImpl.noteSetToNoteDtoSet(IEtudiantMapperImpl.java:136) ~[classes/:na]
	at be.labil.restapp.domain.mappers.IEtudiantMapperImpl.toDto(IEtudiantMapperImpl.java:53) ~[classes/:na]
	at be.labil.restapp.domain.mappers.IEtudiantMapperImpl.noteToNoteDto(IEtudiantMapperImpl.java:194) ~[classes/:na]
	at be.labil.restapp.domain.mappers.IEtudiantMapperImpl.noteSetToNoteDtoSet(IEtudiantMapperImpl.java:136) ~[classes/:na]
	at be.labil.restapp.domain.mappers.IEtudiantMapperImpl.toDto(IEtudiantMapperImpl.java:53) ~[classes/:na]
	at be.labil.restapp.domain.mappers.IEtudiantMapperImpl.noteToNoteDto(IEtudiantMapperImpl.java:194) ~[classes/:na]
	at be.labil.restapp.domain.mappers.IEtudiantMapperImpl.noteSetToNoteDtoSet(IEtudiantMapperImpl.java:136) ~[classes/:na]
	at be.labil.restapp.domain.mappers.IEtudiantMapperImpl.toDto(IEtudiantMapperImpl.java:53) ~[classes/:na]
	at be.labil.restapp.domain.mappers.IEtudiantMapperImpl.noteToNoteDto(IEtudiantMapperImpl.java:194) ~[classes/:na]
	at be.labil.restapp.domain.mappers.IEtudiantMapperImpl.noteSetToNoteDtoSet(IEtudiantMapperImpl.java:136) ~[classes/:na]
	at be.labil.restapp.domain.mappers.IEtudiantMapperImpl.toDto(IEtudiantMapperImpl.java:53) ~[classes/:na]
	at be.labil.restapp.domain.mappers.IEtudiantMapperImpl.noteToNoteDto(IEtudiantMapperImpl.java:194) ~[classes/:na]
	at be.labil.restapp.domain.mappers.IEtudiantMapperImpl.noteSetToNoteDtoSet(IEtudiantMapperImpl.java:136) ~[classes/:na]
	at be.labil.restapp.domain.mappers.IEtudiantMapperImpl.toDto(IEtudiantMapperImpl.java:53) ~[classes/:na]
	at be.labil.restapp.domain.mappers.IEtudiantMapperImpl.noteToNoteDto(IEtudiantMapperImpl.java:194) ~[classes/:na]
	at be.labil.restapp.domain.mappers.IEtudiantMapperImpl.noteSetToNoteDtoSet(IEtudiantMapperImpl.java:136) ~[classes/:na]
	at be.labil.restapp.domain.mappers.IEtudiantMapperImpl.toDto(IEtudiantMapperImpl.java:53) ~[classes/:na]
	at be.labil.restapp.domain.mappers.IEtudiantMapperImpl.noteToNoteDto(IEtudiantMapperImpl.java:194) ~[classes/:na]
	at be.labil.restapp.domain.mappers.IEtudiantMapperImpl.noteSetToNoteDtoSet(IEtudiantMapperImpl.java:136) ~[classes/:na]
	at be.labil.restapp.domain.mappers.IEtudiantMapperImpl.toDto(IEtudiantMapperImpl.java:53) ~[classes/:na]
	at be.labil.restapp.domain.mappers.IEtudiantMapperImpl.noteToNoteDto(IEtudiantMapperImpl.java:194) ~[classes/:na]
	at be.labil.restapp.domain.mappers.IEtudiantMapperImpl.noteSetToNoteDtoSet(IEtudiantMapperImpl.java:136) ~[classes/:na]
	at be.labil.restapp.domain.mappers.IEtudiantMapperImpl.toDto(IEtudiantMapperImpl.java:53) ~[classes/:na]
	at be.labil.restapp.domain.mappers.IEtudiantMapperImpl.noteToNoteDto(IEtudiantMapperImpl.java:194) ~[classes/:na]
	at be.labil.restapp.domain.mappers.IEtudiantMapperImpl.noteSetToNoteDtoSet(IEtudiantMapperImpl.java:136) ~[classes/:na]
	at be.labil.restapp.domain.mappers.IEtudiantMapperImpl.toDto(IEtudiantMapperImpl.java:53) ~[classes/:na]
	at be.labil.restapp.domain.mappers.IEtudiantMapperImpl.noteToNoteDto(IEtudiantMapperImpl.java:194) ~[classes/:na]
	at be.labil.restapp.domain.mappers.IEtudiantMapperImpl.noteSetToNoteDtoSet(IEtudiantMapperImpl.java:136) ~[classes/:na]
	at be.labil.restapp.domain.mappers.IEtudiantMapperImpl.toDto(IEtudiantMapperImpl.java:53) ~[classes/:na]
	at be.labil.restapp.domain.mappers.IEtudiantMapperImpl.noteToNoteDto(IEtudiantMapperImpl.java:194) ~[classes/:na]
	at be.labil.restapp.domain.mappers.IEtudiantMapperImpl.noteSetToNoteDtoSet(IEtudiantMapperImpl.java:136) ~[classes/:na]
	at be.labil.restapp.domain.mappers.IEtudiantMapperImpl.toDto(IEtudiantMapperImpl.java:53) ~[classes/:na]
	at be.labil.restapp.domain.mappers.IEtudiantMapperImpl.noteToNoteDto(IEtudiantMapperImpl.java:194) ~[classes/:na]
	at be.labil.restapp.domain.mappers.IEtudiantMapperImpl.noteSetToNoteDtoSet(IEtudiantMapperImpl.java:136) ~[classes/:na]
	at be.labil.restapp.domain.mappers.IEtudiantMapperImpl.toDto(IEtudiantMapperImpl.java:53) ~[classes/:na]
	at be.labil.restapp.domain.mappers.IEtudiantMapperImpl.noteToNoteDto(IEtudiantMapperImpl.java:194) ~[classes/:na]
	at be.labil.restapp.domain.mappers.IEtudiantMapperImpl.noteSetToNoteDtoSet(IEtudiantMapperImpl.java:136) ~[classes/:na]
	at be.labil.restapp.domain.mappers.IEtudiantMapperImpl.toDto(IEtudiantMapperImpl.java:53) ~[classes/:na]
	at be.labil.restapp.domain.mappers.IEtudiantMapperImpl.noteToNoteDto(IEtudiantMapperImpl.java:194) ~[classes/:na]
	at be.labil.restapp.domain.mappers.IEtudiantMapperImpl.noteSetToNoteDtoSet(IEtudiantMapperImpl.java:136) ~[classes/:na]
	at be.labil.restapp.domain.mappers.IEtudiantMapperImpl.toDto(IEtudiantMapperImpl.java:53) ~[classes/:na]
	at be.labil.restapp.domain.mappers.IEtudiantMapperImpl.noteToNoteDto(IEtudiantMapperImpl.java:194) ~[classes/:na]
	at be.labil.restapp.domain.mappers.IEtudiantMapperImpl.noteSetToNoteDtoSet(IEtudiantMapperImpl.java:136) ~[classes/:na]
	at be.labil.restapp.domain.mappers.IEtudiantMapperImpl.toDto(IEtudiantMapperImpl.java:53) ~[classes/:na]
	at be.labil.restapp.domain.mappers.IEtudiantMapperImpl.noteToNoteDto(IEtudiantMapperImpl.java:194) ~[classes/:na]
	at be.labil.restapp.domain.mappers.IEtudiantMapperImpl.noteSetToNoteDtoSet(IEtudiantMapperImpl.java:136) ~[classes/:na]
	at be.labil.restapp.domain.mappers.IEtudiantMapperImpl.toDto(IEtudiantMapperImpl.java:53) ~[classes/:na]
	at be.labil.restapp.domain.mappers.IEtudiantMapperImpl.noteToNoteDto(IEtudiantMapperImpl.java:194) ~[classes/:na]
	at be.labil.restapp.domain.mappers.IEtudiantMapperImpl.noteSetToNoteDtoSet(IEtudiantMapperImpl.java:136) ~[classes/:na]
	at be.labil.restapp.domain.mappers.IEtudiantMapperImpl.toDto(IEtudiantMapperImpl.java:53) ~[classes/:na]
	at be.labil.restapp.domain.mappers.IEtudiantMapperImpl.noteToNoteDto(IEtudiantMapperImpl.java:194) ~[classes/:na]
	at be.labil.restapp.domain.mappers.IEtudiantMapperImpl.noteSetToNoteDtoSet(IEtudiantMapperImpl.java:136) ~[classes/:na]
	at be.labil.restapp.domain.mappers.IEtudiantMapperImpl.toDto(IEtudiantMapperImpl.java:53) ~[classes/:na]
	at be.labil.restapp.domain.mappers.IEtudiantMapperImpl.noteToNoteDto(IEtudiantMapperImpl.java:194) ~[classes/:na]
	at be.labil.restapp.domain.mappers.IEtudiantMapperImpl.noteSetToNoteDtoSet(IEtudiantMapperImpl.java:136) ~[classes/:na]
	at be.labil.restapp.domain.mappers.IEtudiantMapperImpl.toDto(IEtudiantMapperImpl.java:53) ~[classes/:na]
	at be.labil.restapp.domain.mappers.IEtudiantMapperImpl.noteToNoteDto(IEtudiantMapperImpl.java:194) ~[classes/:na]
	at be.labil.restapp.domain.mappers.IEtudiantMapperImpl.noteSetToNoteDtoSet(IEtudiantMapperImpl.java:136) ~[classes/:na]
	at be.labil.restapp.domain.mappers.IEtudiantMapperImpl.toDto(IEtudiantMapperImpl.java:53) ~[classes/:na]
	at be.labil.restapp.domain.mappers.IEtudiantMapperImpl.noteToNoteDto(IEtudiantMapperImpl.java:194) ~[classes/:na]
	at be.labil.restapp.domain.mappers.IEtudiantMapperImpl.noteSetToNoteDtoSet(IEtudiantMapperImpl.java:136) ~[classes/:na]
	at be.labil.restapp.domain.mappers.IEtudiantMapperImpl.toDto(IEtudiantMapperImpl.java:53) ~[classes/:na]
	at be.labil.restapp.domain.mappers.IEtudiantMapperImpl.noteToNoteDto(IEtudiantMapperImpl.java:194) ~[classes/:na]
	at be.labil.restapp.domain.mappers.IEtudiantMapperImpl.noteSetToNoteDtoSet(IEtudiantMapperImpl.java:136) ~[classes/:na]
	at be.labil.restapp.domain.mappers.IEtudiantMapperImpl.toDto(IEtudiantMapperImpl.java:53) ~[classes/:na]
	at be.labil.restapp.domain.mappers.IEtudiantMapperImpl.noteToNoteDto(IEtudiantMapperImpl.java:194) ~[classes/:na]
	at be.labil.restapp.domain.mappers.IEtudiantMapperImpl.noteSetToNoteDtoSet(IEtudiantMapperImpl.java:136) ~[classes/:na]
	at be.labil.restapp.domain.mappers.IEtudiantMapperImpl.toDto(IEtudiantMapperImpl.java:53) ~[classes/:na]
	at be.labil.restapp.domain.mappers.IEtudiantMapperImpl.noteToNoteDto(IEtudiantMapperImpl.java:194) ~[classes/:na]
	at be.labil.restapp.domain.mappers.IEtudiantMapperImpl.noteSetToNoteDtoSet(IEtudiantMapperImpl.java:136) ~[classes/:na]
	at be.labil.restapp.domain.mappers.IEtudiantMapperImpl.toDto(IEtudiantMapperImpl.java:53) ~[classes/:na]
	at be.labil.restapp.domain.mappers.IEtudiantMapperImpl.noteToNoteDto(IEtudiantMapperImpl.java:194) ~[classes/:na]
	at be.labil.restapp.domain.mappers.IEtudiantMapperImpl.noteSetToNoteDtoSet(IEtudiantMapperImpl.java:136) ~[classes/:na]
	at be.labil.restapp.domain.mappers.IEtudiantMapperImpl.toDto(IEtudiantMapperImpl.java:53) ~[classes/:na]
	at be.labil.restapp.domain.mappers.IEtudiantMapperImpl.noteToNoteDto(IEtudiantMapperImpl.java:194) ~[classes/:na]
	at be.labil.restapp.domain.mappers.IEtudiantMapperImpl.noteSetToNoteDtoSet(IEtudiantMapperImpl.java:136) ~[classes/:na]
	at be.labil.restapp.domain.mappers.IEtudiantMapperImpl.toDto(IEtudiantMapperImpl.java:53) ~[classes/:na]
	at be.labil.restapp.domain.mappers.IEtudiantMapperImpl.noteToNoteDto(IEtudiantMapperImpl.java:194) ~[classes/:na]
	at be.labil.restapp.domain.mappers.IEtudiantMapperImpl.noteSetToNoteDtoSet(IEtudiantMapperImpl.java:136) ~[classes/:na]
	at be.labil.restapp.domain.mappers.IEtudiantMapperImpl.toDto(IEtudiantMapperImpl.java:53) ~[classes/:na]
	at be.labil.restapp.domain.mappers.IEtudiantMapperImpl.noteToNoteDto(IEtudiantMapperImpl.java:194) ~[classes/:na]
	at be.labil.restapp.domain.mappers.IEtudiantMapperImpl.noteSetToNoteDtoSet(IEtudiantMapperImpl.java:136) ~[classes/:na]
	at be.labil.restapp.domain.mappers.IEtudiantMapperImpl.toDto(IEtudiantMapperImpl.java:53) ~[classes/:na]
	at be.labil.restapp.domain.mappers.IEtudiantMapperImpl.noteToNoteDto(IEtudiantMapperImpl.java:194) ~[classes/:na]
	at be.labil.restapp.domain.mappers.IEtudiantMapperImpl.noteSetToNoteDtoSet(IEtudiantMapperImpl.java:136) ~[classes/:na]
	at be.labil.restapp.domain.mappers.IEtudiantMapperImpl.toDto(IEtudiantMapperImpl.java:53) ~[classes/:na]
	at be.labil.restapp.domain.mappers.IEtudiantMapperImpl.noteToNoteDto(IEtudiantMapperImpl.java:194) ~[classes/:na]
	at be.labil.restapp.domain.mappers.IEtudiantMapperImpl.noteSetToNoteDtoSet(IEtudiantMapperImpl.java:136) ~[classes/:na]
	at be.labil.restapp.domain.mappers.IEtudiantMapperImpl.toDto(IEtudiantMapperImpl.java:53) ~[classes/:na]
	at be.labil.restapp.domain.mappers.IEtudiantMapperImpl.noteToNoteDto(IEtudiantMapperImpl.java:194) ~[classes/:na]
	at be.labil.restapp.domain.mappers.IEtudiantMapperImpl.noteSetToNoteDtoSet(IEtudiantMapperImpl.java:136) ~[classes/:na]
	at be.labil.restapp.domain.mappers.IEtudiantMapperImpl.toDto(IEtudiantMapperImpl.java:53) ~[classes/:na]
	at be.labil.restapp.domain.mappers.IEtudiantMapperImpl.noteToNoteDto(IEtudiantMapperImpl.java:194) ~[classes/:na]
	at be.labil.restapp.domain.mappers.IEtudiantMapperImpl.noteSetToNoteDtoSet(IEtudiantMapperImpl.java:136) ~[classes/:na]
	at be.labil.restapp.domain.mappers.IEtudiantMapperImpl.toDto(IEtudiantMapperImpl.java:53) ~[classes/:na]
	at be.labil.restapp.domain.mappers.IEtudiantMapperImpl.noteToNoteDto(IEtudiantMapperImpl.java:194) ~[classes/:na]
	at be.labil.restapp.domain.mappers.IEtudiantMapperImpl.noteSetToNoteDtoSet(IEtudiantMapperImpl.java:136) ~[classes/:na]
	at be.labil.restapp.domain.mappers.IEtudiantMapperImpl.toDto(IEtudiantMapperImpl.java:53) ~[classes/:na]
	at be.labil.restapp.domain.mappers.IEtudiantMapperImpl.noteToNoteDto(IEtudiantMapperImpl.java:194) ~[classes/:na]
	at be.labil.restapp.domain.mappers.IEtudiantMapperImpl.noteSetToNoteDtoSet(IEtudiantMapperImpl.java:136) ~[classes/:na]
	at be.labil.restapp.domain.mappers.IEtudiantMapperImpl.toDto(IEtudiantMapperImpl.java:53) ~[classes/:na]
	at be.labil.restapp.domain.mappers.IEtudiantMapperImpl.noteToNoteDto(IEtudiantMapperImpl.java:194) ~[classes/:na]
	at be.labil.restapp.domain.mappers.IEtudiantMapperImpl.noteSetToNoteDtoSet(IEtudiantMapperImpl.java:136) ~[classes/:na]
	at be.labil.restapp.domain.mappers.IEtudiantMapperImpl.toDto(IEtudiantMapperImpl.java:53) ~[classes/:na]
	at be.labil.restapp.domain.mappers.IEtudiantMapperImpl.noteToNoteDto(IEtudiantMapperImpl.java:194) ~[classes/:na]
	at be.labil.restapp.domain.mappers.IEtudiantMapperImpl.noteSetToNoteDtoSet(IEtudiantMapperImpl.java:136) ~[classes/:na]
	at be.labil.restapp.domain.mappers.IEtudiantMapperImpl.toDto(IEtudiantMapperImpl.java:53) ~[classes/:na]
	at be.labil.restapp.domain.mappers.IEtudiantMapperImpl.noteToNoteDto(IEtudiantMapperImpl.java:194) ~[classes/:na]
	at be.labil.restapp.domain.mappers.IEtudiantMapperImpl.noteSetToNoteDtoSet(IEtudiantMapperImpl.java:136) ~[classes/:na]
	at be.labil.restapp.domain.mappers.IEtudiantMapperImpl.toDto(IEtudiantMapperImpl.java:53) ~[classes/:na]
	at be.labil.restapp.domain.mappers.IEtudiantMapperImpl.noteToNoteDto(IEtudiantMapperImpl.java:194) ~[classes/:na]
	at be.labil.restapp.domain.mappers.IEtudiantMapperImpl.noteSetToNoteDtoSet(IEtudiantMapperImpl.java:136) ~[classes/:na]
	at be.labil.restapp.domain.mappers.IEtudiantMapperImpl.toDto(IEtudiantMapperImpl.java:53) ~[classes/:na]
	at be.labil.restapp.domain.mappers.IEtudiantMapperImpl.noteToNoteDto(IEtudiantMapperImpl.java:194) ~[classes/:na]
	at be.labil.restapp.domain.mappers.IEtudiantMapperImpl.noteSetToNoteDtoSet(IEtudiantMapperImpl.java:136) ~[classes/:na]
	at be.labil.restapp.domain.mappers.IEtudiantMapperImpl.toDto(IEtudiantMapperImpl.java:53) ~[classes/:na]
	at be.labil.restapp.domain.mappers.IEtudiantMapperImpl.noteToNoteDto(IEtudiantMapperImpl.java:194) ~[classes/:na]
	at be.labil.restapp.domain.mappers.IEtudiantMapperImpl.noteSetToNoteDtoSet(IEtudiantMapperImpl.java:136) ~[classes/:na]
	at be.labil.restapp.domain.mappers.IEtudiantMapperImpl.toDto(IEtudiantMapperImpl.java:53) ~[classes/:na]
	at be.labil.restapp.domain.mappers.IEtudiantMapperImpl.noteToNoteDto(IEtudiantMapperImpl.java:194) ~[classes/:na]
	at be.labil.restapp.domain.mappers.IEtudiantMapperImpl.noteSetToNoteDtoSet(IEtudiantMapperImpl.java:136) ~[classes/:na]
	at be.labil.restapp.domain.mappers.IEtudiantMapperImpl.toDto(IEtudiantMapperImpl.java:53) ~[classes/:na]
	at be.labil.restapp.domain.mappers.IEtudiantMapperImpl.noteToNoteDto(IEtudiantMapperImpl.java:194) ~[classes/:na]
	at be.labil.restapp.domain.mappers.IEtudiantMapperImpl.noteSetToNoteDtoSet(IEtudiantMapperImpl.java:136) ~[classes/:na]
	at be.labil.restapp.domain.mappers.IEtudiantMapperImpl.toDto(IEtudiantMapperImpl.java:53) ~[classes/:na]
	at be.labil.restapp.domain.mappers.IEtudiantMapperImpl.noteToNoteDto(IEtudiantMapperImpl.java:194) ~[classes/:na]
	at be.labil.restapp.domain.mappers.IEtudiantMapperImpl.noteSetToNoteDtoSet(IEtudiantMapperImpl.java:136) ~[classes/:na]
	at be.labil.restapp.domain.mappers.IEtudiantMapperImpl.toDto(IEtudiantMapperImpl.java:53) ~[classes/:na]
	at be.labil.restapp.domain.mappers.IEtudiantMapperImpl.noteToNoteDto(IEtudiantMapperImpl.java:194) ~[classes/:na]
	at be.labil.restapp.domain.mappers.IEtudiantMapperImpl.noteSetToNoteDtoSet(IEtudiantMapperImpl.java:136) ~[classes/:na]
	at be.labil.restapp.domain.mappers.IEtudiantMapperImpl.toDto(IEtudiantMapperImpl.java:53) ~[classes/:na]
	at be.labil.restapp.domain.mappers.IEtudiantMapperImpl.noteToNoteDto(IEtudiantMapperImpl.java:194) ~[classes/:na]
	at be.labil.restapp.domain.mappers.IEtudiantMapperImpl.noteSetToNoteDtoSet(IEtudiantMapperImpl.java:136) ~[classes/:na]
	at be.labil.restapp.domain.mappers.IEtudiantMapperImpl.toDto(IEtudiantMapperImpl.java:53) ~[classes/:na]
	at be.labil.restapp.domain.mappers.IEtudiantMapperImpl.noteToNoteDto(IEtudiantMapperImpl.java:194) ~[classes/:na]
	at be.labil.restapp.domain.mappers.IEtudiantMapperImpl.noteSetToNoteDtoSet(IEtudiantMapperImpl.java:136) ~[classes/:na]
	at be.labil.restapp.domain.mappers.IEtudiantMapperImpl.toDto(IEtudiantMapperImpl.java:53) ~[classes/:na]
	at be.labil.restapp.domain.mappers.IEtudiantMapperImpl.noteToNoteDto(IEtudiantMapperImpl.java:194) ~[classes/:na]
	at be.labil.restapp.domain.mappers.IEtudiantMapperImpl.noteSetToNoteDtoSet(IEtudiantMapperImpl.java:136) ~[classes/:na]
	at be.labil.restapp.domain.mappers.IEtudiantMapperImpl.toDto(IEtudiantMapperImpl.java:53) ~[classes/:na]
	at be.labil.restapp.domain.mappers.IEtudiantMapperImpl.noteToNoteDto(IEtudiantMapperImpl.java:194) ~[classes/:na]
	at be.labil.restapp.domain.mappers.IEtudiantMapperImpl.noteSetToNoteDtoSet(IEtudiantMapperImpl.java:136) ~[classes/:na]
	at be.labil.restapp.domain.mappers.IEtudiantMapperImpl.toDto(IEtudiantMapperImpl.java:53) ~[classes/:na]
	at be.labil.restapp.domain.mappers.IEtudiantMapperImpl.noteToNoteDto(IEtudiantMapperImpl.java:194) ~[classes/:na]
	at be.labil.restapp.domain.mappers.IEtudiantMapperImpl.noteSetToNoteDtoSet(IEtudiantMapperImpl.java:136) ~[classes/:na]
	at be.labil.restapp.domain.mappers.IEtudiantMapperImpl.toDto(IEtudiantMapperImpl.java:53) ~[classes/:na]
	at be.labil.restapp.domain.mappers.IEtudiantMapperImpl.noteToNoteDto(IEtudiantMapperImpl.java:194) ~[classes/:na]
	at be.labil.restapp.domain.mappers.IEtudiantMapperImpl.noteSetToNoteDtoSet(IEtudiantMapperImpl.java:136) ~[classes/:na]
	at be.labil.restapp.domain.mappers.IEtudiantMapperImpl.toDto(IEtudiantMapperImpl.java:53) ~[classes/:na]
	at be.labil.restapp.domain.mappers.IEtudiantMapperImpl.noteToNoteDto(IEtudiantMapperImpl.java:194) ~[classes/:na]
	at be.labil.restapp.domain.mappers.IEtudiantMapperImpl.noteSetToNoteDtoSet(IEtudiantMapperImpl.java:136) ~[classes/:na]
	at be.labil.restapp.domain.mappers.IEtudiantMapperImpl.toDto(IEtudiantMapperImpl.java:53) ~[classes/:na]
	at be.labil.restapp.domain.mappers.IEtudiantMapperImpl.noteToNoteDto(IEtudiantMapperImpl.java:194) ~[classes/:na]
	at be.labil.restapp.domain.mappers.IEtudiantMapperImpl.noteSetToNoteDtoSet(IEtudiantMapperImpl.java:136) ~[classes/:na]
	at be.labil.restapp.domain.mappers.IEtudiantMapperImpl.toDto(IEtudiantMapperImpl.java:53) ~[classes/:na]
	at be.labil.restapp.domain.mappers.IEtudiantMapperImpl.noteToNoteDto(IEtudiantMapperImpl.java:194) ~[classes/:na]
	at be.labil.restapp.domain.mappers.IEtudiantMapperImpl.noteSetToNoteDtoSet(IEtudiantMapperImpl.java:136) ~[classes/:na]
	at be.labil.restapp.domain.mappers.IEtudiantMapperImpl.toDto(IEtudiantMapperImpl.java:53) ~[classes/:na]
	at be.labil.restapp.domain.mappers.IEtudiantMapperImpl.noteToNoteDto(IEtudiantMapperImpl.java:194) ~[classes/:na]
	at be.labil.restapp.domain.mappers.IEtudiantMapperImpl.noteSetToNoteDtoSet(IEtudiantMapperImpl.java:136) ~[classes/:na]
	at be.labil.restapp.domain.mappers.IEtudiantMapperImpl.toDto(IEtudiantMapperImpl.java:53) ~[classes/:na]
	at be.labil.restapp.domain.mappers.IEtudiantMapperImpl.noteToNoteDto(IEtudiantMapperImpl.java:194) ~[classes/:na]
	at be.labil.restapp.domain.mappers.IEtudiantMapperImpl.noteSetToNoteDtoSet(IEtudiantMapperImpl.java:136) ~[classes/:na]
	at be.labil.restapp.domain.mappers.IEtudiantMapperImpl.toDto(IEtudiantMapperImpl.java:53) ~[classes/:na]
	at be.labil.restapp.domain.mappers.IEtudiantMapperImpl.noteToNoteDto(IEtudiantMapperImpl.java:194) ~[classes/:na]
	at be.labil.restapp.domain.mappers.IEtudiantMapperImpl.noteSetToNoteDtoSet(IEtudiantMapperImpl.java:136) ~[classes/:na]
	at be.labil.restapp.domain.mappers.IEtudiantMapperImpl.toDto(IEtudiantMapperImpl.java:53) ~[classes/:na]
	at be.labil.restapp.domain.mappers.IEtudiantMapperImpl.noteToNoteDto(IEtudiantMapperImpl.java:194) ~[classes/:na]
	at be.labil.restapp.domain.mappers.IEtudiantMapperImpl.noteSetToNoteDtoSet(IEtudiantMapperImpl.java:136) ~[classes/:na]
	at be.labil.restapp.domain.mappers.IEtudiantMapperImpl.toDto(IEtudiantMapperImpl.java:53) ~[classes/:na]
	at be.labil.restapp.domain.mappers.IEtudiantMapperImpl.noteToNoteDto(IEtudiantMapperImpl.java:194) ~[classes/:na]
	at be.labil.restapp.domain.mappers.IEtudiantMapperImpl.noteSetToNoteDtoSet(IEtudiantMapperImpl.java:136) ~[classes/:na]
	at be.labil.restapp.domain.mappers.IEtudiantMapperImpl.toDto(IEtudiantMapperImpl.java:53) ~[classes/:na]
	at be.labil.restapp.domain.mappers.IEtudiantMapperImpl.noteToNoteDto(IEtudiantMapperImpl.java:194) ~[classes/:na]
	at be.labil.restapp.domain.mappers.IEtudiantMapperImpl.noteSetToNoteDtoSet(IEtudiantMapperImpl.java:136) ~[classes/:na]
	at be.labil.restapp.domain.mappers.IEtudiantMapperImpl.toDto(IEtudiantMapperImpl.java:53) ~[classes/:na]
	at be.labil.restapp.domain.mappers.IEtudiantMapperImpl.noteToNoteDto(IEtudiantMapperImpl.java:194) ~[classes/:na]
	at be.labil.restapp.domain.mappers.IEtudiantMapperImpl.noteSetToNoteDtoSet(IEtudiantMapperImpl.java:136) ~[classes/:na]
	at be.labil.restapp.domain.mappers.IEtudiantMapperImpl.toDto(IEtudiantMapperImpl.java:53) ~[classes/:na]
	at be.labil.restapp.domain.mappers.IEtudiantMapperImpl.noteToNoteDto(IEtudiantMapperImpl.java:194) ~[classes/:na]
	at be.labil.restapp.domain.mappers.IEtudiantMapperImpl.noteSetToNoteDtoSet(IEtudiantMapperImpl.java:136) ~[classes/:na]
	at be.labil.restapp.domain.mappers.IEtudiantMapperImpl.toDto(IEtudiantMapperImpl.java:53) ~[classes/:na]
	at be.labil.restapp.domain.mappers.IEtudiantMapperImpl.noteToNoteDto(IEtudiantMapperImpl.java:194) ~[classes/:na]
	at be.labil.restapp.domain.mappers.IEtudiantMapperImpl.noteSetToNoteDtoSet(IEtudiantMapperImpl.java:136) ~[classes/:na]
	at be.labil.restapp.domain.mappers.IEtudiantMapperImpl.toDto(IEtudiantMapperImpl.java:53) ~[classes/:na]
	at be.labil.restapp.domain.mappers.IEtudiantMapperImpl.noteToNoteDto(IEtudiantMapperImpl.java:194) ~[classes/:na]
	at be.labil.restapp.domain.mappers.IEtudiantMapperImpl.noteSetToNoteDtoSet(IEtudiantMapperImpl.java:136) ~[classes/:na]
	at be.labil.restapp.domain.mappers.IEtudiantMapperImpl.toDto(IEtudiantMapperImpl.java:53) ~[classes/:na]
	at be.labil.restapp.domain.mappers.IEtudiantMapperImpl.noteToNoteDto(IEtudiantMapperImpl.java:194) ~[classes/:na]
	at be.labil.restapp.domain.mappers.IEtudiantMapperImpl.noteSetToNoteDtoSet(IEtudiantMapperImpl.java:136) ~[classes/:na]
	at be.labil.restapp.domain.mappers.IEtudiantMapperImpl.toDto(IEtudiantMapperImpl.java:53) ~[classes/:na]
	at be.labil.restapp.domain.mappers.IEtudiantMapperImpl.noteToNoteDto(IEtudiantMapperImpl.java:194) ~[classes/:na]
	at be.labil.restapp.domain.mappers.IEtudiantMapperImpl.noteSetToNoteDtoSet(IEtudiantMapperImpl.java:136) ~[classes/:na]
	at be.labil.restapp.domain.mappers.IEtudiantMapperImpl.toDto(IEtudiantMapperImpl.java:53) ~[classes/:na]
	at be.labil.restapp.domain.mappers.IEtudiantMapperImpl.noteToNoteDto(IEtudiantMapperImpl.java:194) ~[classes/:na]
	at be.labil.restapp.domain.mappers.IEtudiantMapperImpl.noteSetToNoteDtoSet(IEtudiantMapperImpl.java:136) ~[classes/:na]
	at be.labil.restapp.domain.mappers.IEtudiantMapperImpl.toDto(IEtudiantMapperImpl.java:53) ~[classes/:na]
	at be.labil.restapp.domain.mappers.IEtudiantMapperImpl.noteToNoteDto(IEtudiantMapperImpl.java:194) ~[classes/:na]
	at be.labil.restapp.domain.mappers.IEtudiantMapperImpl.noteSetToNoteDtoSet(IEtudiantMapperImpl.java:136) ~[classes/:na]
	at be.labil.restapp.domain.mappers.IEtudiantMapperImpl.toDto(IEtudiantMapperImpl.java:53) ~[classes/:na]
	at be.labil.restapp.domain.mappers.IEtudiantMapperImpl.noteToNoteDto(IEtudiantMapperImpl.java:194) ~[classes/:na]
	at be.labil.restapp.domain.mappers.IEtudiantMapperImpl.noteSetToNoteDtoSet(IEtudiantMapperImpl.java:136) ~[classes/:na]
	at be.labil.restapp.domain.mappers.IEtudiantMapperImpl.toDto(IEtudiantMapperImpl.java:53) ~[classes/:na]
	at be.labil.restapp.domain.mappers.IEtudiantMapperImpl.noteToNoteDto(IEtudiantMapperImpl.java:194) ~[classes/:na]
	at be.labil.restapp.domain.mappers.IEtudiantMapperImpl.noteSetToNoteDtoSet(IEtudiantMapperImpl.java:136) ~[classes/:na]
	at be.labil.restapp.domain.mappers.IEtudiantMapperImpl.toDto(IEtudiantMapperImpl.java:53) ~[classes/:na]
	at be.labil.restapp.domain.mappers.IEtudiantMapperImpl.noteToNoteDto(IEtudiantMapperImpl.java:194) ~[classes/:na]
	at be.labil.restapp.domain.mappers.IEtudiantMapperImpl.noteSetToNoteDtoSet(IEtudiantMapperImpl.java:136) ~[classes/:na]
	at be.labil.restapp.domain.mappers.IEtudiantMapperImpl.toDto(IEtudiantMapperImpl.java:53) ~[classes/:na]
	at be.labil.restapp.domain.mappers.IEtudiantMapperImpl.noteToNoteDto(IEtudiantMapperImpl.java:194) ~[classes/:na]
	at be.labil.restapp.domain.mappers.IEtudiantMapperImpl.noteSetToNoteDtoSet(IEtudiantMapperImpl.java:136) ~[classes/:na]
	at be.labil.restapp.domain.mappers.IEtudiantMapperImpl.toDto(IEtudiantMapperImpl.java:53) ~[classes/:na]
	at be.labil.restapp.domain.mappers.IEtudiantMapperImpl.noteToNoteDto(IEtudiantMapperImpl.java:194) ~[classes/:na]
	at be.labil.restapp.domain.mappers.IEtudiantMapperImpl.noteSetToNoteDtoSet(IEtudiantMapperImpl.java:136) ~[classes/:na]
	at be.labil.restapp.domain.mappers.IEtudiantMapperImpl.toDto(IEtudiantMapperImpl.java:53) ~[classes/:na]
	at be.labil.restapp.domain.mappers.IEtudiantMapperImpl.noteToNoteDto(IEtudiantMapperImpl.java:194) ~[classes/:na]
	at be.labil.restapp.domain.mappers.IEtudiantMapperImpl.noteSetToNoteDtoSet(IEtudiantMapperImpl.java:136) ~[classes/:na]
	at be.labil.restapp.domain.mappers.IEtudiantMapperImpl.toDto(IEtudiantMapperImpl.java:53) ~[classes/:na]
	at be.labil.restapp.domain.mappers.IEtudiantMapperImpl.noteToNoteDto(IEtudiantMapperImpl.java:194) ~[classes/:na]
	at be.labil.restapp.domain.mappers.IEtudiantMapperImpl.noteSetToNoteDtoSet(IEtudiantMapperImpl.java:136) ~[classes/:na]
	at be.labil.restapp.domain.mappers.IEtudiantMapperImpl.toDto(IEtudiantMapperImpl.java:53) ~[classes/:na]
	at be.labil.restapp.domain.mappers.IEtudiantMapperImpl.noteToNoteDto(IEtudiantMapperImpl.java:194) ~[classes/:na]
	at be.labil.restapp.domain.mappers.IEtudiantMapperImpl.noteSetToNoteDtoSet(IEtudiantMapperImpl.java:136) ~[classes/:na]
	at be.labil.restapp.domain.mappers.IEtudiantMapperImpl.toDto(IEtudiantMapperImpl.java:53) ~[classes/:na]
	at be.labil.restapp.domain.mappers.IEtudiantMapperImpl.noteToNoteDto(IEtudiantMapperImpl.java:194) ~[classes/:na]
	at be.labil.restapp.domain.mappers.IEtudiantMapperImpl.noteSetToNoteDtoSet(IEtudiantMapperImpl.java:136) ~[classes/:na]
	at be.labil.restapp.domain.mappers.IEtudiantMapperImpl.toDto(IEtudiantMapperImpl.java:53) ~[classes/:na]
	at be.labil.restapp.domain.mappers.IEtudiantMapperImpl.noteToNoteDto(IEtudiantMapperImpl.java:194) ~[classes/:na]
	at be.labil.restapp.domain.mappers.IEtudiantMapperImpl.noteSetToNoteDtoSet(IEtudiantMapperImpl.java:136) ~[classes/:na]
	at be.labil.restapp.domain.mappers.IEtudiantMapperImpl.toDto(IEtudiantMapperImpl.java:53) ~[classes/:na]
	at be.labil.restapp.domain.mappers.IEtudiantMapperImpl.noteToNoteDto(IEtudiantMapperImpl.java:194) ~[classes/:na]
	at be.labil.restapp.domain.mappers.IEtudiantMapperImpl.noteSetToNoteDtoSet(IEtudiantMapperImpl.java:136) ~[classes/:na]
	at be.labil.restapp.domain.mappers.IEtudiantMapperImpl.toDto(IEtudiantMapperImpl.java:53) ~[classes/:na]
	at be.labil.restapp.domain.mappers.IEtudiantMapperImpl.noteToNoteDto(IEtudiantMapperImpl.java:194) ~[classes/:na]
	at be.labil.restapp.domain.mappers.IEtudiantMapperImpl.noteSetToNoteDtoSet(IEtudiantMapperImpl.java:136) ~[classes/:na]
	at be.labil.restapp.domain.mappers.IEtudiantMapperImpl.toDto(IEtudiantMapperImpl.java:53) ~[classes/:na]
	at be.labil.restapp.domain.mappers.IEtudiantMapperImpl.noteToNoteDto(IEtudiantMapperImpl.java:194) ~[classes/:na]
	at be.labil.restapp.domain.mappers.IEtudiantMapperImpl.noteSetToNoteDtoSet(IEtudiantMapperImpl.java:136) ~[classes/:na]
	at be.labil.restapp.domain.mappers.IEtudiantMapperImpl.toDto(IEtudiantMapperImpl.java:53) ~[classes/:na]
	at be.labil.restapp.domain.mappers.IEtudiantMapperImpl.noteToNoteDto(IEtudiantMapperImpl.java:194) ~[classes/:na]
	at be.labil.restapp.domain.mappers.IEtudiantMapperImpl.noteSetToNoteDtoSet(IEtudiantMapperImpl.java:136) ~[classes/:na]
	at be.labil.restapp.domain.mappers.IEtudiantMapperImpl.toDto(IEtudiantMapperImpl.java:53) ~[classes/:na]
	at be.labil.restapp.domain.mappers.IEtudiantMapperImpl.noteToNoteDto(IEtudiantMapperImpl.java:194) ~[classes/:na]
	at be.labil.restapp.domain.mappers.IEtudiantMapperImpl.noteSetToNoteDtoSet(IEtudiantMapperImpl.java:136) ~[classes/:na]
	at be.labil.restapp.domain.mappers.IEtudiantMapperImpl.toDto(IEtudiantMapperImpl.java:53) ~[classes/:na]
	at be.labil.restapp.domain.mappers.IEtudiantMapperImpl.noteToNoteDto(IEtudiantMapperImpl.java:194) ~[classes/:na]
	at be.labil.restapp.domain.mappers.IEtudiantMapperImpl.noteSetToNoteDtoSet(IEtudiantMapperImpl.java:136) ~[classes/:na]
	at be.labil.restapp.domain.mappers.IEtudiantMapperImpl.toDto(IEtudiantMapperImpl.java:53) ~[classes/:na]
	at be.labil.restapp.domain.mappers.IEtudiantMapperImpl.noteToNoteDto(IEtudiantMapperImpl.java:194) ~[classes/:na]
	at be.labil.restapp.domain.mappers.IEtudiantMapperImpl.noteSetToNoteDtoSet(IEtudiantMapperImpl.java:136) ~[classes/:na]
	at be.labil.restapp.domain.mappers.IEtudiantMapperImpl.toDto(IEtudiantMapperImpl.java:53) ~[classes/:na]
	at be.labil.restapp.domain.mappers.IEtudiantMapperImpl.noteToNoteDto(IEtudiantMapperImpl.java:194) ~[classes/:na]
	at be.labil.restapp.domain.mappers.IEtudiantMapperImpl.noteSetToNoteDtoSet(IEtudiantMapperImpl.java:136) ~[classes/:na]
	at be.labil.restapp.domain.mappers.IEtudiantMapperImpl.toDto(IEtudiantMapperImpl.java:53) ~[classes/:na]
	at be.labil.restapp.domain.mappers.IEtudiantMapperImpl.noteToNoteDto(IEtudiantMapperImpl.java:194) ~[classes/:na]
	at be.labil.restapp.domain.mappers.IEtudiantMapperImpl.noteSetToNoteDtoSet(IEtudiantMapperImpl.java:136) ~[classes/:na]
	at be.labil.restapp.domain.mappers.IEtudiantMapperImpl.toDto(IEtudiantMapperImpl.java:53) ~[classes/:na]
	at be.labil.restapp.domain.mappers.IEtudiantMapperImpl.noteToNoteDto(IEtudiantMapperImpl.java:194) ~[classes/:na]
	at be.labil.restapp.domain.mappers.IEtudiantMapperImpl.noteSetToNoteDtoSet(IEtudiantMapperImpl.java:136) ~[classes/:na]
	at be.labil.restapp.domain.mappers.IEtudiantMapperImpl.toDto(IEtudiantMapperImpl.java:53) ~[classes/:na]
	at be.labil.restapp.domain.mappers.IEtudiantMapperImpl.noteToNoteDto(IEtudiantMapperImpl.java:194) ~[classes/:na]
	at be.labil.restapp.domain.mappers.IEtudiantMapperImpl.noteSetToNoteDtoSet(IEtudiantMapperImpl.java:136) ~[classes/:na]
	at be.labil.restapp.domain.mappers.IEtudiantMapperImpl.toDto(IEtudiantMapperImpl.java:53) ~[classes/:na]
	at be.labil.restapp.domain.mappers.IEtudiantMapperImpl.noteToNoteDto(IEtudiantMapperImpl.java:194) ~[classes/:na]
	at be.labil.restapp.domain.mappers.IEtudiantMapperImpl.noteSetToNoteDtoSet(IEtudiantMapperImpl.java:136) ~[classes/:na]
	at be.labil.restapp.domain.mappers.IEtudiantMapperImpl.toDto(IEtudiantMapperImpl.java:53) ~[classes/:na]
	at be.labil.restapp.domain.mappers.IEtudiantMapperImpl.noteToNoteDto(IEtudiantMapperImpl.java:194) ~[classes/:na]
	at be.labil.restapp.domain.mappers.IEtudiantMapperImpl.noteSetToNoteDtoSet(IEtudiantMapperImpl.java:136) ~[classes/:na]
	at be.labil.restapp.domain.mappers.IEtudiantMapperImpl.toDto(IEtudiantMapperImpl.java:53) ~[classes/:na]
	at be.labil.restapp.domain.mappers.IEtudiantMapperImpl.noteToNoteDto(IEtudiantMapperImpl.java:194) ~[classes/:na]
	at be.labil.restapp.domain.mappers.IEtudiantMapperImpl.noteSetToNoteDtoSet(IEtudiantMapperImpl.java:136) ~[classes/:na]
	at be.labil.restapp.domain.mappers.IEtudiantMapperImpl.toDto(IEtudiantMapperImpl.java:53) ~[classes/:na]
	at be.labil.restapp.domain.mappers.IEtudiantMapperImpl.noteToNoteDto(IEtudiantMapperImpl.java:194) ~[classes/:na]
	at be.labil.restapp.domain.mappers.IEtudiantMapperImpl.noteSetToNoteDtoSet(IEtudiantMapperImpl.java:136) ~[classes/:na]
	at be.labil.restapp.domain.mappers.IEtudiantMapperImpl.toDto(IEtudiantMapperImpl.java:53) ~[classes/:na]
	at be.labil.restapp.domain.mappers.IEtudiantMapperImpl.noteToNoteDto(IEtudiantMapperImpl.java:194) ~[classes/:na]
	at be.labil.restapp.domain.mappers.IEtudiantMapperImpl.noteSetToNoteDtoSet(IEtudiantMapperImpl.java:136) ~[classes/:na]
	at be.labil.restapp.domain.mappers.IEtudiantMapperImpl.toDto(IEtudiantMapperImpl.java:53) ~[classes/:na]
	at be.labil.restapp.domain.mappers.IEtudiantMapperImpl.noteToNoteDto(IEtudiantMapperImpl.java:194) ~[classes/:na]
	at be.labil.restapp.domain.mappers.IEtudiantMapperImpl.noteSetToNoteDtoSet(IEtudiantMapperImpl.java:136) ~[classes/:na]
	at be.labil.restapp.domain.mappers.IEtudiantMapperImpl.toDto(IEtudiantMapperImpl.java:53) ~[classes/:na]
	at be.labil.restapp.domain.mappers.IEtudiantMapperImpl.noteToNoteDto(IEtudiantMapperImpl.java:194) ~[classes/:na]
	at be.labil.restapp.domain.mappers.IEtudiantMapperImpl.noteSetToNoteDtoSet(IEtudiantMapperImpl.java:136) ~[classes/:na]
	at be.labil.restapp.domain.mappers.IEtudiantMapperImpl.toDto(IEtudiantMapperImpl.java:53) ~[classes/:na]
	at be.labil.restapp.domain.mappers.IEtudiantMapperImpl.noteToNoteDto(IEtudiantMapperImpl.java:194) ~[classes/:na]
	at be.labil.restapp.domain.mappers.IEtudiantMapperImpl.noteSetToNoteDtoSet(IEtudiantMapperImpl.java:136) ~[classes/:na]
	at be.labil.restapp.domain.mappers.IEtudiantMapperImpl.toDto(IEtudiantMapperImpl.java:53) ~[classes/:na]
	at be.labil.restapp.domain.mappers.IEtudiantMapperImpl.noteToNoteDto(IEtudiantMapperImpl.java:194) ~[classes/:na]
	at be.labil.restapp.domain.mappers.IEtudiantMapperImpl.noteSetToNoteDtoSet(IEtudiantMapperImpl.java:136) ~[classes/:na]
	at be.labil.restapp.domain.mappers.IEtudiantMapperImpl.toDto(IEtudiantMapperImpl.java:53) ~[classes/:na]
	at be.labil.restapp.domain.mappers.IEtudiantMapperImpl.noteToNoteDto(IEtudiantMapperImpl.java:194) ~[classes/:na]
	at be.labil.restapp.domain.mappers.IEtudiantMapperImpl.noteSetToNoteDtoSet(IEtudiantMapperImpl.java:136) ~[classes/:na]
	at be.labil.restapp.domain.mappers.IEtudiantMapperImpl.toDto(IEtudiantMapperImpl.java:53) ~[classes/:na]
	at be.labil.restapp.domain.mappers.IEtudiantMapperImpl.noteToNoteDto(IEtudiantMapperImpl.java:194) ~[classes/:na]
	at be.labil.restapp.domain.mappers.IEtudiantMapperImpl.noteSetToNoteDtoSet(IEtudiantMapperImpl.java:136) ~[classes/:na]
	at be.labil.restapp.domain.mappers.IEtudiantMapperImpl.toDto(IEtudiantMapperImpl.java:53) ~[classes/:na]
	at be.labil.restapp.domain.mappers.IEtudiantMapperImpl.noteToNoteDto(IEtudiantMapperImpl.java:194) ~[classes/:na]
	at be.labil.restapp.domain.mappers.IEtudiantMapperImpl.noteSetToNoteDtoSet(IEtudiantMapperImpl.java:136) ~[classes/:na]
	at be.labil.restapp.domain.mappers.IEtudiantMapperImpl.toDto(IEtudiantMapperImpl.java:53) ~[classes/:na]
	at be.labil.restapp.domain.mappers.IEtudiantMapperImpl.noteToNoteDto(IEtudiantMapperImpl.java:194) ~[classes/:na]
	at be.labil.restapp.domain.mappers.IEtudiantMapperImpl.noteSetToNoteDtoSet(IEtudiantMapperImpl.java:136) ~[classes/:na]
	at be.labil.restapp.domain.mappers.IEtudiantMapperImpl.toDto(IEtudiantMapperImpl.java:53) ~[classes/:na]
	at be.labil.restapp.domain.mappers.IEtudiantMapperImpl.noteToNoteDto(IEtudiantMapperImpl.java:194) ~[classes/:na]
	at be.labil.restapp.domain.mappers.IEtudiantMapperImpl.noteSetToNoteDtoSet(IEtudiantMapperImpl.java:136) ~[classes/:na]
	at be.labil.restapp.domain.mappers.IEtudiantMapperImpl.toDto(IEtudiantMapperImpl.java:53) ~[classes/:na]
	at be.labil.restapp.domain.mappers.IEtudiantMapperImpl.noteToNoteDto(IEtudiantMapperImpl.java:194) ~[classes/:na]
	at be.labil.restapp.domain.mappers.IEtudiantMapperImpl.noteSetToNoteDtoSet(IEtudiantMapperImpl.java:136) ~[classes/:na]
	at be.labil.restapp.domain.mappers.IEtudiantMapperImpl.toDto(IEtudiantMapperImpl.java:53) ~[classes/:na]
	at be.labil.restapp.domain.mappers.IEtudiantMapperImpl.noteToNoteDto(IEtudiantMapperImpl.java:194) ~[classes/:na]
	at be.labil.restapp.domain.mappers.IEtudiantMapperImpl.noteSetToNoteDtoSet(IEtudiantMapperImpl.java:136) ~[classes/:na]
	at be.labil.restapp.domain.mappers.IEtudiantMapperImpl.toDto(IEtudiantMapperImpl.java:53) ~[classes/:na]
	at be.labil.restapp.domain.mappers.IEtudiantMapperImpl.noteToNoteDto(IEtudiantMapperImpl.java:194) ~[classes/:na]
	at be.labil.restapp.domain.mappers.IEtudiantMapperImpl.noteSetToNoteDtoSet(IEtudiantMapperImpl.java:136) ~[classes/:na]
	at be.labil.restapp.domain.mappers.IEtudiantMapperImpl.toDto(IEtudiantMapperImpl.java:53) ~[classes/:na]
	at be.labil.restapp.domain.mappers.IEtudiantMapperImpl.noteToNoteDto(IEtudiantMapperImpl.java:194) ~[classes/:na]
	at be.labil.restapp.domain.mappers.IEtudiantMapperImpl.noteSetToNoteDtoSet(IEtudiantMapperImpl.java:136) ~[classes/:na]
	at be.labil.restapp.domain.mappers.IEtudiantMapperImpl.toDto(IEtudiantMapperImpl.java:53) ~[classes/:na]
	at be.labil.restapp.domain.mappers.IEtudiantMapperImpl.noteToNoteDto(IEtudiantMapperImpl.java:194) ~[classes/:na]
	at be.labil.restapp.domain.mappers.IEtudiantMapperImpl.noteSetToNoteDtoSet(IEtudiantMapperImpl.java:136) ~[classes/:na]
	at be.labil.restapp.domain.mappers.IEtudiantMapperImpl.toDto(IEtudiantMapperImpl.java:53) ~[classes/:na]
	at be.labil.restapp.domain.mappers.IEtudiantMapperImpl.noteToNoteDto(IEtudiantMapperImpl.java:194) ~[classes/:na]
	at be.labil.restapp.domain.mappers.IEtudiantMapperImpl.noteSetToNoteDtoSet(IEtudiantMapperImpl.java:136) ~[classes/:na]
	at be.labil.restapp.domain.mappers.IEtudiantMapperImpl.toDto(IEtudiantMapperImpl.java:53) ~[classes/:na]
	at be.labil.restapp.domain.mappers.IEtudiantMapperImpl.noteToNoteDto(IEtudiantMapperImpl.java:194) ~[classes/:na]
	at be.labil.restapp.domain.mappers.IEtudiantMapperImpl.noteSetToNoteDtoSet(IEtudiantMapperImpl.java:136) ~[classes/:na]
	at be.labil.restapp.domain.mappers.IEtudiantMapperImpl.toDto(IEtudiantMapperImpl.java:53) ~[classes/:na]
	at be.labil.restapp.domain.mappers.IEtudiantMapperImpl.noteToNoteDto(IEtudiantMapperImpl.java:194) ~[classes/:na]
	at be.labil.restapp.domain.mappers.IEtudiantMapperImpl.noteSetToNoteDtoSet(IEtudiantMapperImpl.java:136) ~[classes/:na]
	at be.labil.restapp.domain.mappers.IEtudiantMapperImpl.toDto(IEtudiantMapperImpl.java:53) ~[classes/:na]
	at be.labil.restapp.domain.mappers.IEtudiantMapperImpl.noteToNoteDto(IEtudiantMapperImpl.java:194) ~[classes/:na]
	at be.labil.restapp.domain.mappers.IEtudiantMapperImpl.noteSetToNoteDtoSet(IEtudiantMapperImpl.java:136) ~[classes/:na]
	at be.labil.restapp.domain.mappers.IEtudiantMapperImpl.toDto(IEtudiantMapperImpl.java:53) ~[classes/:na]
	at be.labil.restapp.domain.mappers.IEtudiantMapperImpl.noteToNoteDto(IEtudiantMapperImpl.java:194) ~[classes/:na]
	at be.labil.restapp.domain.mappers.IEtudiantMapperImpl.noteSetToNoteDtoSet(IEtudiantMapperImpl.java:136) ~[classes/:na]
	at be.labil.restapp.domain.mappers.IEtudiantMapperImpl.toDto(IEtudiantMapperImpl.java:53) ~[classes/:na]
	at be.labil.restapp.domain.mappers.IEtudiantMapperImpl.noteToNoteDto(IEtudiantMapperImpl.java:194) ~[classes/:na]
	at be.labil.restapp.domain.mappers.IEtudiantMapperImpl.noteSetToNoteDtoSet(IEtudiantMapperImpl.java:136) ~[classes/:na]
	at be.labil.restapp.domain.mappers.IEtudiantMapperImpl.toDto(IEtudiantMapperImpl.java:53) ~[classes/:na]
	at be.labil.restapp.domain.mappers.IEtudiantMapperImpl.noteToNoteDto(IEtudiantMapperImpl.java:194) ~[classes/:na]
	at be.labil.restapp.domain.mappers.IEtudiantMapperImpl.noteSetToNoteDtoSet(IEtudiantMapperImpl.java:136) ~[classes/:na]
	at be.labil.restapp.domain.mappers.IEtudiantMapperImpl.toDto(IEtudiantMapperImpl.java:53) ~[classes/:na]
	at be.labil.restapp.domain.mappers.IEtudiantMapperImpl.noteToNoteDto(IEtudiantMapperImpl.java:194) ~[classes/:na]
	at be.labil.restapp.domain.mappers.IEtudiantMapperImpl.noteSetToNoteDtoSet(IEtudiantMapperImpl.java:136) ~[classes/:na]
	at be.labil.restapp.domain.mappers.IEtudiantMapperImpl.toDto(IEtudiantMapperImpl.java:53) ~[classes/:na]
	at be.labil.restapp.domain.mappers.IEtudiantMapperImpl.noteToNoteDto(IEtudiantMapperImpl.java:194) ~[classes/:na]
	at be.labil.restapp.domain.mappers.IEtudiantMapperImpl.noteSetToNoteDtoSet(IEtudiantMapperImpl.java:136) ~[classes/:na]
	at be.labil.restapp.domain.mappers.IEtudiantMapperImpl.toDto(IEtudiantMapperImpl.java:53) ~[classes/:na]
	at be.labil.restapp.domain.mappers.IEtudiantMapperImpl.noteToNoteDto(IEtudiantMapperImpl.java:194) ~[classes/:na]
	at be.labil.restapp.domain.mappers.IEtudiantMapperImpl.noteSetToNoteDtoSet(IEtudiantMapperImpl.java:136) ~[classes/:na]
	at be.labil.restapp.domain.mappers.IEtudiantMapperImpl.toDto(IEtudiantMapperImpl.java:53) ~[classes/:na]
	at be.labil.restapp.domain.mappers.IEtudiantMapperImpl.noteToNoteDto(IEtudiantMapperImpl.java:194) ~[classes/:na]
	at be.labil.restapp.domain.mappers.IEtudiantMapperImpl.noteSetToNoteDtoSet(IEtudiantMapperImpl.java:136) ~[classes/:na]
	at be.labil.restapp.domain.mappers.IEtudiantMapperImpl.toDto(IEtudiantMapperImpl.java:53) ~[classes/:na]
	at be.labil.restapp.domain.mappers.IEtudiantMapperImpl.noteToNoteDto(IEtudiantMapperImpl.java:194) ~[classes/:na]
	at be.labil.restapp.domain.mappers.IEtudiantMapperImpl.noteSetToNoteDtoSet(IEtudiantMapperImpl.java:136) ~[classes/:na]
	at be.labil.restapp.domain.mappers.IEtudiantMapperImpl.toDto(IEtudiantMapperImpl.java:53) ~[classes/:na]
	at be.labil.restapp.domain.mappers.IEtudiantMapperImpl.noteToNoteDto(IEtudiantMapperImpl.java:194) ~[classes/:na]
	at be.labil.restapp.domain.mappers.IEtudiantMapperImpl.noteSetToNoteDtoSet(IEtudiantMapperImpl.java:136) ~[classes/:na]
	at be.labil.restapp.domain.mappers.IEtudiantMapperImpl.toDto(IEtudiantMapperImpl.java:53) ~[classes/:na]
	at be.labil.restapp.domain.mappers.IEtudiantMapperImpl.noteToNoteDto(IEtudiantMapperImpl.java:194) ~[classes/:na]
	at be.labil.restapp.domain.mappers.IEtudiantMapperImpl.noteSetToNoteDtoSet(IEtudiantMapperImpl.java:136) ~[classes/:na]
	at be.labil.restapp.domain.mappers.IEtudiantMapperImpl.toDto(IEtudiantMapperImpl.java:53) ~[classes/:na]
	at be.labil.restapp.domain.mappers.IEtudiantMapperImpl.noteToNoteDto(IEtudiantMapperImpl.java:194) ~[classes/:na]
	at be.labil.restapp.domain.mappers.IEtudiantMapperImpl.noteSetToNoteDtoSet(IEtudiantMapperImpl.java:136) ~[classes/:na]
	at be.labil.restapp.domain.mappers.IEtudiantMapperImpl.toDto(IEtudiantMapperImpl.java:53) ~[classes/:na]
	at be.labil.restapp.domain.mappers.IEtudiantMapperImpl.noteToNoteDto(IEtudiantMapperImpl.java:194) ~[classes/:na]
	at be.labil.restapp.domain.mappers.IEtudiantMapperImpl.noteSetToNoteDtoSet(IEtudiantMapperImpl.java:136) ~[classes/:na]
	at be.labil.restapp.domain.mappers.IEtudiantMapperImpl.toDto(IEtudiantMapperImpl.java:53) ~[classes/:na]
	at be.labil.restapp.domain.mappers.IEtudiantMapperImpl.noteToNoteDto(IEtudiantMapperImpl.java:194) ~[classes/:na]
	at be.labil.restapp.domain.mappers.IEtudiantMapperImpl.noteSetToNoteDtoSet(IEtudiantMapperImpl.java:136) ~[classes/:na]
	at be.labil.restapp.domain.mappers.IEtudiantMapperImpl.toDto(IEtudiantMapperImpl.java:53) ~[classes/:na]
	at be.labil.restapp.domain.mappers.IEtudiantMapperImpl.noteToNoteDto(IEtudiantMapperImpl.java:194) ~[classes/:na]
	at be.labil.restapp.domain.mappers.IEtudiantMapperImpl.noteSetToNoteDtoSet(IEtudiantMapperImpl.java:136) ~[classes/:na]
	at be.labil.restapp.domain.mappers.IEtudiantMapperImpl.toDto(IEtudiantMapperImpl.java:53) ~[classes/:na]
	at be.labil.restapp.domain.mappers.IEtudiantMapperImpl.noteToNoteDto(IEtudiantMapperImpl.java:194) ~[classes/:na]
	at be.labil.restapp.domain.mappers.IEtudiantMapperImpl.noteSetToNoteDtoSet(IEtudiantMapperImpl.java:136) ~[classes/:na]
	at be.labil.restapp.domain.mappers.IEtudiantMapperImpl.toDto(IEtudiantMapperImpl.java:53) ~[classes/:na]
	at be.labil.restapp.domain.mappers.IEtudiantMapperImpl.noteToNoteDto(IEtudiantMapperImpl.java:194) ~[classes/:na]
	at be.labil.restapp.domain.mappers.IEtudiantMapperImpl.noteSetToNoteDtoSet(IEtudiantMapperImpl.java:136) ~[classes/:na]
	at be.labil.restapp.domain.mappers.IEtudiantMapperImpl.toDto(IEtudiantMapperImpl.java:53) ~[classes/:na]
	at be.labil.restapp.domain.mappers.IEtudiantMapperImpl.noteToNoteDto(IEtudiantMapperImpl.java:194) ~[classes/:na]
	at be.labil.restapp.domain.mappers.IEtudiantMapperImpl.noteSetToNoteDtoSet(IEtudiantMapperImpl.java:136) ~[classes/:na]
	at be.labil.restapp.domain.mappers.IEtudiantMapperImpl.toDto(IEtudiantMapperImpl.java:53) ~[classes/:na]
	at be.labil.restapp.domain.mappers.IEtudiantMapperImpl.noteToNoteDto(IEtudiantMapperImpl.java:194) ~[classes/:na]
	at be.labil.restapp.domain.mappers.IEtudiantMapperImpl.noteSetToNoteDtoSet(IEtudiantMapperImpl.java:136) ~[classes/:na]
	at be.labil.restapp.domain.mappers.IEtudiantMapperImpl.toDto(IEtudiantMapperImpl.java:53) ~[classes/:na]
	at be.labil.restapp.domain.mappers.IEtudiantMapperImpl.noteToNoteDto(IEtudiantMapperImpl.java:194) ~[classes/:na]
	at be.labil.restapp.domain.mappers.IEtudiantMapperImpl.noteSetToNoteDtoSet(IEtudiantMapperImpl.java:136) ~[classes/:na]
	at be.labil.restapp.domain.mappers.IEtudiantMapperImpl.toDto(IEtudiantMapperImpl.java:53) ~[classes/:na]
	at be.labil.restapp.domain.mappers.IEtudiantMapperImpl.noteToNoteDto(IEtudiantMapperImpl.java:194) ~[classes/:na]
	at be.labil.restapp.domain.mappers.IEtudiantMapperImpl.noteSetToNoteDtoSet(IEtudiantMapperImpl.java:136) ~[classes/:na]
	at be.labil.restapp.domain.mappers.IEtudiantMapperImpl.toDto(IEtudiantMapperImpl.java:53) ~[classes/:na]
	at be.labil.restapp.domain.mappers.IEtudiantMapperImpl.noteToNoteDto(IEtudiantMapperImpl.java:194) ~[classes/:na]
	at be.labil.restapp.domain.mappers.IEtudiantMapperImpl.noteSetToNoteDtoSet(IEtudiantMapperImpl.java:136) ~[classes/:na]
	at be.labil.restapp.domain.mappers.IEtudiantMapperImpl.toDto(IEtudiantMapperImpl.java:53) ~[classes/:na]
	at be.labil.restapp.domain.mappers.IEtudiantMapperImpl.noteToNoteDto(IEtudiantMapperImpl.java:194) ~[classes/:na]
	at be.labil.restapp.domain.mappers.IEtudiantMapperImpl.noteSetToNoteDtoSet(IEtudiantMapperImpl.java:136) ~[classes/:na]
	at be.labil.restapp.domain.mappers.IEtudiantMapperImpl.toDto(IEtudiantMapperImpl.java:53) ~[classes/:na]
	at be.labil.restapp.domain.mappers.IEtudiantMapperImpl.noteToNoteDto(IEtudiantMapperImpl.java:194) ~[classes/:na]
	at be.labil.restapp.domain.mappers.IEtudiantMapperImpl.noteSetToNoteDtoSet(IEtudiantMapperImpl.java:136) ~[classes/:na]
	at be.labil.restapp.domain.mappers.IEtudiantMapperImpl.toDto(IEtudiantMapperImpl.java:53) ~[classes/:na]
	at be.labil.restapp.domain.mappers.IEtudiantMapperImpl.noteToNoteDto(IEtudiantMapperImpl.java:194) ~[classes/:na]
	at be.labil.restapp.domain.mappers.IEtudiantMapperImpl.noteSetToNoteDtoSet(IEtudiantMapperImpl.java:136) ~[classes/:na]
	at be.labil.restapp.domain.mappers.IEtudiantMapperImpl.toDto(IEtudiantMapperImpl.java:53) ~[classes/:na]
	at be.labil.restapp.domain.mappers.IEtudiantMapperImpl.noteToNoteDto(IEtudiantMapperImpl.java:194) ~[classes/:na]
	at be.labil.restapp.domain.mappers.IEtudiantMapperImpl.noteSetToNoteDtoSet(IEtudiantMapperImpl.java:136) ~[classes/:na]
	at be.labil.restapp.domain.mappers.IEtudiantMapperImpl.toDto(IEtudiantMapperImpl.java:53) ~[classes/:na]
	at be.labil.restapp.domain.mappers.IEtudiantMapperImpl.noteToNoteDto(IEtudiantMapperImpl.java:194) ~[classes/:na]
	at be.labil.restapp.domain.mappers.IEtudiantMapperImpl.noteSetToNoteDtoSet(IEtudiantMapperImpl.java:136) ~[classes/:na]
	at be.labil.restapp.domain.mappers.IEtudiantMapperImpl.toDto(IEtudiantMapperImpl.java:53) ~[classes/:na]
	at be.labil.restapp.domain.mappers.IEtudiantMapperImpl.noteToNoteDto(IEtudiantMapperImpl.java:194) ~[classes/:na]
	at be.labil.restapp.domain.mappers.IEtudiantMapperImpl.noteSetToNoteDtoSet(IEtudiantMapperImpl.java:136) ~[classes/:na]
	at be.labil.restapp.domain.mappers.IEtudiantMapperImpl.toDto(IEtudiantMapperImpl.java:53) ~[classes/:na]
	at be.labil.restapp.domain.mappers.IEtudiantMapperImpl.noteToNoteDto(IEtudiantMapperImpl.java:194) ~[classes/:na]
	at be.labil.restapp.domain.mappers.IEtudiantMapperImpl.noteSetToNoteDtoSet(IEtudiantMapperImpl.java:136) ~[classes/:na]
	at be.labil.restapp.domain.mappers.IEtudiantMapperImpl.toDto(IEtudiantMapperImpl.java:53) ~[classes/:na]
	at be.labil.restapp.domain.mappers.IEtudiantMapperImpl.noteToNoteDto(IEtudiantMapperImpl.java:194) ~[classes/:na]
	at be.labil.restapp.domain.mappers.IEtudiantMapperImpl.noteSetToNoteDtoSet(IEtudiantMapperImpl.java:136) ~[classes/:na]
	at be.labil.restapp.domain.mappers.IEtudiantMapperImpl.toDto(IEtudiantMapperImpl.java:53) ~[classes/:na]
	at be.labil.restapp.domain.mappers.IEtudiantMapperImpl.noteToNoteDto(IEtudiantMapperImpl.java:194) ~[classes/:na]
	at be.labil.restapp.domain.mappers.IEtudiantMapperImpl.noteSetToNoteDtoSet(IEtudiantMapperImpl.java:136) ~[classes/:na]
	at be.labil.restapp.domain.mappers.IEtudiantMapperImpl.toDto(IEtudiantMapperImpl.java:53) ~[classes/:na]
	at be.labil.restapp.domain.mappers.IEtudiantMapperImpl.noteToNoteDto(IEtudiantMapperImpl.java:194) ~[classes/:na]
	at be.labil.restapp.domain.mappers.IEtudiantMapperImpl.noteSetToNoteDtoSet(IEtudiantMapperImpl.java:136) ~[classes/:na]
	at be.labil.restapp.domain.mappers.IEtudiantMapperImpl.toDto(IEtudiantMapperImpl.java:53) ~[classes/:na]
	at be.labil.restapp.domain.mappers.IEtudiantMapperImpl.noteToNoteDto(IEtudiantMapperImpl.java:194) ~[classes/:na]
	at be.labil.restapp.domain.mappers.IEtudiantMapperImpl.noteSetToNoteDtoSet(IEtudiantMapperImpl.java:136) ~[classes/:na]
	at be.labil.restapp.domain.mappers.IEtudiantMapperImpl.toDto(IEtudiantMapperImpl.java:53) ~[classes/:na]
	at be.labil.restapp.domain.mappers.IEtudiantMapperImpl.noteToNoteDto(IEtudiantMapperImpl.java:194) ~[classes/:na]
	at be.labil.restapp.domain.mappers.IEtudiantMapperImpl.noteSetToNoteDtoSet(IEtudiantMapperImpl.java:136) ~[classes/:na]
	at be.labil.restapp.domain.mappers.IEtudiantMapperImpl.toDto(IEtudiantMapperImpl.java:53) ~[classes/:na]
	at be.labil.restapp.domain.mappers.IEtudiantMapperImpl.noteToNoteDto(IEtudiantMapperImpl.java:194) ~[classes/:na]
	at be.labil.restapp.domain.mappers.IEtudiantMapperImpl.noteSetToNoteDtoSet(IEtudiantMapperImpl.java:136) ~[classes/:na]
	at be.labil.restapp.domain.mappers.IEtudiantMapperImpl.toDto(IEtudiantMapperImpl.java:53) ~[classes/:na]
	at be.labil.restapp.domain.mappers.IEtudiantMapperImpl.noteToNoteDto(IEtudiantMapperImpl.java:194) ~[classes/:na]
	at be.labil.restapp.domain.mappers.IEtudiantMapperImpl.noteSetToNoteDtoSet(IEtudiantMapperImpl.java:136) ~[classes/:na]
	at be.labil.restapp.domain.mappers.IEtudiantMapperImpl.toDto(IEtudiantMapperImpl.java:53) ~[classes/:na]
	at be.labil.restapp.domain.mappers.IEtudiantMapperImpl.noteToNoteDto(IEtudiantMapperImpl.java:194) ~[classes/:na]
	at be.labil.restapp.domain.mappers.IEtudiantMapperImpl.noteSetToNoteDtoSet(IEtudiantMapperImpl.java:136) ~[classes/:na]
	at be.labil.restapp.domain.mappers.IEtudiantMapperImpl.toDto(IEtudiantMapperImpl.java:53) ~[classes/:na]
	at be.labil.restapp.domain.mappers.IEtudiantMapperImpl.noteToNoteDto(IEtudiantMapperImpl.java:194) ~[classes/:na]
	at be.labil.restapp.domain.mappers.IEtudiantMapperImpl.noteSetToNoteDtoSet(IEtudiantMapperImpl.java:136) ~[classes/:na]
	at be.labil.restapp.domain.mappers.IEtudiantMapperImpl.toDto(IEtudiantMapperImpl.java:53) ~[classes/:na]
	at be.labil.restapp.domain.mappers.IEtudiantMapperImpl.noteToNoteDto(IEtudiantMapperImpl.java:194) ~[classes/:na]
	at be.labil.restapp.domain.mappers.IEtudiantMapperImpl.noteSetToNoteDtoSet(IEtudiantMapperImpl.java:136) ~[classes/:na]
	at be.labil.restapp.domain.mappers.IEtudiantMapperImpl.toDto(IEtudiantMapperImpl.java:53) ~[classes/:na]
	at be.labil.restapp.domain.mappers.IEtudiantMapperImpl.noteToNoteDto(IEtudiantMapperImpl.java:194) ~[classes/:na]
	at be.labil.restapp.domain.mappers.IEtudiantMapperImpl.noteSetToNoteDtoSet(IEtudiantMapperImpl.java:136) ~[classes/:na]
	at be.labil.restapp.domain.mappers.IEtudiantMapperImpl.toDto(IEtudiantMapperImpl.java:53) ~[classes/:na]
	at be.labil.restapp.domain.mappers.IEtudiantMapperImpl.noteToNoteDto(IEtudiantMapperImpl.java:194) ~[classes/:na]
	at be.labil.restapp.domain.mappers.IEtudiantMapperImpl.noteSetToNoteDtoSet(IEtudiantMapperImpl.java:136) ~[classes/:na]
	at be.labil.restapp.domain.mappers.IEtudiantMapperImpl.toDto(IEtudiantMapperImpl.java:53) ~[classes/:na]
	at be.labil.restapp.domain.mappers.IEtudiantMapperImpl.noteToNoteDto(IEtudiantMapperImpl.java:194) ~[classes/:na]
	at be.labil.restapp.domain.mappers.IEtudiantMapperImpl.noteSetToNoteDtoSet(IEtudiantMapperImpl.java:136) ~[classes/:na]
	at be.labil.restapp.domain.mappers.IEtudiantMapperImpl.toDto(IEtudiantMapperImpl.java:53) ~[classes/:na]
	at be.labil.restapp.domain.mappers.IEtudiantMapperImpl.noteToNoteDto(IEtudiantMapperImpl.java:194) ~[classes/:na]
	at be.labil.restapp.domain.mappers.IEtudiantMapperImpl.noteSetToNoteDtoSet(IEtudiantMapperImpl.java:136) ~[classes/:na]
	at be.labil.restapp.domain.mappers.IEtudiantMapperImpl.toDto(IEtudiantMapperImpl.java:53) ~[classes/:na]
	at be.labil.restapp.domain.mappers.IEtudiantMapperImpl.noteToNoteDto(IEtudiantMapperImpl.java:194) ~[classes/:na]
	at be.labil.restapp.domain.mappers.IEtudiantMapperImpl.noteSetToNoteDtoSet(IEtudiantMapperImpl.java:136) ~[classes/:na]
	at be.labil.restapp.domain.mappers.IEtudiantMapperImpl.toDto(IEtudiantMapperImpl.java:53) ~[classes/:na]
	at be.labil.restapp.domain.mappers.IEtudiantMapperImpl.noteToNoteDto(IEtudiantMapperImpl.java:194) ~[classes/:na]
	at be.labil.restapp.domain.mappers.IEtudiantMapperImpl.noteSetToNoteDtoSet(IEtudiantMapperImpl.java:136) ~[classes/:na]
	at be.labil.restapp.domain.mappers.IEtudiantMapperImpl.toDto(IEtudiantMapperImpl.java:53) ~[classes/:na]
	at be.labil.restapp.domain.mappers.IEtudiantMapperImpl.noteToNoteDto(IEtudiantMapperImpl.java:194) ~[classes/:na]
	at be.labil.restapp.domain.mappers.IEtudiantMapperImpl.noteSetToNoteDtoSet(IEtudiantMapperImpl.java:136) ~[classes/:na]
	at be.labil.restapp.domain.mappers.IEtudiantMapperImpl.toDto(IEtudiantMapperImpl.java:53) ~[classes/:na]
	at be.labil.restapp.domain.mappers.IEtudiantMapperImpl.noteToNoteDto(IEtudiantMapperImpl.java:194) ~[classes/:na]
	at be.labil.restapp.domain.mappers.IEtudiantMapperImpl.noteSetToNoteDtoSet(IEtudiantMapperImpl.java:136) ~[classes/:na]
	at be.labil.restapp.domain.mappers.IEtudiantMapperImpl.toDto(IEtudiantMapperImpl.java:53) ~[classes/:na]
	at be.labil.restapp.domain.mappers.IEtudiantMapperImpl.noteToNoteDto(IEtudiantMapperImpl.java:194) ~[classes/:na]
	at be.labil.restapp.domain.mappers.IEtudiantMapperImpl.noteSetToNoteDtoSet(IEtudiantMapperImpl.java:136) ~[classes/:na]
	at be.labil.restapp.domain.mappers.IEtudiantMapperImpl.toDto(IEtudiantMapperImpl.java:53) ~[classes/:na]
	at be.labil.restapp.domain.mappers.IEtudiantMapperImpl.noteToNoteDto(IEtudiantMapperImpl.java:194) ~[classes/:na]
	at be.labil.restapp.domain.mappers.IEtudiantMapperImpl.noteSetToNoteDtoSet(IEtudiantMapperImpl.java:136) ~[classes/:na]
	at be.labil.restapp.domain.mappers.IEtudiantMapperImpl.toDto(IEtudiantMapperImpl.java:53) ~[classes/:na]
	at be.labil.restapp.domain.mappers.IEtudiantMapperImpl.noteToNoteDto(IEtudiantMapperImpl.java:194) ~[classes/:na]
	at be.labil.restapp.domain.mappers.IEtudiantMapperImpl.noteSetToNoteDtoSet(IEtudiantMapperImpl.java:136) ~[classes/:na]
	at be.labil.restapp.domain.mappers.IEtudiantMapperImpl.toDto(IEtudiantMapperImpl.java:53) ~[classes/:na]
	at be.labil.restapp.domain.mappers.IEtudiantMapperImpl.noteToNoteDto(IEtudiantMapperImpl.java:194) ~[classes/:na]
	at be.labil.restapp.domain.mappers.IEtudiantMapperImpl.noteSetToNoteDtoSet(IEtudiantMapperImpl.java:136) ~[classes/:na]

2025-02-25T00:43:41.768+01:00  INFO 14200 --- [restapp] [File Watcher] rtingClassPathChangeChangedEventListener : Restarting due to 36 class path changes (0 additions, 35 deletions, 1 modification)
2025-02-25T00:43:41.776+01:00  INFO 14200 --- [restapp] [Thread-5] o.s.b.w.e.tomcat.GracefulShutdown        : Commencing graceful shutdown. Waiting for active requests to complete
2025-02-25T00:43:41.810+01:00  INFO 14200 --- [restapp] [tomcat-shutdown] o.s.b.w.e.tomcat.GracefulShutdown        : Graceful shutdown complete
2025-02-25T00:43:41.822+01:00  INFO 14200 --- [restapp] [Thread-5] j.LocalContainerEntityManagerFactoryBean : Closing JPA EntityManagerFactory for persistence unit 'default'
2025-02-25T00:43:41.846+01:00  WARN 14200 --- [restapp] [Thread-5] o.s.b.f.support.DisposableBeanAdapter    : Invocation of destroy method failed on bean with name 'inMemoryDatabaseShutdownExecutor': org.h2.jdbc.JdbcSQLNonTransientConnectionException: La base de données est déjà fermée (pour désactiver la fermeture automatique à l'arrêt de la VM, ajoutez "; DB_CLOSE_ON_EXIT = FALSE" à l'URL db)
Database is already closed (to disable automatic closing at VM shutdown, add ";DB_CLOSE_ON_EXIT=FALSE" to the db URL) [90121-232]
2025-02-25T00:43:41.847+01:00  INFO 14200 --- [restapp] [Thread-5] com.zaxxer.hikari.HikariDataSource       : HikariPool-1 - Shutdown initiated...
2025-02-25T00:43:41.850+01:00  INFO 14200 --- [restapp] [Thread-5] com.zaxxer.hikari.HikariDataSource       : HikariPool-1 - Shutdown completed.
2025-02-25T00:43:42.079+01:00  INFO 14200 --- [restapp] [restartedMain] be.labil.restapp.RestappApplication      : Starting RestappApplication using Java 21.0.6 with PID 14200 (C:\Elachhab\Unamur\cours\GenieLogiciel\Labo\restapp\target\classes started by abdellah.elachhab in C:\Elachhab\Unamur\cours\GenieLogiciel\Labo\restapp)
2025-02-25T00:43:42.080+01:00  INFO 14200 --- [restapp] [restartedMain] be.labil.restapp.RestappApplication      : No active profile set, falling back to 1 default profile: "default"
2025-02-25T00:43:42.876+01:00  INFO 14200 --- [restapp] [restartedMain] .s.d.r.c.RepositoryConfigurationDelegate : Bootstrapping Spring Data JPA repositories in DEFAULT mode.
2025-02-25T00:43:42.881+01:00  INFO 14200 --- [restapp] [restartedMain] .s.d.r.c.RepositoryConfigurationDelegate : Finished Spring Data repository scanning in 1 ms. Found 0 JPA repository interfaces.
2025-02-25T00:43:43.245+01:00  INFO 14200 --- [restapp] [restartedMain] o.s.b.w.embedded.tomcat.TomcatWebServer  : Tomcat initialized with port 8080 (http)
2025-02-25T00:43:43.247+01:00  INFO 14200 --- [restapp] [restartedMain] o.apache.catalina.core.StandardService   : Starting service [Tomcat]
2025-02-25T00:43:43.248+01:00  INFO 14200 --- [restapp] [restartedMain] o.apache.catalina.core.StandardEngine    : Starting Servlet engine: [Apache Tomcat/10.1.34]
2025-02-25T00:43:43.339+01:00  INFO 14200 --- [restapp] [restartedMain] o.a.c.c.C.[Tomcat].[localhost].[/]       : Initializing Spring embedded WebApplicationContext
2025-02-25T00:43:43.340+01:00  INFO 14200 --- [restapp] [restartedMain] w.s.c.ServletWebServerApplicationContext : Root WebApplicationContext: initialization completed in 1255 ms
2025-02-25T00:43:43.435+01:00  INFO 14200 --- [restapp] [restartedMain] com.zaxxer.hikari.HikariDataSource       : HikariPool-2 - Starting...
2025-02-25T00:43:43.439+01:00  INFO 14200 --- [restapp] [restartedMain] com.zaxxer.hikari.pool.HikariPool        : HikariPool-2 - Added connection conn10: url=jdbc:h2:mem:test user=SA
2025-02-25T00:43:43.440+01:00  INFO 14200 --- [restapp] [restartedMain] com.zaxxer.hikari.HikariDataSource       : HikariPool-2 - Start completed.
2025-02-25T00:43:43.448+01:00  INFO 14200 --- [restapp] [restartedMain] o.hibernate.jpa.internal.util.LogHelper  : HHH000204: Processing PersistenceUnitInfo [name: default]
2025-02-25T00:43:43.454+01:00  INFO 14200 --- [restapp] [restartedMain] o.h.c.internal.RegionFactoryInitiator    : HHH000026: Second-level cache disabled
2025-02-25T00:43:43.477+01:00  INFO 14200 --- [restapp] [restartedMain] o.s.o.j.p.SpringPersistenceUnitInfo      : No LoadTimeWeaver setup: ignoring JPA class transformer
2025-02-25T00:43:43.481+01:00  INFO 14200 --- [restapp] [restartedMain] org.hibernate.orm.connections.pooling    : HHH10001005: Database info:
	Database JDBC URL [Connecting through datasource 'HikariDataSource (HikariPool-2)']
	Database driver: undefined/unknown
	Database version: 2.3.232
	Autocommit mode: undefined/unknown
	Isolation level: undefined/unknown
	Minimum pool size: undefined/unknown
	Maximum pool size: undefined/unknown
2025-02-25T00:43:43.516+01:00  INFO 14200 --- [restapp] [restartedMain] o.h.e.t.j.p.i.JtaPlatformInitiator       : HHH000489: No JTA platform available (set 'hibernate.transaction.jta.platform' to enable JTA platform integration)
2025-02-25T00:43:43.518+01:00  INFO 14200 --- [restapp] [restartedMain] j.LocalContainerEntityManagerFactoryBean : Initialized JPA EntityManagerFactory for persistence unit 'default'
2025-02-25T00:43:43.616+01:00  WARN 14200 --- [restapp] [restartedMain] JpaBaseConfiguration$JpaWebConfiguration : spring.jpa.open-in-view is enabled by default. Therefore, database queries may be performed during view rendering. Explicitly configure spring.jpa.open-in-view to disable this warning
2025-02-25T00:43:43.662+01:00  INFO 14200 --- [restapp] [restartedMain] o.s.v.b.OptionalValidatorFactoryBean     : Failed to set up a Bean Validation provider: jakarta.validation.NoProviderFoundException: Unable to create a Configuration, because no Jakarta Bean Validation provider could be found. Add a provider like Hibernate Validator (RI) to your classpath.
2025-02-25T00:43:44.763+01:00  INFO 14200 --- [restapp] [restartedMain] o.s.b.a.h2.H2ConsoleAutoConfiguration    : H2 console available at '/h2-console'. Database available at 'jdbc:h2:mem:test'
2025-02-25T00:43:44.788+01:00  INFO 14200 --- [restapp] [restartedMain] o.s.b.d.a.OptionalLiveReloadServer       : LiveReload server is running on port 35729
2025-02-25T00:43:44.800+01:00  INFO 14200 --- [restapp] [restartedMain] o.s.b.w.embedded.tomcat.TomcatWebServer  : Tomcat started on port 8080 (http) with context path '/'
2025-02-25T00:43:44.811+01:00  INFO 14200 --- [restapp] [restartedMain] be.labil.restapp.RestappApplication      : Started RestappApplication in 2.843 seconds (process running for 143.789)
2025-02-25T00:43:44.817+01:00  INFO 14200 --- [restapp] [restartedMain] .ConditionEvaluationDeltaLoggingListener : Condition evaluation unchanged
2025-02-25T00:43:49.143+01:00  INFO 14200 --- [restapp] [File Watcher] rtingClassPathChangeChangedEventListener : Restarting due to 35 class path changes (35 additions, 0 deletions, 0 modifications)
2025-02-25T00:43:49.155+01:00  INFO 14200 --- [restapp] [Thread-7] o.s.b.w.e.tomcat.GracefulShutdown        : Commencing graceful shutdown. Waiting for active requests to complete
2025-02-25T00:43:49.417+01:00  INFO 14200 --- [restapp] [tomcat-shutdown] o.s.b.w.e.tomcat.GracefulShutdown        : Graceful shutdown complete
2025-02-25T00:43:49.424+01:00  INFO 14200 --- [restapp] [Thread-7] j.LocalContainerEntityManagerFactoryBean : Closing JPA EntityManagerFactory for persistence unit 'default'
2025-02-25T00:43:49.426+01:00  WARN 14200 --- [restapp] [Thread-7] o.s.b.f.support.DisposableBeanAdapter    : Invocation of destroy method failed on bean with name 'inMemoryDatabaseShutdownExecutor': org.h2.jdbc.JdbcSQLNonTransientConnectionException: La base de données est déjà fermée (pour désactiver la fermeture automatique à l'arrêt de la VM, ajoutez "; DB_CLOSE_ON_EXIT = FALSE" à l'URL db)
Database is already closed (to disable automatic closing at VM shutdown, add ";DB_CLOSE_ON_EXIT=FALSE" to the db URL) [90121-232]
2025-02-25T00:43:49.427+01:00  INFO 14200 --- [restapp] [Thread-7] com.zaxxer.hikari.HikariDataSource       : HikariPool-2 - Shutdown initiated...
2025-02-25T00:43:49.429+01:00  INFO 14200 --- [restapp] [Thread-7] com.zaxxer.hikari.HikariDataSource       : HikariPool-2 - Shutdown completed.
2025-02-25T00:43:49.557+01:00  INFO 14200 --- [restapp] [restartedMain] be.labil.restapp.RestappApplication      : Starting RestappApplication using Java 21.0.6 with PID 14200 (C:\Elachhab\Unamur\cours\GenieLogiciel\Labo\restapp\target\classes started by abdellah.elachhab in C:\Elachhab\Unamur\cours\GenieLogiciel\Labo\restapp)
2025-02-25T00:43:49.558+01:00  INFO 14200 --- [restapp] [restartedMain] be.labil.restapp.RestappApplication      : No active profile set, falling back to 1 default profile: "default"
2025-02-25T00:43:50.484+01:00  INFO 14200 --- [restapp] [restartedMain] .s.d.r.c.RepositoryConfigurationDelegate : Bootstrapping Spring Data JPA repositories in DEFAULT mode.
2025-02-25T00:43:50.601+01:00  INFO 14200 --- [restapp] [restartedMain] .s.d.r.c.RepositoryConfigurationDelegate : Finished Spring Data repository scanning in 114 ms. Found 4 JPA repository interfaces.
2025-02-25T00:43:51.355+01:00  INFO 14200 --- [restapp] [restartedMain] o.s.b.w.embedded.tomcat.TomcatWebServer  : Tomcat initialized with port 8080 (http)
2025-02-25T00:43:51.359+01:00  INFO 14200 --- [restapp] [restartedMain] o.apache.catalina.core.StandardService   : Starting service [Tomcat]
2025-02-25T00:43:51.359+01:00  INFO 14200 --- [restapp] [restartedMain] o.apache.catalina.core.StandardEngine    : Starting Servlet engine: [Apache Tomcat/10.1.34]
2025-02-25T00:43:51.531+01:00  INFO 14200 --- [restapp] [restartedMain] o.a.c.c.C.[Tomcat].[localhost].[/]       : Initializing Spring embedded WebApplicationContext
2025-02-25T00:43:51.532+01:00  INFO 14200 --- [restapp] [restartedMain] w.s.c.ServletWebServerApplicationContext : Root WebApplicationContext: initialization completed in 1970 ms
2025-02-25T00:43:51.688+01:00  INFO 14200 --- [restapp] [restartedMain] com.zaxxer.hikari.HikariDataSource       : HikariPool-3 - Starting...
2025-02-25T00:43:51.703+01:00  INFO 14200 --- [restapp] [restartedMain] com.zaxxer.hikari.pool.HikariPool        : HikariPool-3 - Added connection conn20: url=jdbc:h2:mem:test user=SA
2025-02-25T00:43:51.704+01:00  INFO 14200 --- [restapp] [restartedMain] com.zaxxer.hikari.HikariDataSource       : HikariPool-3 - Start completed.
2025-02-25T00:43:51.845+01:00  INFO 14200 --- [restapp] [restartedMain] o.hibernate.jpa.internal.util.LogHelper  : HHH000204: Processing PersistenceUnitInfo [name: default]
2025-02-25T00:43:51.853+01:00  INFO 14200 --- [restapp] [restartedMain] o.h.c.internal.RegionFactoryInitiator    : HHH000026: Second-level cache disabled
2025-02-25T00:43:51.948+01:00  INFO 14200 --- [restapp] [restartedMain] o.s.o.j.p.SpringPersistenceUnitInfo      : No LoadTimeWeaver setup: ignoring JPA class transformer
2025-02-25T00:43:51.961+01:00  INFO 14200 --- [restapp] [restartedMain] org.hibernate.orm.connections.pooling    : HHH10001005: Database info:
	Database JDBC URL [Connecting through datasource 'HikariDataSource (HikariPool-3)']
	Database driver: undefined/unknown
	Database version: 2.3.232
	Autocommit mode: undefined/unknown
	Isolation level: undefined/unknown
	Minimum pool size: undefined/unknown
	Maximum pool size: undefined/unknown
2025-02-25T00:43:52.346+01:00  INFO 14200 --- [restapp] [restartedMain] o.h.e.t.j.p.i.JtaPlatformInitiator       : HHH000489: No JTA platform available (set 'hibernate.transaction.jta.platform' to enable JTA platform integration)
2025-02-25T00:43:52.371+01:00  INFO 14200 --- [restapp] [restartedMain] j.LocalContainerEntityManagerFactoryBean : Initialized JPA EntityManagerFactory for persistence unit 'default'
2025-02-25T00:43:52.857+01:00  WARN 14200 --- [restapp] [restartedMain] JpaBaseConfiguration$JpaWebConfiguration : spring.jpa.open-in-view is enabled by default. Therefore, database queries may be performed during view rendering. Explicitly configure spring.jpa.open-in-view to disable this warning
2025-02-25T00:43:52.905+01:00  INFO 14200 --- [restapp] [restartedMain] o.s.v.b.OptionalValidatorFactoryBean     : Failed to set up a Bean Validation provider: jakarta.validation.NoProviderFoundException: Unable to create a Configuration, because no Jakarta Bean Validation provider could be found. Add a provider like Hibernate Validator (RI) to your classpath.
2025-02-25T00:43:54.447+01:00  INFO 14200 --- [restapp] [restartedMain] o.s.b.a.h2.H2ConsoleAutoConfiguration    : H2 console available at '/h2-console'. Database available at 'jdbc:h2:mem:test'
2025-02-25T00:43:54.467+01:00  INFO 14200 --- [restapp] [restartedMain] o.s.b.d.a.OptionalLiveReloadServer       : LiveReload server is running on port 35729
2025-02-25T00:43:54.493+01:00  INFO 14200 --- [restapp] [restartedMain] o.s.b.w.embedded.tomcat.TomcatWebServer  : Tomcat started on port 8080 (http) with context path '/'
2025-02-25T00:43:54.503+01:00  INFO 14200 --- [restapp] [restartedMain] be.labil.restapp.RestappApplication      : Started RestappApplication in 4.999 seconds (process running for 153.481)
2025-02-25T00:43:54.506+01:00  INFO 14200 --- [restapp] [restartedMain] .ConditionEvaluationDeltaLoggingListener : Condition evaluation unchanged
2025-02-25T00:44:21.192+01:00  INFO 14200 --- [restapp] [http-nio-8080-exec-2] o.a.c.c.C.[Tomcat].[localhost].[/]       : Initializing Spring DispatcherServlet 'dispatcherServlet'
2025-02-25T00:44:21.192+01:00  INFO 14200 --- [restapp] [http-nio-8080-exec-2] o.s.web.servlet.DispatcherServlet        : Initializing Servlet 'dispatcherServlet'
2025-02-25T00:44:21.193+01:00  INFO 14200 --- [restapp] [http-nio-8080-exec-2] o.s.web.servlet.DispatcherServlet        : Completed initialization in 1 ms
2025-02-25T00:44:27.321+01:00  INFO 14200 --- [restapp] [SpringApplicationShutdownHook] o.s.b.w.e.tomcat.GracefulShutdown        : Commencing graceful shutdown. Waiting for active requests to complete
2025-02-25T00:44:27.349+01:00  INFO 14200 --- [restapp] [tomcat-shutdown] o.s.b.w.e.tomcat.GracefulShutdown        : Graceful shutdown complete
2025-02-25T00:44:27.354+01:00  INFO 14200 --- [restapp] [SpringApplicationShutdownHook] j.LocalContainerEntityManagerFactoryBean : Closing JPA EntityManagerFactory for persistence unit 'default'
2025-02-25T00:44:27.358+01:00  WARN 14200 --- [restapp] [SpringApplicationShutdownHook] o.s.b.f.support.DisposableBeanAdapter    : Invocation of destroy method failed on bean with name 'inMemoryDatabaseShutdownExecutor': org.h2.jdbc.JdbcSQLNonTransientConnectionException: La base de données est déjà fermée (pour désactiver la fermeture automatique à l'arrêt de la VM, ajoutez "; DB_CLOSE_ON_EXIT = FALSE" à l'URL db)
Database is already closed (to disable automatic closing at VM shutdown, add ";DB_CLOSE_ON_EXIT=FALSE" to the db URL) [90121-232]
2025-02-25T00:44:27.358+01:00  INFO 14200 --- [restapp] [SpringApplicationShutdownHook] com.zaxxer.hikari.HikariDataSource       : HikariPool-3 - Shutdown initiated...
2025-02-25T00:44:27.359+01:00  INFO 14200 --- [restapp] [SpringApplicationShutdownHook] com.zaxxer.hikari.HikariDataSource       : HikariPool-3 - Shutdown completed.
2025-02-25T00:44:37.584+01:00  INFO 23172 --- [restapp] [restartedMain] be.labil.restapp.RestappApplication      : Starting RestappApplication using Java 21.0.6 with PID 23172 (C:\Elachhab\Unamur\cours\GenieLogiciel\Labo\restapp\target\classes started by abdellah.elachhab in C:\Elachhab\Unamur\cours\GenieLogiciel\Labo\restapp)
2025-02-25T00:44:37.588+01:00  INFO 23172 --- [restapp] [restartedMain] be.labil.restapp.RestappApplication      : No active profile set, falling back to 1 default profile: "default"
2025-02-25T00:44:37.698+01:00  INFO 23172 --- [restapp] [restartedMain] .e.DevToolsPropertyDefaultsPostProcessor : Devtools property defaults active! Set 'spring.devtools.add-properties' to 'false' to disable
2025-02-25T00:44:37.699+01:00  INFO 23172 --- [restapp] [restartedMain] .e.DevToolsPropertyDefaultsPostProcessor : For additional web related logging consider setting the 'logging.level.web' property to 'DEBUG'
2025-02-25T00:44:39.302+01:00  INFO 23172 --- [restapp] [restartedMain] .s.d.r.c.RepositoryConfigurationDelegate : Bootstrapping Spring Data JPA repositories in DEFAULT mode.
2025-02-25T00:44:39.508+01:00  INFO 23172 --- [restapp] [restartedMain] .s.d.r.c.RepositoryConfigurationDelegate : Finished Spring Data repository scanning in 183 ms. Found 4 JPA repository interfaces.
2025-02-25T00:44:41.016+01:00  INFO 23172 --- [restapp] [restartedMain] o.s.b.w.embedded.tomcat.TomcatWebServer  : Tomcat initialized with port 8080 (http)
2025-02-25T00:44:41.056+01:00  INFO 23172 --- [restapp] [restartedMain] o.apache.catalina.core.StandardService   : Starting service [Tomcat]
2025-02-25T00:44:41.057+01:00  INFO 23172 --- [restapp] [restartedMain] o.apache.catalina.core.StandardEngine    : Starting Servlet engine: [Apache Tomcat/10.1.34]
2025-02-25T00:44:41.169+01:00  INFO 23172 --- [restapp] [restartedMain] o.a.c.c.C.[Tomcat].[localhost].[/]       : Initializing Spring embedded WebApplicationContext
2025-02-25T00:44:41.169+01:00  INFO 23172 --- [restapp] [restartedMain] w.s.c.ServletWebServerApplicationContext : Root WebApplicationContext: initialization completed in 3469 ms
2025-02-25T00:44:41.432+01:00  INFO 23172 --- [restapp] [restartedMain] com.zaxxer.hikari.HikariDataSource       : HikariPool-1 - Starting...
2025-02-25T00:44:41.779+01:00  INFO 23172 --- [restapp] [restartedMain] com.zaxxer.hikari.pool.HikariPool        : HikariPool-1 - Added connection conn0: url=jdbc:h2:mem:test user=SA
2025-02-25T00:44:41.782+01:00  INFO 23172 --- [restapp] [restartedMain] com.zaxxer.hikari.HikariDataSource       : HikariPool-1 - Start completed.
2025-02-25T00:44:41.898+01:00  INFO 23172 --- [restapp] [restartedMain] o.hibernate.jpa.internal.util.LogHelper  : HHH000204: Processing PersistenceUnitInfo [name: default]
2025-02-25T00:44:42.034+01:00  INFO 23172 --- [restapp] [restartedMain] org.hibernate.Version                    : HHH000412: Hibernate ORM core version 6.6.5.Final
2025-02-25T00:44:42.108+01:00  INFO 23172 --- [restapp] [restartedMain] o.h.c.internal.RegionFactoryInitiator    : HHH000026: Second-level cache disabled
2025-02-25T00:44:42.721+01:00  INFO 23172 --- [restapp] [restartedMain] o.s.o.j.p.SpringPersistenceUnitInfo      : No LoadTimeWeaver setup: ignoring JPA class transformer
2025-02-25T00:44:42.892+01:00  INFO 23172 --- [restapp] [restartedMain] org.hibernate.orm.connections.pooling    : HHH10001005: Database info:
	Database JDBC URL [Connecting through datasource 'HikariDataSource (HikariPool-1)']
	Database driver: undefined/unknown
	Database version: 2.3.232
	Autocommit mode: undefined/unknown
	Isolation level: undefined/unknown
	Minimum pool size: undefined/unknown
	Maximum pool size: undefined/unknown
2025-02-25T00:44:44.552+01:00  INFO 23172 --- [restapp] [restartedMain] o.h.e.t.j.p.i.JtaPlatformInitiator       : HHH000489: No JTA platform available (set 'hibernate.transaction.jta.platform' to enable JTA platform integration)
2025-02-25T00:44:44.634+01:00  INFO 23172 --- [restapp] [restartedMain] j.LocalContainerEntityManagerFactoryBean : Initialized JPA EntityManagerFactory for persistence unit 'default'
2025-02-25T00:44:45.484+01:00  WARN 23172 --- [restapp] [restartedMain] JpaBaseConfiguration$JpaWebConfiguration : spring.jpa.open-in-view is enabled by default. Therefore, database queries may be performed during view rendering. Explicitly configure spring.jpa.open-in-view to disable this warning
2025-02-25T00:44:45.579+01:00  INFO 23172 --- [restapp] [restartedMain] o.s.v.b.OptionalValidatorFactoryBean     : Failed to set up a Bean Validation provider: jakarta.validation.NoProviderFoundException: Unable to create a Configuration, because no Jakarta Bean Validation provider could be found. Add a provider like Hibernate Validator (RI) to your classpath.
2025-02-25T00:44:47.641+01:00  INFO 23172 --- [restapp] [restartedMain] o.s.b.a.h2.H2ConsoleAutoConfiguration    : H2 console available at '/h2-console'. Database available at 'jdbc:h2:mem:test'
2025-02-25T00:44:47.791+01:00  INFO 23172 --- [restapp] [restartedMain] o.s.b.d.a.OptionalLiveReloadServer       : LiveReload server is running on port 35729
2025-02-25T00:44:47.863+01:00  INFO 23172 --- [restapp] [restartedMain] o.s.b.w.embedded.tomcat.TomcatWebServer  : Tomcat started on port 8080 (http) with context path '/'
2025-02-25T00:44:47.883+01:00  INFO 23172 --- [restapp] [restartedMain] be.labil.restapp.RestappApplication      : Started RestappApplication in 11.279 seconds (process running for 12.714)
2025-02-25T00:44:50.307+01:00  INFO 23172 --- [restapp] [http-nio-8080-exec-1] o.a.c.c.C.[Tomcat].[localhost].[/]       : Initializing Spring DispatcherServlet 'dispatcherServlet'
2025-02-25T00:44:50.308+01:00  INFO 23172 --- [restapp] [http-nio-8080-exec-1] o.s.web.servlet.DispatcherServlet        : Initializing Servlet 'dispatcherServlet'
2025-02-25T00:44:50.310+01:00  INFO 23172 --- [restapp] [http-nio-8080-exec-1] o.s.web.servlet.DispatcherServlet        : Completed initialization in 1 ms
2025-02-25T00:46:43.360+01:00  WARN 23172 --- [restapp] [HikariPool-1 housekeeper] com.zaxxer.hikari.pool.HikariPool        : HikariPool-1 - Thread starvation or clock leap detected (housekeeper delta=1m1s460ms831µs700ns).
2025-02-25T00:47:46.822+01:00  INFO 23172 --- [restapp] [SpringApplicationShutdownHook] o.s.b.w.e.tomcat.GracefulShutdown        : Commencing graceful shutdown. Waiting for active requests to complete
2025-02-25T00:47:46.849+01:00  INFO 23172 --- [restapp] [tomcat-shutdown] o.s.b.w.e.tomcat.GracefulShutdown        : Graceful shutdown complete
2025-02-25T00:47:46.853+01:00  INFO 23172 --- [restapp] [SpringApplicationShutdownHook] j.LocalContainerEntityManagerFactoryBean : Closing JPA EntityManagerFactory for persistence unit 'default'
2025-02-25T00:47:46.869+01:00  WARN 23172 --- [restapp] [SpringApplicationShutdownHook] o.s.b.f.support.DisposableBeanAdapter    : Invocation of destroy method failed on bean with name 'inMemoryDatabaseShutdownExecutor': org.h2.jdbc.JdbcSQLNonTransientConnectionException: La base de données est déjà fermée (pour désactiver la fermeture automatique à l'arrêt de la VM, ajoutez "; DB_CLOSE_ON_EXIT = FALSE" à l'URL db)
Database is already closed (to disable automatic closing at VM shutdown, add ";DB_CLOSE_ON_EXIT=FALSE" to the db URL) [90121-232]
2025-02-25T00:47:46.870+01:00  INFO 23172 --- [restapp] [SpringApplicationShutdownHook] com.zaxxer.hikari.HikariDataSource       : HikariPool-1 - Shutdown initiated...
2025-02-25T00:47:46.874+01:00  INFO 23172 --- [restapp] [SpringApplicationShutdownHook] com.zaxxer.hikari.HikariDataSource       : HikariPool-1 - Shutdown completed.
2025-02-25T00:48:15.726+01:00  INFO 3332 --- [restapp] [restartedMain] be.labil.restapp.RestappApplication      : Starting RestappApplication using Java 21.0.6 with PID 3332 (C:\Elachhab\Unamur\cours\GenieLogiciel\Labo\restapp\target\classes started by abdellah.elachhab in C:\Elachhab\Unamur\cours\GenieLogiciel\Labo\restapp)
2025-02-25T00:48:15.730+01:00  INFO 3332 --- [restapp] [restartedMain] be.labil.restapp.RestappApplication      : No active profile set, falling back to 1 default profile: "default"
2025-02-25T00:48:15.831+01:00  INFO 3332 --- [restapp] [restartedMain] .e.DevToolsPropertyDefaultsPostProcessor : Devtools property defaults active! Set 'spring.devtools.add-properties' to 'false' to disable
2025-02-25T00:48:15.832+01:00  INFO 3332 --- [restapp] [restartedMain] .e.DevToolsPropertyDefaultsPostProcessor : For additional web related logging consider setting the 'logging.level.web' property to 'DEBUG'
2025-02-25T00:48:17.794+01:00  INFO 3332 --- [restapp] [restartedMain] .s.d.r.c.RepositoryConfigurationDelegate : Bootstrapping Spring Data JPA repositories in DEFAULT mode.
2025-02-25T00:48:17.966+01:00  INFO 3332 --- [restapp] [restartedMain] .s.d.r.c.RepositoryConfigurationDelegate : Finished Spring Data repository scanning in 152 ms. Found 4 JPA repository interfaces.
2025-02-25T00:48:19.422+01:00  INFO 3332 --- [restapp] [restartedMain] o.s.b.w.embedded.tomcat.TomcatWebServer  : Tomcat initialized with port 8080 (http)
2025-02-25T00:48:19.461+01:00  INFO 3332 --- [restapp] [restartedMain] o.apache.catalina.core.StandardService   : Starting service [Tomcat]
2025-02-25T00:48:19.461+01:00  INFO 3332 --- [restapp] [restartedMain] o.apache.catalina.core.StandardEngine    : Starting Servlet engine: [Apache Tomcat/10.1.34]
2025-02-25T00:48:19.575+01:00  INFO 3332 --- [restapp] [restartedMain] o.a.c.c.C.[Tomcat].[localhost].[/]       : Initializing Spring embedded WebApplicationContext
2025-02-25T00:48:19.575+01:00  INFO 3332 --- [restapp] [restartedMain] w.s.c.ServletWebServerApplicationContext : Root WebApplicationContext: initialization completed in 3741 ms
2025-02-25T00:48:19.841+01:00  INFO 3332 --- [restapp] [restartedMain] com.zaxxer.hikari.HikariDataSource       : HikariPool-1 - Starting...
2025-02-25T00:48:20.211+01:00  INFO 3332 --- [restapp] [restartedMain] com.zaxxer.hikari.pool.HikariPool        : HikariPool-1 - Added connection conn0: url=jdbc:h2:mem:test user=SA
2025-02-25T00:48:20.215+01:00  INFO 3332 --- [restapp] [restartedMain] com.zaxxer.hikari.HikariDataSource       : HikariPool-1 - Start completed.
2025-02-25T00:48:20.335+01:00  INFO 3332 --- [restapp] [restartedMain] o.hibernate.jpa.internal.util.LogHelper  : HHH000204: Processing PersistenceUnitInfo [name: default]
2025-02-25T00:48:20.466+01:00  INFO 3332 --- [restapp] [restartedMain] org.hibernate.Version                    : HHH000412: Hibernate ORM core version 6.6.5.Final
2025-02-25T00:48:20.533+01:00  INFO 3332 --- [restapp] [restartedMain] o.h.c.internal.RegionFactoryInitiator    : HHH000026: Second-level cache disabled
2025-02-25T00:48:21.127+01:00  INFO 3332 --- [restapp] [restartedMain] o.s.o.j.p.SpringPersistenceUnitInfo      : No LoadTimeWeaver setup: ignoring JPA class transformer
2025-02-25T00:48:21.300+01:00  INFO 3332 --- [restapp] [restartedMain] org.hibernate.orm.connections.pooling    : HHH10001005: Database info:
	Database JDBC URL [Connecting through datasource 'HikariDataSource (HikariPool-1)']
	Database driver: undefined/unknown
	Database version: 2.3.232
	Autocommit mode: undefined/unknown
	Isolation level: undefined/unknown
	Minimum pool size: undefined/unknown
	Maximum pool size: undefined/unknown
2025-02-25T00:48:22.903+01:00  INFO 3332 --- [restapp] [restartedMain] o.h.e.t.j.p.i.JtaPlatformInitiator       : HHH000489: No JTA platform available (set 'hibernate.transaction.jta.platform' to enable JTA platform integration)
2025-02-25T00:48:22.987+01:00  INFO 3332 --- [restapp] [restartedMain] j.LocalContainerEntityManagerFactoryBean : Initialized JPA EntityManagerFactory for persistence unit 'default'
2025-02-25T00:48:24.053+01:00  WARN 3332 --- [restapp] [restartedMain] JpaBaseConfiguration$JpaWebConfiguration : spring.jpa.open-in-view is enabled by default. Therefore, database queries may be performed during view rendering. Explicitly configure spring.jpa.open-in-view to disable this warning
2025-02-25T00:48:24.299+01:00  INFO 3332 --- [restapp] [restartedMain] o.s.v.b.OptionalValidatorFactoryBean     : Failed to set up a Bean Validation provider: jakarta.validation.NoProviderFoundException: Unable to create a Configuration, because no Jakarta Bean Validation provider could be found. Add a provider like Hibernate Validator (RI) to your classpath.
2025-02-25T00:48:27.170+01:00  INFO 3332 --- [restapp] [restartedMain] o.s.b.a.h2.H2ConsoleAutoConfiguration    : H2 console available at '/h2-console'. Database available at 'jdbc:h2:mem:test'
2025-02-25T00:48:27.316+01:00  INFO 3332 --- [restapp] [restartedMain] o.s.b.d.a.OptionalLiveReloadServer       : LiveReload server is running on port 35729
2025-02-25T00:48:27.430+01:00  INFO 3332 --- [restapp] [restartedMain] o.s.b.w.embedded.tomcat.TomcatWebServer  : Tomcat started on port 8080 (http) with context path '/'
2025-02-25T00:48:27.456+01:00  INFO 3332 --- [restapp] [restartedMain] be.labil.restapp.RestappApplication      : Started RestappApplication in 12.658 seconds (process running for 13.732)
2025-02-25T00:48:29.078+01:00  INFO 3332 --- [restapp] [http-nio-8080-exec-7] o.a.c.c.C.[Tomcat].[localhost].[/]       : Initializing Spring DispatcherServlet 'dispatcherServlet'
2025-02-25T00:48:29.079+01:00  INFO 3332 --- [restapp] [http-nio-8080-exec-7] o.s.web.servlet.DispatcherServlet        : Initializing Servlet 'dispatcherServlet'
2025-02-25T00:48:29.083+01:00  INFO 3332 --- [restapp] [http-nio-8080-exec-7] o.s.web.servlet.DispatcherServlet        : Completed initialization in 4 ms
2025-02-25T01:26:06.786+01:00  INFO 3332 --- [restapp] [SpringApplicationShutdownHook] o.s.b.w.e.tomcat.GracefulShutdown        : Commencing graceful shutdown. Waiting for active requests to complete
2025-02-25T01:26:06.847+01:00  INFO 3332 --- [restapp] [tomcat-shutdown] o.s.b.w.e.tomcat.GracefulShutdown        : Graceful shutdown complete
2025-02-25T01:26:06.860+01:00  INFO 3332 --- [restapp] [SpringApplicationShutdownHook] j.LocalContainerEntityManagerFactoryBean : Closing JPA EntityManagerFactory for persistence unit 'default'
2025-02-25T01:26:06.896+01:00  WARN 3332 --- [restapp] [SpringApplicationShutdownHook] o.s.b.f.support.DisposableBeanAdapter    : Invocation of destroy method failed on bean with name 'inMemoryDatabaseShutdownExecutor': org.h2.jdbc.JdbcSQLNonTransientConnectionException: La base de données est déjà fermée (pour désactiver la fermeture automatique à l'arrêt de la VM, ajoutez "; DB_CLOSE_ON_EXIT = FALSE" à l'URL db)
Database is already closed (to disable automatic closing at VM shutdown, add ";DB_CLOSE_ON_EXIT=FALSE" to the db URL) [90121-232]
2025-02-25T01:26:06.897+01:00  INFO 3332 --- [restapp] [SpringApplicationShutdownHook] com.zaxxer.hikari.HikariDataSource       : HikariPool-1 - Shutdown initiated...
2025-02-25T01:26:06.900+01:00  INFO 3332 --- [restapp] [SpringApplicationShutdownHook] com.zaxxer.hikari.HikariDataSource       : HikariPool-1 - Shutdown completed.
2025-02-25T01:40:22.549+01:00  INFO 5832 --- [restapp] [restartedMain] be.labil.restapp.RestappApplication      : Starting RestappApplication using Java 21.0.6 with PID 5832 (C:\Elachhab\Unamur\cours\GenieLogiciel\Labo\restapp\target\classes started by abdellah.elachhab in C:\Elachhab\Unamur\cours\GenieLogiciel\Labo\restapp)
2025-02-25T01:40:22.553+01:00  INFO 5832 --- [restapp] [restartedMain] be.labil.restapp.RestappApplication      : No active profile set, falling back to 1 default profile: "default"
2025-02-25T01:40:22.652+01:00  INFO 5832 --- [restapp] [restartedMain] .e.DevToolsPropertyDefaultsPostProcessor : Devtools property defaults active! Set 'spring.devtools.add-properties' to 'false' to disable
2025-02-25T01:40:22.652+01:00  INFO 5832 --- [restapp] [restartedMain] .e.DevToolsPropertyDefaultsPostProcessor : For additional web related logging consider setting the 'logging.level.web' property to 'DEBUG'
2025-02-25T01:40:24.171+01:00  INFO 5832 --- [restapp] [restartedMain] .s.d.r.c.RepositoryConfigurationDelegate : Bootstrapping Spring Data JPA repositories in DEFAULT mode.
2025-02-25T01:40:24.309+01:00  INFO 5832 --- [restapp] [restartedMain] .s.d.r.c.RepositoryConfigurationDelegate : Finished Spring Data repository scanning in 124 ms. Found 4 JPA repository interfaces.
2025-02-25T01:40:25.486+01:00  INFO 5832 --- [restapp] [restartedMain] o.s.b.w.embedded.tomcat.TomcatWebServer  : Tomcat initialized with port 8080 (http)
2025-02-25T01:40:25.509+01:00  INFO 5832 --- [restapp] [restartedMain] o.apache.catalina.core.StandardService   : Starting service [Tomcat]
2025-02-25T01:40:25.509+01:00  INFO 5832 --- [restapp] [restartedMain] o.apache.catalina.core.StandardEngine    : Starting Servlet engine: [Apache Tomcat/10.1.34]
2025-02-25T01:40:25.609+01:00  INFO 5832 --- [restapp] [restartedMain] o.a.c.c.C.[Tomcat].[localhost].[/]       : Initializing Spring embedded WebApplicationContext
2025-02-25T01:40:25.610+01:00  INFO 5832 --- [restapp] [restartedMain] w.s.c.ServletWebServerApplicationContext : Root WebApplicationContext: initialization completed in 2957 ms
2025-02-25T01:40:25.947+01:00  INFO 5832 --- [restapp] [restartedMain] com.zaxxer.hikari.HikariDataSource       : HikariPool-1 - Starting...
2025-02-25T01:40:26.330+01:00  INFO 5832 --- [restapp] [restartedMain] com.zaxxer.hikari.pool.HikariPool        : HikariPool-1 - Added connection conn0: url=jdbc:h2:mem:test user=SA
2025-02-25T01:40:26.333+01:00  INFO 5832 --- [restapp] [restartedMain] com.zaxxer.hikari.HikariDataSource       : HikariPool-1 - Start completed.
2025-02-25T01:40:26.437+01:00  INFO 5832 --- [restapp] [restartedMain] o.hibernate.jpa.internal.util.LogHelper  : HHH000204: Processing PersistenceUnitInfo [name: default]
2025-02-25T01:40:26.580+01:00  INFO 5832 --- [restapp] [restartedMain] org.hibernate.Version                    : HHH000412: Hibernate ORM core version 6.6.5.Final
2025-02-25T01:40:26.648+01:00  INFO 5832 --- [restapp] [restartedMain] o.h.c.internal.RegionFactoryInitiator    : HHH000026: Second-level cache disabled
2025-02-25T01:40:27.203+01:00  INFO 5832 --- [restapp] [restartedMain] o.s.o.j.p.SpringPersistenceUnitInfo      : No LoadTimeWeaver setup: ignoring JPA class transformer
2025-02-25T01:40:27.325+01:00  INFO 5832 --- [restapp] [restartedMain] org.hibernate.orm.connections.pooling    : HHH10001005: Database info:
	Database JDBC URL [Connecting through datasource 'HikariDataSource (HikariPool-1)']
	Database driver: undefined/unknown
	Database version: 2.3.232
	Autocommit mode: undefined/unknown
	Isolation level: undefined/unknown
	Minimum pool size: undefined/unknown
	Maximum pool size: undefined/unknown
2025-02-25T01:40:28.683+01:00  INFO 5832 --- [restapp] [restartedMain] o.h.e.t.j.p.i.JtaPlatformInitiator       : HHH000489: No JTA platform available (set 'hibernate.transaction.jta.platform' to enable JTA platform integration)
2025-02-25T01:40:28.759+01:00  INFO 5832 --- [restapp] [restartedMain] j.LocalContainerEntityManagerFactoryBean : Initialized JPA EntityManagerFactory for persistence unit 'default'
2025-02-25T01:40:29.574+01:00  WARN 5832 --- [restapp] [restartedMain] JpaBaseConfiguration$JpaWebConfiguration : spring.jpa.open-in-view is enabled by default. Therefore, database queries may be performed during view rendering. Explicitly configure spring.jpa.open-in-view to disable this warning
2025-02-25T01:40:29.652+01:00  INFO 5832 --- [restapp] [restartedMain] o.s.v.b.OptionalValidatorFactoryBean     : Failed to set up a Bean Validation provider: jakarta.validation.NoProviderFoundException: Unable to create a Configuration, because no Jakarta Bean Validation provider could be found. Add a provider like Hibernate Validator (RI) to your classpath.
2025-02-25T01:40:31.449+01:00  INFO 5832 --- [restapp] [restartedMain] o.s.b.a.h2.H2ConsoleAutoConfiguration    : H2 console available at '/h2-console'. Database available at 'jdbc:h2:mem:test'
2025-02-25T01:40:31.621+01:00  INFO 5832 --- [restapp] [restartedMain] o.s.b.d.a.OptionalLiveReloadServer       : LiveReload server is running on port 35729
2025-02-25T01:40:31.707+01:00  INFO 5832 --- [restapp] [restartedMain] o.s.b.w.embedded.tomcat.TomcatWebServer  : Tomcat started on port 8080 (http) with context path '/'
2025-02-25T01:40:31.728+01:00  INFO 5832 --- [restapp] [restartedMain] be.labil.restapp.RestappApplication      : Started RestappApplication in 10.145 seconds (process running for 11.343)
2025-02-25T01:40:48.233+01:00  INFO 5832 --- [restapp] [http-nio-8080-exec-1] o.a.c.c.C.[Tomcat].[localhost].[/]       : Initializing Spring DispatcherServlet 'dispatcherServlet'
2025-02-25T01:40:48.234+01:00  INFO 5832 --- [restapp] [http-nio-8080-exec-1] o.s.web.servlet.DispatcherServlet        : Initializing Servlet 'dispatcherServlet'
2025-02-25T01:40:48.236+01:00  INFO 5832 --- [restapp] [http-nio-8080-exec-1] o.s.web.servlet.DispatcherServlet        : Completed initialization in 2 ms
2025-02-25T01:41:41.538+01:00 ERROR 5832 --- [restapp] [http-nio-8080-exec-6] o.a.c.c.C.[.[.[/].[dispatcherServlet]    : Servlet.service() for servlet [dispatcherServlet] in context with path [] threw exception [Request processing failed: java.lang.UnsupportedOperationException] with root cause

java.lang.UnsupportedOperationException: null
	at java.base/java.util.AbstractList.add(AbstractList.java:155) ~[na:na]
	at java.base/java.util.AbstractList.add(AbstractList.java:113) ~[na:na]
	at be.labil.restapp.controllers.EtudiantController.getByName(EtudiantController.java:71) ~[classes/:na]
	at java.base/jdk.internal.reflect.DirectMethodHandleAccessor.invoke(DirectMethodHandleAccessor.java:103) ~[na:na]
	at java.base/java.lang.reflect.Method.invoke(Method.java:580) ~[na:na]
	at org.springframework.web.method.support.InvocableHandlerMethod.doInvoke(InvocableHandlerMethod.java:257) ~[spring-web-6.2.2.jar:6.2.2]
	at org.springframework.web.method.support.InvocableHandlerMethod.invokeForRequest(InvocableHandlerMethod.java:190) ~[spring-web-6.2.2.jar:6.2.2]
	at org.springframework.web.servlet.mvc.method.annotation.ServletInvocableHandlerMethod.invokeAndHandle(ServletInvocableHandlerMethod.java:118) ~[spring-webmvc-6.2.2.jar:6.2.2]
	at org.springframework.web.servlet.mvc.method.annotation.RequestMappingHandlerAdapter.invokeHandlerMethod(RequestMappingHandlerAdapter.java:986) ~[spring-webmvc-6.2.2.jar:6.2.2]
	at org.springframework.web.servlet.mvc.method.annotation.RequestMappingHandlerAdapter.handleInternal(RequestMappingHandlerAdapter.java:891) ~[spring-webmvc-6.2.2.jar:6.2.2]
	at org.springframework.web.servlet.mvc.method.AbstractHandlerMethodAdapter.handle(AbstractHandlerMethodAdapter.java:87) ~[spring-webmvc-6.2.2.jar:6.2.2]
	at org.springframework.web.servlet.DispatcherServlet.doDispatch(DispatcherServlet.java:1088) ~[spring-webmvc-6.2.2.jar:6.2.2]
	at org.springframework.web.servlet.DispatcherServlet.doService(DispatcherServlet.java:978) ~[spring-webmvc-6.2.2.jar:6.2.2]
	at org.springframework.web.servlet.FrameworkServlet.processRequest(FrameworkServlet.java:1014) ~[spring-webmvc-6.2.2.jar:6.2.2]
	at org.springframework.web.servlet.FrameworkServlet.doGet(FrameworkServlet.java:903) ~[spring-webmvc-6.2.2.jar:6.2.2]
	at jakarta.servlet.http.HttpServlet.service(HttpServlet.java:564) ~[tomcat-embed-core-10.1.34.jar:6.0]
	at org.springframework.web.servlet.FrameworkServlet.service(FrameworkServlet.java:885) ~[spring-webmvc-6.2.2.jar:6.2.2]
	at jakarta.servlet.http.HttpServlet.service(HttpServlet.java:658) ~[tomcat-embed-core-10.1.34.jar:6.0]
	at org.apache.catalina.core.ApplicationFilterChain.internalDoFilter(ApplicationFilterChain.java:195) ~[tomcat-embed-core-10.1.34.jar:10.1.34]
	at org.apache.catalina.core.ApplicationFilterChain.doFilter(ApplicationFilterChain.java:140) ~[tomcat-embed-core-10.1.34.jar:10.1.34]
	at org.apache.tomcat.websocket.server.WsFilter.doFilter(WsFilter.java:51) ~[tomcat-embed-websocket-10.1.34.jar:10.1.34]
	at org.apache.catalina.core.ApplicationFilterChain.internalDoFilter(ApplicationFilterChain.java:164) ~[tomcat-embed-core-10.1.34.jar:10.1.34]
	at org.apache.catalina.core.ApplicationFilterChain.doFilter(ApplicationFilterChain.java:140) ~[tomcat-embed-core-10.1.34.jar:10.1.34]
	at org.springframework.web.filter.RequestContextFilter.doFilterInternal(RequestContextFilter.java:100) ~[spring-web-6.2.2.jar:6.2.2]
	at org.springframework.web.filter.OncePerRequestFilter.doFilter(OncePerRequestFilter.java:116) ~[spring-web-6.2.2.jar:6.2.2]
	at org.apache.catalina.core.ApplicationFilterChain.internalDoFilter(ApplicationFilterChain.java:164) ~[tomcat-embed-core-10.1.34.jar:10.1.34]
	at org.apache.catalina.core.ApplicationFilterChain.doFilter(ApplicationFilterChain.java:140) ~[tomcat-embed-core-10.1.34.jar:10.1.34]
	at org.springframework.web.filter.FormContentFilter.doFilterInternal(FormContentFilter.java:93) ~[spring-web-6.2.2.jar:6.2.2]
	at org.springframework.web.filter.OncePerRequestFilter.doFilter(OncePerRequestFilter.java:116) ~[spring-web-6.2.2.jar:6.2.2]
	at org.apache.catalina.core.ApplicationFilterChain.internalDoFilter(ApplicationFilterChain.java:164) ~[tomcat-embed-core-10.1.34.jar:10.1.34]
	at org.apache.catalina.core.ApplicationFilterChain.doFilter(ApplicationFilterChain.java:140) ~[tomcat-embed-core-10.1.34.jar:10.1.34]
	at org.springframework.web.filter.CharacterEncodingFilter.doFilterInternal(CharacterEncodingFilter.java:201) ~[spring-web-6.2.2.jar:6.2.2]
	at org.springframework.web.filter.OncePerRequestFilter.doFilter(OncePerRequestFilter.java:116) ~[spring-web-6.2.2.jar:6.2.2]
	at org.apache.catalina.core.ApplicationFilterChain.internalDoFilter(ApplicationFilterChain.java:164) ~[tomcat-embed-core-10.1.34.jar:10.1.34]
	at org.apache.catalina.core.ApplicationFilterChain.doFilter(ApplicationFilterChain.java:140) ~[tomcat-embed-core-10.1.34.jar:10.1.34]
	at org.apache.catalina.core.StandardWrapperValve.invoke(StandardWrapperValve.java:167) ~[tomcat-embed-core-10.1.34.jar:10.1.34]
	at org.apache.catalina.core.StandardContextValve.invoke(StandardContextValve.java:90) ~[tomcat-embed-core-10.1.34.jar:10.1.34]
	at org.apache.catalina.authenticator.AuthenticatorBase.invoke(AuthenticatorBase.java:483) ~[tomcat-embed-core-10.1.34.jar:10.1.34]
	at org.apache.catalina.core.StandardHostValve.invoke(StandardHostValve.java:115) ~[tomcat-embed-core-10.1.34.jar:10.1.34]
	at org.apache.catalina.valves.ErrorReportValve.invoke(ErrorReportValve.java:93) ~[tomcat-embed-core-10.1.34.jar:10.1.34]
	at org.apache.catalina.core.StandardEngineValve.invoke(StandardEngineValve.java:74) ~[tomcat-embed-core-10.1.34.jar:10.1.34]
	at org.apache.catalina.connector.CoyoteAdapter.service(CoyoteAdapter.java:344) ~[tomcat-embed-core-10.1.34.jar:10.1.34]
	at org.apache.coyote.http11.Http11Processor.service(Http11Processor.java:397) ~[tomcat-embed-core-10.1.34.jar:10.1.34]
	at org.apache.coyote.AbstractProcessorLight.process(AbstractProcessorLight.java:63) ~[tomcat-embed-core-10.1.34.jar:10.1.34]
	at org.apache.coyote.AbstractProtocol$ConnectionHandler.process(AbstractProtocol.java:905) ~[tomcat-embed-core-10.1.34.jar:10.1.34]
	at org.apache.tomcat.util.net.NioEndpoint$SocketProcessor.doRun(NioEndpoint.java:1741) ~[tomcat-embed-core-10.1.34.jar:10.1.34]
	at org.apache.tomcat.util.net.SocketProcessorBase.run(SocketProcessorBase.java:52) ~[tomcat-embed-core-10.1.34.jar:10.1.34]
	at org.apache.tomcat.util.threads.ThreadPoolExecutor.runWorker(ThreadPoolExecutor.java:1190) ~[tomcat-embed-core-10.1.34.jar:10.1.34]
	at org.apache.tomcat.util.threads.ThreadPoolExecutor$Worker.run(ThreadPoolExecutor.java:659) ~[tomcat-embed-core-10.1.34.jar:10.1.34]
	at org.apache.tomcat.util.threads.TaskThread$WrappingRunnable.run(TaskThread.java:63) ~[tomcat-embed-core-10.1.34.jar:10.1.34]
	at java.base/java.lang.Thread.run(Thread.java:1583) ~[na:na]

2025-02-25T01:46:51.230+01:00  INFO 5832 --- [restapp] [SpringApplicationShutdownHook] o.s.b.w.e.tomcat.GracefulShutdown        : Commencing graceful shutdown. Waiting for active requests to complete
2025-02-25T01:46:51.257+01:00  INFO 5832 --- [restapp] [tomcat-shutdown] o.s.b.w.e.tomcat.GracefulShutdown        : Graceful shutdown complete
2025-02-25T01:46:51.262+01:00  INFO 5832 --- [restapp] [SpringApplicationShutdownHook] j.LocalContainerEntityManagerFactoryBean : Closing JPA EntityManagerFactory for persistence unit 'default'
2025-02-25T01:46:51.278+01:00  WARN 5832 --- [restapp] [SpringApplicationShutdownHook] o.s.b.f.support.DisposableBeanAdapter    : Invocation of destroy method failed on bean with name 'inMemoryDatabaseShutdownExecutor': org.h2.jdbc.JdbcSQLNonTransientConnectionException: La base de données est déjà fermée (pour désactiver la fermeture automatique à l'arrêt de la VM, ajoutez "; DB_CLOSE_ON_EXIT = FALSE" à l'URL db)
Database is already closed (to disable automatic closing at VM shutdown, add ";DB_CLOSE_ON_EXIT=FALSE" to the db URL) [90121-232]
2025-02-25T01:46:51.279+01:00  INFO 5832 --- [restapp] [SpringApplicationShutdownHook] com.zaxxer.hikari.HikariDataSource       : HikariPool-1 - Shutdown initiated...
2025-02-25T01:46:51.281+01:00  INFO 5832 --- [restapp] [SpringApplicationShutdownHook] com.zaxxer.hikari.HikariDataSource       : HikariPool-1 - Shutdown completed.
2025-02-25T01:47:02.346+01:00  INFO 21508 --- [restapp] [restartedMain] be.labil.restapp.RestappApplication      : Starting RestappApplication using Java 21.0.6 with PID 21508 (C:\Elachhab\Unamur\cours\GenieLogiciel\Labo\restapp\target\classes started by abdellah.elachhab in C:\Elachhab\Unamur\cours\GenieLogiciel\Labo\restapp)
2025-02-25T01:47:02.349+01:00  INFO 21508 --- [restapp] [restartedMain] be.labil.restapp.RestappApplication      : No active profile set, falling back to 1 default profile: "default"
2025-02-25T01:47:02.468+01:00  INFO 21508 --- [restapp] [restartedMain] .e.DevToolsPropertyDefaultsPostProcessor : Devtools property defaults active! Set 'spring.devtools.add-properties' to 'false' to disable
2025-02-25T01:47:02.469+01:00  INFO 21508 --- [restapp] [restartedMain] .e.DevToolsPropertyDefaultsPostProcessor : For additional web related logging consider setting the 'logging.level.web' property to 'DEBUG'
2025-02-25T01:47:03.976+01:00  INFO 21508 --- [restapp] [restartedMain] .s.d.r.c.RepositoryConfigurationDelegate : Bootstrapping Spring Data JPA repositories in DEFAULT mode.
2025-02-25T01:47:04.100+01:00  INFO 21508 --- [restapp] [restartedMain] .s.d.r.c.RepositoryConfigurationDelegate : Finished Spring Data repository scanning in 107 ms. Found 4 JPA repository interfaces.
2025-02-25T01:47:05.272+01:00  INFO 21508 --- [restapp] [restartedMain] o.s.b.w.embedded.tomcat.TomcatWebServer  : Tomcat initialized with port 8080 (http)
2025-02-25T01:47:05.294+01:00  INFO 21508 --- [restapp] [restartedMain] o.apache.catalina.core.StandardService   : Starting service [Tomcat]
2025-02-25T01:47:05.295+01:00  INFO 21508 --- [restapp] [restartedMain] o.apache.catalina.core.StandardEngine    : Starting Servlet engine: [Apache Tomcat/10.1.34]
2025-02-25T01:47:05.387+01:00  INFO 21508 --- [restapp] [restartedMain] o.a.c.c.C.[Tomcat].[localhost].[/]       : Initializing Spring embedded WebApplicationContext
2025-02-25T01:47:05.387+01:00  INFO 21508 --- [restapp] [restartedMain] w.s.c.ServletWebServerApplicationContext : Root WebApplicationContext: initialization completed in 2915 ms
2025-02-25T01:47:05.644+01:00  INFO 21508 --- [restapp] [restartedMain] com.zaxxer.hikari.HikariDataSource       : HikariPool-1 - Starting...
2025-02-25T01:47:05.935+01:00  INFO 21508 --- [restapp] [restartedMain] com.zaxxer.hikari.pool.HikariPool        : HikariPool-1 - Added connection conn0: url=jdbc:h2:mem:test user=SA
2025-02-25T01:47:05.937+01:00  INFO 21508 --- [restapp] [restartedMain] com.zaxxer.hikari.HikariDataSource       : HikariPool-1 - Start completed.
2025-02-25T01:47:06.044+01:00  INFO 21508 --- [restapp] [restartedMain] o.hibernate.jpa.internal.util.LogHelper  : HHH000204: Processing PersistenceUnitInfo [name: default]
2025-02-25T01:47:06.138+01:00  INFO 21508 --- [restapp] [restartedMain] org.hibernate.Version                    : HHH000412: Hibernate ORM core version 6.6.5.Final
2025-02-25T01:47:06.200+01:00  INFO 21508 --- [restapp] [restartedMain] o.h.c.internal.RegionFactoryInitiator    : HHH000026: Second-level cache disabled
2025-02-25T01:47:06.721+01:00  INFO 21508 --- [restapp] [restartedMain] o.s.o.j.p.SpringPersistenceUnitInfo      : No LoadTimeWeaver setup: ignoring JPA class transformer
2025-02-25T01:47:06.878+01:00  INFO 21508 --- [restapp] [restartedMain] org.hibernate.orm.connections.pooling    : HHH10001005: Database info:
	Database JDBC URL [Connecting through datasource 'HikariDataSource (HikariPool-1)']
	Database driver: undefined/unknown
	Database version: 2.3.232
	Autocommit mode: undefined/unknown
	Isolation level: undefined/unknown
	Minimum pool size: undefined/unknown
	Maximum pool size: undefined/unknown
2025-02-25T01:47:08.463+01:00  INFO 21508 --- [restapp] [restartedMain] o.h.e.t.j.p.i.JtaPlatformInitiator       : HHH000489: No JTA platform available (set 'hibernate.transaction.jta.platform' to enable JTA platform integration)
2025-02-25T01:47:08.550+01:00  INFO 21508 --- [restapp] [restartedMain] j.LocalContainerEntityManagerFactoryBean : Initialized JPA EntityManagerFactory for persistence unit 'default'
2025-02-25T01:47:09.590+01:00  WARN 21508 --- [restapp] [restartedMain] JpaBaseConfiguration$JpaWebConfiguration : spring.jpa.open-in-view is enabled by default. Therefore, database queries may be performed during view rendering. Explicitly configure spring.jpa.open-in-view to disable this warning
2025-02-25T01:47:09.698+01:00  INFO 21508 --- [restapp] [restartedMain] o.s.v.b.OptionalValidatorFactoryBean     : Failed to set up a Bean Validation provider: jakarta.validation.NoProviderFoundException: Unable to create a Configuration, because no Jakarta Bean Validation provider could be found. Add a provider like Hibernate Validator (RI) to your classpath.
2025-02-25T01:47:12.821+01:00  INFO 21508 --- [restapp] [restartedMain] o.s.b.a.h2.H2ConsoleAutoConfiguration    : H2 console available at '/h2-console'. Database available at 'jdbc:h2:mem:test'
2025-02-25T01:47:13.021+01:00  INFO 21508 --- [restapp] [restartedMain] o.s.b.d.a.OptionalLiveReloadServer       : LiveReload server is running on port 35729
2025-02-25T01:47:13.176+01:00  INFO 21508 --- [restapp] [restartedMain] o.s.b.w.embedded.tomcat.TomcatWebServer  : Tomcat started on port 8080 (http) with context path '/'
2025-02-25T01:47:13.236+01:00  INFO 21508 --- [restapp] [restartedMain] be.labil.restapp.RestappApplication      : Started RestappApplication in 11.922 seconds (process running for 13.063)
2025-02-25T01:47:14.751+01:00  INFO 21508 --- [restapp] [http-nio-8080-exec-3] o.a.c.c.C.[Tomcat].[localhost].[/]       : Initializing Spring DispatcherServlet 'dispatcherServlet'
2025-02-25T01:47:14.751+01:00  INFO 21508 --- [restapp] [http-nio-8080-exec-3] o.s.web.servlet.DispatcherServlet        : Initializing Servlet 'dispatcherServlet'
2025-02-25T01:47:14.753+01:00  INFO 21508 --- [restapp] [http-nio-8080-exec-3] o.s.web.servlet.DispatcherServlet        : Completed initialization in 1 ms
2025-02-25T01:50:29.111+01:00  WARN 21508 --- [restapp] [HikariPool-1 housekeeper] com.zaxxer.hikari.pool.HikariPool        : HikariPool-1 - Thread starvation or clock leap detected (housekeeper delta=2m53s61ms192µs600ns).
2025-02-25T01:50:29.275+01:00  INFO 21508 --- [restapp] [SpringApplicationShutdownHook] o.s.b.w.e.tomcat.GracefulShutdown        : Commencing graceful shutdown. Waiting for active requests to complete
2025-02-25T01:50:29.304+01:00  INFO 21508 --- [restapp] [tomcat-shutdown] o.s.b.w.e.tomcat.GracefulShutdown        : Graceful shutdown complete
2025-02-25T01:50:29.309+01:00  INFO 21508 --- [restapp] [SpringApplicationShutdownHook] j.LocalContainerEntityManagerFactoryBean : Closing JPA EntityManagerFactory for persistence unit 'default'
2025-02-25T01:50:29.331+01:00  WARN 21508 --- [restapp] [SpringApplicationShutdownHook] o.s.b.f.support.DisposableBeanAdapter    : Invocation of destroy method failed on bean with name 'inMemoryDatabaseShutdownExecutor': org.h2.jdbc.JdbcSQLNonTransientConnectionException: La base de données est déjà fermée (pour désactiver la fermeture automatique à l'arrêt de la VM, ajoutez "; DB_CLOSE_ON_EXIT = FALSE" à l'URL db)
Database is already closed (to disable automatic closing at VM shutdown, add ";DB_CLOSE_ON_EXIT=FALSE" to the db URL) [90121-232]
2025-02-25T01:50:29.332+01:00  INFO 21508 --- [restapp] [SpringApplicationShutdownHook] com.zaxxer.hikari.HikariDataSource       : HikariPool-1 - Shutdown initiated...
2025-02-25T01:50:29.341+01:00  INFO 21508 --- [restapp] [SpringApplicationShutdownHook] com.zaxxer.hikari.HikariDataSource       : HikariPool-1 - Shutdown completed.
2025-02-25T09:40:25.543+01:00  INFO 12852 --- [restapp] [restartedMain] be.labil.restapp.RestappApplication      : Starting RestappApplication using Java 21.0.6 with PID 12852 (C:\Elachhab\Unamur\cours\GenieLogiciel\Labo\restapp\target\classes started by abdellah.elachhab in C:\Elachhab\Unamur\cours\GenieLogiciel\Labo\restapp)
2025-02-25T09:40:25.570+01:00  INFO 12852 --- [restapp] [restartedMain] be.labil.restapp.RestappApplication      : No active profile set, falling back to 1 default profile: "default"
2025-02-25T09:40:25.839+01:00  INFO 12852 --- [restapp] [restartedMain] .e.DevToolsPropertyDefaultsPostProcessor : Devtools property defaults active! Set 'spring.devtools.add-properties' to 'false' to disable
2025-02-25T09:40:25.840+01:00  INFO 12852 --- [restapp] [restartedMain] .e.DevToolsPropertyDefaultsPostProcessor : For additional web related logging consider setting the 'logging.level.web' property to 'DEBUG'
2025-02-25T09:40:28.062+01:00  INFO 12852 --- [restapp] [restartedMain] .s.d.r.c.RepositoryConfigurationDelegate : Bootstrapping Spring Data JPA repositories in DEFAULT mode.
2025-02-25T09:40:28.202+01:00  INFO 12852 --- [restapp] [restartedMain] .s.d.r.c.RepositoryConfigurationDelegate : Finished Spring Data repository scanning in 123 ms. Found 4 JPA repository interfaces.
2025-02-25T09:40:29.593+01:00  INFO 12852 --- [restapp] [restartedMain] o.s.b.w.embedded.tomcat.TomcatWebServer  : Tomcat initialized with port 8080 (http)
2025-02-25T09:40:29.634+01:00  INFO 12852 --- [restapp] [restartedMain] o.apache.catalina.core.StandardService   : Starting service [Tomcat]
2025-02-25T09:40:29.634+01:00  INFO 12852 --- [restapp] [restartedMain] o.apache.catalina.core.StandardEngine    : Starting Servlet engine: [Apache Tomcat/10.1.34]
2025-02-25T09:40:29.761+01:00  INFO 12852 --- [restapp] [restartedMain] o.a.c.c.C.[Tomcat].[localhost].[/]       : Initializing Spring embedded WebApplicationContext
2025-02-25T09:40:29.762+01:00  INFO 12852 --- [restapp] [restartedMain] w.s.c.ServletWebServerApplicationContext : Root WebApplicationContext: initialization completed in 3921 ms
2025-02-25T09:40:30.047+01:00  INFO 12852 --- [restapp] [restartedMain] com.zaxxer.hikari.HikariDataSource       : HikariPool-1 - Starting...
2025-02-25T09:40:30.477+01:00  INFO 12852 --- [restapp] [restartedMain] com.zaxxer.hikari.pool.HikariPool        : HikariPool-1 - Added connection conn0: url=jdbc:h2:mem:test user=SA
2025-02-25T09:40:30.480+01:00  INFO 12852 --- [restapp] [restartedMain] com.zaxxer.hikari.HikariDataSource       : HikariPool-1 - Start completed.
2025-02-25T09:40:30.609+01:00  INFO 12852 --- [restapp] [restartedMain] o.hibernate.jpa.internal.util.LogHelper  : HHH000204: Processing PersistenceUnitInfo [name: default]
2025-02-25T09:40:30.764+01:00  INFO 12852 --- [restapp] [restartedMain] org.hibernate.Version                    : HHH000412: Hibernate ORM core version 6.6.5.Final
2025-02-25T09:40:30.849+01:00  INFO 12852 --- [restapp] [restartedMain] o.h.c.internal.RegionFactoryInitiator    : HHH000026: Second-level cache disabled
2025-02-25T09:40:31.477+01:00  INFO 12852 --- [restapp] [restartedMain] o.s.o.j.p.SpringPersistenceUnitInfo      : No LoadTimeWeaver setup: ignoring JPA class transformer
2025-02-25T09:40:31.632+01:00  INFO 12852 --- [restapp] [restartedMain] org.hibernate.orm.connections.pooling    : HHH10001005: Database info:
	Database JDBC URL [Connecting through datasource 'HikariDataSource (HikariPool-1)']
	Database driver: undefined/unknown
	Database version: 2.3.232
	Autocommit mode: undefined/unknown
	Isolation level: undefined/unknown
	Minimum pool size: undefined/unknown
	Maximum pool size: undefined/unknown
2025-02-25T09:40:33.159+01:00  INFO 12852 --- [restapp] [restartedMain] o.h.e.t.j.p.i.JtaPlatformInitiator       : HHH000489: No JTA platform available (set 'hibernate.transaction.jta.platform' to enable JTA platform integration)
2025-02-25T09:40:33.236+01:00  INFO 12852 --- [restapp] [restartedMain] j.LocalContainerEntityManagerFactoryBean : Initialized JPA EntityManagerFactory for persistence unit 'default'
2025-02-25T09:40:34.113+01:00  WARN 12852 --- [restapp] [restartedMain] JpaBaseConfiguration$JpaWebConfiguration : spring.jpa.open-in-view is enabled by default. Therefore, database queries may be performed during view rendering. Explicitly configure spring.jpa.open-in-view to disable this warning
2025-02-25T09:40:34.191+01:00  INFO 12852 --- [restapp] [restartedMain] o.s.v.b.OptionalValidatorFactoryBean     : Failed to set up a Bean Validation provider: jakarta.validation.NoProviderFoundException: Unable to create a Configuration, because no Jakarta Bean Validation provider could be found. Add a provider like Hibernate Validator (RI) to your classpath.
2025-02-25T09:40:35.887+01:00  INFO 12852 --- [restapp] [restartedMain] o.s.b.a.h2.H2ConsoleAutoConfiguration    : H2 console available at '/h2-console'. Database available at 'jdbc:h2:mem:test'
2025-02-25T09:40:35.983+01:00  INFO 12852 --- [restapp] [restartedMain] o.s.b.d.a.OptionalLiveReloadServer       : LiveReload server is running on port 35729
2025-02-25T09:40:36.046+01:00  INFO 12852 --- [restapp] [restartedMain] o.s.b.w.embedded.tomcat.TomcatWebServer  : Tomcat started on port 8080 (http) with context path '/'
2025-02-25T09:40:36.061+01:00  INFO 12852 --- [restapp] [restartedMain] be.labil.restapp.RestappApplication      : Started RestappApplication in 11.79 seconds (process running for 12.904)
2025-02-25T09:40:41.234+01:00  INFO 12852 --- [restapp] [http-nio-8080-exec-1] o.a.c.c.C.[Tomcat].[localhost].[/]       : Initializing Spring DispatcherServlet 'dispatcherServlet'
2025-02-25T09:40:41.235+01:00  INFO 12852 --- [restapp] [http-nio-8080-exec-1] o.s.web.servlet.DispatcherServlet        : Initializing Servlet 'dispatcherServlet'
2025-02-25T09:40:41.237+01:00  INFO 12852 --- [restapp] [http-nio-8080-exec-1] o.s.web.servlet.DispatcherServlet        : Completed initialization in 2 ms
2025-02-25T09:40:42.400+01:00  INFO 12852 --- [restapp] [http-nio-8080-exec-9] o.springdoc.api.AbstractOpenApiResource  : Init duration for springdoc-openapi is: 843 ms
2025-02-25T09:41:59.342+01:00 ERROR 12852 --- [restapp] [http-nio-8080-exec-8] o.a.c.c.C.[.[.[/].[dispatcherServlet]    : Servlet.service() for servlet [dispatcherServlet] in context with path [] threw exception [Request processing failed: org.springframework.dao.DataIntegrityViolationException: not-null property references a null or transient value: be.labil.restapp.domain.entities.Note.matiere] with root cause

org.hibernate.PropertyValueException: not-null property references a null or transient value: be.labil.restapp.domain.entities.Note.matiere
	at org.hibernate.engine.internal.Nullability.checkNullability(Nullability.java:112) ~[hibernate-core-6.6.5.Final.jar:6.6.5.Final]
	at org.hibernate.engine.internal.Nullability.checkNullability(Nullability.java:57) ~[hibernate-core-6.6.5.Final.jar:6.6.5.Final]
	at org.hibernate.action.internal.AbstractEntityInsertAction.nullifyTransientReferencesIfNotAlready(AbstractEntityInsertAction.java:126) ~[hibernate-core-6.6.5.Final.jar:6.6.5.Final]
	at org.hibernate.action.internal.EntityIdentityInsertAction.execute(EntityIdentityInsertAction.java:73) ~[hibernate-core-6.6.5.Final.jar:6.6.5.Final]
	at org.hibernate.engine.spi.ActionQueue.execute(ActionQueue.java:682) ~[hibernate-core-6.6.5.Final.jar:6.6.5.Final]
	at org.hibernate.engine.spi.ActionQueue.addResolvedEntityInsertAction(ActionQueue.java:293) ~[hibernate-core-6.6.5.Final.jar:6.6.5.Final]
	at org.hibernate.engine.spi.ActionQueue.addInsertAction(ActionQueue.java:274) ~[hibernate-core-6.6.5.Final.jar:6.6.5.Final]
	at org.hibernate.engine.spi.ActionQueue.addAction(ActionQueue.java:324) ~[hibernate-core-6.6.5.Final.jar:6.6.5.Final]
	at org.hibernate.event.internal.AbstractSaveEventListener.addInsertAction(AbstractSaveEventListener.java:393) ~[hibernate-core-6.6.5.Final.jar:6.6.5.Final]
	at org.hibernate.event.internal.AbstractSaveEventListener.performSaveOrReplicate(AbstractSaveEventListener.java:307) ~[hibernate-core-6.6.5.Final.jar:6.6.5.Final]
	at org.hibernate.event.internal.AbstractSaveEventListener.performSave(AbstractSaveEventListener.java:223) ~[hibernate-core-6.6.5.Final.jar:6.6.5.Final]
	at org.hibernate.event.internal.AbstractSaveEventListener.saveWithGeneratedId(AbstractSaveEventListener.java:136) ~[hibernate-core-6.6.5.Final.jar:6.6.5.Final]
	at org.hibernate.event.internal.DefaultPersistEventListener.entityIsTransient(DefaultPersistEventListener.java:177) ~[hibernate-core-6.6.5.Final.jar:6.6.5.Final]
	at org.hibernate.event.internal.DefaultPersistEventListener.persist(DefaultPersistEventListener.java:95) ~[hibernate-core-6.6.5.Final.jar:6.6.5.Final]
	at org.hibernate.event.internal.DefaultPersistEventListener.onPersist(DefaultPersistEventListener.java:79) ~[hibernate-core-6.6.5.Final.jar:6.6.5.Final]
	at org.hibernate.event.internal.DefaultPersistEventListener.onPersist(DefaultPersistEventListener.java:55) ~[hibernate-core-6.6.5.Final.jar:6.6.5.Final]
	at org.hibernate.event.service.internal.EventListenerGroupImpl.fireEventOnEachListener(EventListenerGroupImpl.java:127) ~[hibernate-core-6.6.5.Final.jar:6.6.5.Final]
	at org.hibernate.internal.SessionImpl.firePersist(SessionImpl.java:761) ~[hibernate-core-6.6.5.Final.jar:6.6.5.Final]
	at org.hibernate.internal.SessionImpl.persist(SessionImpl.java:745) ~[hibernate-core-6.6.5.Final.jar:6.6.5.Final]
	at java.base/jdk.internal.reflect.DirectMethodHandleAccessor.invoke(DirectMethodHandleAccessor.java:103) ~[na:na]
	at java.base/java.lang.reflect.Method.invoke(Method.java:580) ~[na:na]
	at org.springframework.orm.jpa.ExtendedEntityManagerCreator$ExtendedEntityManagerInvocationHandler.invoke(ExtendedEntityManagerCreator.java:364) ~[spring-orm-6.2.2.jar:6.2.2]
	at jdk.proxy4/jdk.proxy4.$Proxy134.persist(Unknown Source) ~[na:na]
	at java.base/jdk.internal.reflect.DirectMethodHandleAccessor.invoke(DirectMethodHandleAccessor.java:103) ~[na:na]
	at java.base/java.lang.reflect.Method.invoke(Method.java:580) ~[na:na]
	at org.springframework.orm.jpa.SharedEntityManagerCreator$SharedEntityManagerInvocationHandler.invoke(SharedEntityManagerCreator.java:320) ~[spring-orm-6.2.2.jar:6.2.2]
	at jdk.proxy4/jdk.proxy4.$Proxy134.persist(Unknown Source) ~[na:na]
	at org.springframework.data.jpa.repository.support.SimpleJpaRepository.save(SimpleJpaRepository.java:627) ~[spring-data-jpa-3.4.2.jar:3.4.2]
	at java.base/jdk.internal.reflect.DirectMethodHandleAccessor.invoke(DirectMethodHandleAccessor.java:103) ~[na:na]
	at java.base/java.lang.reflect.Method.invoke(Method.java:580) ~[na:na]
	at org.springframework.aop.support.AopUtils.invokeJoinpointUsingReflection(AopUtils.java:359) ~[spring-aop-6.2.2.jar:6.2.2]
	at org.springframework.data.repository.core.support.RepositoryMethodInvoker$RepositoryFragmentMethodInvoker.lambda$new$0(RepositoryMethodInvoker.java:277) ~[spring-data-commons-3.4.2.jar:3.4.2]
	at org.springframework.data.repository.core.support.RepositoryMethodInvoker.doInvoke(RepositoryMethodInvoker.java:170) ~[spring-data-commons-3.4.2.jar:3.4.2]
	at org.springframework.data.repository.core.support.RepositoryMethodInvoker.invoke(RepositoryMethodInvoker.java:158) ~[spring-data-commons-3.4.2.jar:3.4.2]
	at org.springframework.data.repository.core.support.RepositoryComposition$RepositoryFragments.invoke(RepositoryComposition.java:515) ~[spring-data-commons-3.4.2.jar:3.4.2]
	at org.springframework.data.repository.core.support.RepositoryComposition.invoke(RepositoryComposition.java:284) ~[spring-data-commons-3.4.2.jar:3.4.2]
	at org.springframework.data.repository.core.support.RepositoryFactorySupport$ImplementationMethodExecutionInterceptor.invoke(RepositoryFactorySupport.java:752) ~[spring-data-commons-3.4.2.jar:3.4.2]
	at org.springframework.aop.framework.ReflectiveMethodInvocation.proceed(ReflectiveMethodInvocation.java:184) ~[spring-aop-6.2.2.jar:6.2.2]
	at org.springframework.data.repository.core.support.QueryExecutorMethodInterceptor.doInvoke(QueryExecutorMethodInterceptor.java:174) ~[spring-data-commons-3.4.2.jar:3.4.2]
	at org.springframework.data.repository.core.support.QueryExecutorMethodInterceptor.invoke(QueryExecutorMethodInterceptor.java:149) ~[spring-data-commons-3.4.2.jar:3.4.2]
	at org.springframework.aop.framework.ReflectiveMethodInvocation.proceed(ReflectiveMethodInvocation.java:184) ~[spring-aop-6.2.2.jar:6.2.2]
	at org.springframework.data.projection.DefaultMethodInvokingMethodInterceptor.invoke(DefaultMethodInvokingMethodInterceptor.java:69) ~[spring-data-commons-3.4.2.jar:3.4.2]
	at org.springframework.aop.framework.ReflectiveMethodInvocation.proceed(ReflectiveMethodInvocation.java:184) ~[spring-aop-6.2.2.jar:6.2.2]
	at org.springframework.transaction.interceptor.TransactionAspectSupport.invokeWithinTransaction(TransactionAspectSupport.java:380) ~[spring-tx-6.2.2.jar:6.2.2]
	at org.springframework.transaction.interceptor.TransactionInterceptor.invoke(TransactionInterceptor.java:119) ~[spring-tx-6.2.2.jar:6.2.2]
	at org.springframework.aop.framework.ReflectiveMethodInvocation.proceed(ReflectiveMethodInvocation.java:184) ~[spring-aop-6.2.2.jar:6.2.2]
	at org.springframework.dao.support.PersistenceExceptionTranslationInterceptor.invoke(PersistenceExceptionTranslationInterceptor.java:138) ~[spring-tx-6.2.2.jar:6.2.2]
	at org.springframework.aop.framework.ReflectiveMethodInvocation.proceed(ReflectiveMethodInvocation.java:184) ~[spring-aop-6.2.2.jar:6.2.2]
	at org.springframework.data.jpa.repository.support.CrudMethodMetadataPostProcessor$CrudMethodMetadataPopulatingMethodInterceptor.invoke(CrudMethodMetadataPostProcessor.java:165) ~[spring-data-jpa-3.4.2.jar:3.4.2]
	at org.springframework.aop.framework.ReflectiveMethodInvocation.proceed(ReflectiveMethodInvocation.java:184) ~[spring-aop-6.2.2.jar:6.2.2]
	at org.springframework.aop.framework.JdkDynamicAopProxy.invoke(JdkDynamicAopProxy.java:223) ~[spring-aop-6.2.2.jar:6.2.2]
	at jdk.proxy4/jdk.proxy4.$Proxy142.save(Unknown Source) ~[na:na]
	at be.labil.restapp.services.NoteServiceImpl.insert(NoteServiceImpl.java:44) ~[classes/:na]
	at be.labil.restapp.controllers.NoteController.create(NoteController.java:26) ~[classes/:na]
	at java.base/jdk.internal.reflect.DirectMethodHandleAccessor.invoke(DirectMethodHandleAccessor.java:103) ~[na:na]
	at java.base/java.lang.reflect.Method.invoke(Method.java:580) ~[na:na]
	at org.springframework.web.method.support.InvocableHandlerMethod.doInvoke(InvocableHandlerMethod.java:257) ~[spring-web-6.2.2.jar:6.2.2]
	at org.springframework.web.method.support.InvocableHandlerMethod.invokeForRequest(InvocableHandlerMethod.java:190) ~[spring-web-6.2.2.jar:6.2.2]
	at org.springframework.web.servlet.mvc.method.annotation.ServletInvocableHandlerMethod.invokeAndHandle(ServletInvocableHandlerMethod.java:118) ~[spring-webmvc-6.2.2.jar:6.2.2]
	at org.springframework.web.servlet.mvc.method.annotation.RequestMappingHandlerAdapter.invokeHandlerMethod(RequestMappingHandlerAdapter.java:986) ~[spring-webmvc-6.2.2.jar:6.2.2]
	at org.springframework.web.servlet.mvc.method.annotation.RequestMappingHandlerAdapter.handleInternal(RequestMappingHandlerAdapter.java:891) ~[spring-webmvc-6.2.2.jar:6.2.2]
	at org.springframework.web.servlet.mvc.method.AbstractHandlerMethodAdapter.handle(AbstractHandlerMethodAdapter.java:87) ~[spring-webmvc-6.2.2.jar:6.2.2]
	at org.springframework.web.servlet.DispatcherServlet.doDispatch(DispatcherServlet.java:1088) ~[spring-webmvc-6.2.2.jar:6.2.2]
	at org.springframework.web.servlet.DispatcherServlet.doService(DispatcherServlet.java:978) ~[spring-webmvc-6.2.2.jar:6.2.2]
	at org.springframework.web.servlet.FrameworkServlet.processRequest(FrameworkServlet.java:1014) ~[spring-webmvc-6.2.2.jar:6.2.2]
	at org.springframework.web.servlet.FrameworkServlet.doPost(FrameworkServlet.java:914) ~[spring-webmvc-6.2.2.jar:6.2.2]
	at jakarta.servlet.http.HttpServlet.service(HttpServlet.java:590) ~[tomcat-embed-core-10.1.34.jar:6.0]
	at org.springframework.web.servlet.FrameworkServlet.service(FrameworkServlet.java:885) ~[spring-webmvc-6.2.2.jar:6.2.2]
	at jakarta.servlet.http.HttpServlet.service(HttpServlet.java:658) ~[tomcat-embed-core-10.1.34.jar:6.0]
	at org.apache.catalina.core.ApplicationFilterChain.internalDoFilter(ApplicationFilterChain.java:195) ~[tomcat-embed-core-10.1.34.jar:10.1.34]
	at org.apache.catalina.core.ApplicationFilterChain.doFilter(ApplicationFilterChain.java:140) ~[tomcat-embed-core-10.1.34.jar:10.1.34]
	at org.apache.tomcat.websocket.server.WsFilter.doFilter(WsFilter.java:51) ~[tomcat-embed-websocket-10.1.34.jar:10.1.34]
	at org.apache.catalina.core.ApplicationFilterChain.internalDoFilter(ApplicationFilterChain.java:164) ~[tomcat-embed-core-10.1.34.jar:10.1.34]
	at org.apache.catalina.core.ApplicationFilterChain.doFilter(ApplicationFilterChain.java:140) ~[tomcat-embed-core-10.1.34.jar:10.1.34]
	at org.springframework.web.filter.RequestContextFilter.doFilterInternal(RequestContextFilter.java:100) ~[spring-web-6.2.2.jar:6.2.2]
	at org.springframework.web.filter.OncePerRequestFilter.doFilter(OncePerRequestFilter.java:116) ~[spring-web-6.2.2.jar:6.2.2]
	at org.apache.catalina.core.ApplicationFilterChain.internalDoFilter(ApplicationFilterChain.java:164) ~[tomcat-embed-core-10.1.34.jar:10.1.34]
	at org.apache.catalina.core.ApplicationFilterChain.doFilter(ApplicationFilterChain.java:140) ~[tomcat-embed-core-10.1.34.jar:10.1.34]
	at org.springframework.web.filter.FormContentFilter.doFilterInternal(FormContentFilter.java:93) ~[spring-web-6.2.2.jar:6.2.2]
	at org.springframework.web.filter.OncePerRequestFilter.doFilter(OncePerRequestFilter.java:116) ~[spring-web-6.2.2.jar:6.2.2]
	at org.apache.catalina.core.ApplicationFilterChain.internalDoFilter(ApplicationFilterChain.java:164) ~[tomcat-embed-core-10.1.34.jar:10.1.34]
	at org.apache.catalina.core.ApplicationFilterChain.doFilter(ApplicationFilterChain.java:140) ~[tomcat-embed-core-10.1.34.jar:10.1.34]
	at org.springframework.web.filter.CharacterEncodingFilter.doFilterInternal(CharacterEncodingFilter.java:201) ~[spring-web-6.2.2.jar:6.2.2]
	at org.springframework.web.filter.OncePerRequestFilter.doFilter(OncePerRequestFilter.java:116) ~[spring-web-6.2.2.jar:6.2.2]
	at org.apache.catalina.core.ApplicationFilterChain.internalDoFilter(ApplicationFilterChain.java:164) ~[tomcat-embed-core-10.1.34.jar:10.1.34]
	at org.apache.catalina.core.ApplicationFilterChain.doFilter(ApplicationFilterChain.java:140) ~[tomcat-embed-core-10.1.34.jar:10.1.34]
	at org.apache.catalina.core.StandardWrapperValve.invoke(StandardWrapperValve.java:167) ~[tomcat-embed-core-10.1.34.jar:10.1.34]
	at org.apache.catalina.core.StandardContextValve.invoke(StandardContextValve.java:90) ~[tomcat-embed-core-10.1.34.jar:10.1.34]
	at org.apache.catalina.authenticator.AuthenticatorBase.invoke(AuthenticatorBase.java:483) ~[tomcat-embed-core-10.1.34.jar:10.1.34]
	at org.apache.catalina.core.StandardHostValve.invoke(StandardHostValve.java:115) ~[tomcat-embed-core-10.1.34.jar:10.1.34]
	at org.apache.catalina.valves.ErrorReportValve.invoke(ErrorReportValve.java:93) ~[tomcat-embed-core-10.1.34.jar:10.1.34]
	at org.apache.catalina.core.StandardEngineValve.invoke(StandardEngineValve.java:74) ~[tomcat-embed-core-10.1.34.jar:10.1.34]
	at org.apache.catalina.connector.CoyoteAdapter.service(CoyoteAdapter.java:344) ~[tomcat-embed-core-10.1.34.jar:10.1.34]
	at org.apache.coyote.http11.Http11Processor.service(Http11Processor.java:397) ~[tomcat-embed-core-10.1.34.jar:10.1.34]
	at org.apache.coyote.AbstractProcessorLight.process(AbstractProcessorLight.java:63) ~[tomcat-embed-core-10.1.34.jar:10.1.34]
	at org.apache.coyote.AbstractProtocol$ConnectionHandler.process(AbstractProtocol.java:905) ~[tomcat-embed-core-10.1.34.jar:10.1.34]
	at org.apache.tomcat.util.net.NioEndpoint$SocketProcessor.doRun(NioEndpoint.java:1741) ~[tomcat-embed-core-10.1.34.jar:10.1.34]
	at org.apache.tomcat.util.net.SocketProcessorBase.run(SocketProcessorBase.java:52) ~[tomcat-embed-core-10.1.34.jar:10.1.34]
	at org.apache.tomcat.util.threads.ThreadPoolExecutor.runWorker(ThreadPoolExecutor.java:1190) ~[tomcat-embed-core-10.1.34.jar:10.1.34]
	at org.apache.tomcat.util.threads.ThreadPoolExecutor$Worker.run(ThreadPoolExecutor.java:659) ~[tomcat-embed-core-10.1.34.jar:10.1.34]
	at org.apache.tomcat.util.threads.TaskThread$WrappingRunnable.run(TaskThread.java:63) ~[tomcat-embed-core-10.1.34.jar:10.1.34]
	at java.base/java.lang.Thread.run(Thread.java:1583) ~[na:na]

2025-02-25T09:43:58.826+01:00 ERROR 12852 --- [restapp] [http-nio-8080-exec-8] o.a.c.c.C.[.[.[/].[dispatcherServlet]    : Servlet.service() for servlet [dispatcherServlet] in context with path [] threw exception [Request processing failed: org.springframework.dao.DataIntegrityViolationException: not-null property references a null or transient value: be.labil.restapp.domain.entities.Etudiant.matricule] with root cause

org.hibernate.PropertyValueException: not-null property references a null or transient value: be.labil.restapp.domain.entities.Etudiant.matricule
	at org.hibernate.engine.internal.Nullability.checkNullability(Nullability.java:112) ~[hibernate-core-6.6.5.Final.jar:6.6.5.Final]
	at org.hibernate.engine.internal.Nullability.checkNullability(Nullability.java:57) ~[hibernate-core-6.6.5.Final.jar:6.6.5.Final]
	at org.hibernate.event.internal.DefaultFlushEntityEventListener.scheduleUpdate(DefaultFlushEntityEventListener.java:260) ~[hibernate-core-6.6.5.Final.jar:6.6.5.Final]
	at org.hibernate.event.internal.DefaultFlushEntityEventListener.onFlushEntity(DefaultFlushEntityEventListener.java:150) ~[hibernate-core-6.6.5.Final.jar:6.6.5.Final]
	at org.hibernate.event.service.internal.EventListenerGroupImpl.fireEventOnEachListener(EventListenerGroupImpl.java:127) ~[hibernate-core-6.6.5.Final.jar:6.6.5.Final]
	at org.hibernate.event.internal.AbstractFlushingEventListener.flushEntities(AbstractFlushingEventListener.java:269) ~[hibernate-core-6.6.5.Final.jar:6.6.5.Final]
	at org.hibernate.event.internal.AbstractFlushingEventListener.flushEverythingToExecutions(AbstractFlushingEventListener.java:90) ~[hibernate-core-6.6.5.Final.jar:6.6.5.Final]
	at org.hibernate.event.internal.AbstractFlushingEventListener.flushEverythingToExecutions(AbstractFlushingEventListener.java:84) ~[hibernate-core-6.6.5.Final.jar:6.6.5.Final]
	at org.hibernate.event.internal.DefaultFlushEventListener.onFlush(DefaultFlushEventListener.java:40) ~[hibernate-core-6.6.5.Final.jar:6.6.5.Final]
	at org.hibernate.event.service.internal.EventListenerGroupImpl.fireEventOnEachListener(EventListenerGroupImpl.java:127) ~[hibernate-core-6.6.5.Final.jar:6.6.5.Final]
	at org.hibernate.internal.SessionImpl.doFlush(SessionImpl.java:1429) ~[hibernate-core-6.6.5.Final.jar:6.6.5.Final]
	at org.hibernate.internal.SessionImpl.managedFlush(SessionImpl.java:491) ~[hibernate-core-6.6.5.Final.jar:6.6.5.Final]
	at org.hibernate.internal.SessionImpl.flushBeforeTransactionCompletion(SessionImpl.java:2354) ~[hibernate-core-6.6.5.Final.jar:6.6.5.Final]
	at org.hibernate.internal.SessionImpl.beforeTransactionCompletion(SessionImpl.java:1978) ~[hibernate-core-6.6.5.Final.jar:6.6.5.Final]
	at org.hibernate.engine.jdbc.internal.JdbcCoordinatorImpl.beforeTransactionCompletion(JdbcCoordinatorImpl.java:439) ~[hibernate-core-6.6.5.Final.jar:6.6.5.Final]
	at org.hibernate.resource.transaction.backend.jdbc.internal.JdbcResourceLocalTransactionCoordinatorImpl.beforeCompletionCallback(JdbcResourceLocalTransactionCoordinatorImpl.java:169) ~[hibernate-core-6.6.5.Final.jar:6.6.5.Final]
	at org.hibernate.resource.transaction.backend.jdbc.internal.JdbcResourceLocalTransactionCoordinatorImpl$TransactionDriverControlImpl.commit(JdbcResourceLocalTransactionCoordinatorImpl.java:267) ~[hibernate-core-6.6.5.Final.jar:6.6.5.Final]
	at org.hibernate.engine.transaction.internal.TransactionImpl.commit(TransactionImpl.java:101) ~[hibernate-core-6.6.5.Final.jar:6.6.5.Final]
	at org.springframework.orm.jpa.JpaTransactionManager.doCommit(JpaTransactionManager.java:562) ~[spring-orm-6.2.2.jar:6.2.2]
	at org.springframework.transaction.support.AbstractPlatformTransactionManager.processCommit(AbstractPlatformTransactionManager.java:795) ~[spring-tx-6.2.2.jar:6.2.2]
	at org.springframework.transaction.support.AbstractPlatformTransactionManager.commit(AbstractPlatformTransactionManager.java:758) ~[spring-tx-6.2.2.jar:6.2.2]
	at org.springframework.transaction.interceptor.TransactionAspectSupport.commitTransactionAfterReturning(TransactionAspectSupport.java:698) ~[spring-tx-6.2.2.jar:6.2.2]
	at org.springframework.transaction.interceptor.TransactionAspectSupport.invokeWithinTransaction(TransactionAspectSupport.java:416) ~[spring-tx-6.2.2.jar:6.2.2]
	at org.springframework.transaction.interceptor.TransactionInterceptor.invoke(TransactionInterceptor.java:119) ~[spring-tx-6.2.2.jar:6.2.2]
	at org.springframework.aop.framework.ReflectiveMethodInvocation.proceed(ReflectiveMethodInvocation.java:184) ~[spring-aop-6.2.2.jar:6.2.2]
	at org.springframework.dao.support.PersistenceExceptionTranslationInterceptor.invoke(PersistenceExceptionTranslationInterceptor.java:138) ~[spring-tx-6.2.2.jar:6.2.2]
	at org.springframework.aop.framework.ReflectiveMethodInvocation.proceed(ReflectiveMethodInvocation.java:184) ~[spring-aop-6.2.2.jar:6.2.2]
	at org.springframework.data.jpa.repository.support.CrudMethodMetadataPostProcessor$CrudMethodMetadataPopulatingMethodInterceptor.invoke(CrudMethodMetadataPostProcessor.java:165) ~[spring-data-jpa-3.4.2.jar:3.4.2]
	at org.springframework.aop.framework.ReflectiveMethodInvocation.proceed(ReflectiveMethodInvocation.java:184) ~[spring-aop-6.2.2.jar:6.2.2]
	at org.springframework.aop.framework.JdkDynamicAopProxy.invoke(JdkDynamicAopProxy.java:223) ~[spring-aop-6.2.2.jar:6.2.2]
	at jdk.proxy4/jdk.proxy4.$Proxy138.save(Unknown Source) ~[na:na]
	at be.labil.restapp.services.EtudiantServiceImpl.lambda$update$1(EtudiantServiceImpl.java:47) ~[classes/:na]
	at java.base/java.util.Optional.map(Optional.java:260) ~[na:na]
	at be.labil.restapp.services.EtudiantServiceImpl.update(EtudiantServiceImpl.java:42) ~[classes/:na]
	at be.labil.restapp.controllers.EtudiantController.update(EtudiantController.java:43) ~[classes/:na]
	at java.base/jdk.internal.reflect.DirectMethodHandleAccessor.invoke(DirectMethodHandleAccessor.java:103) ~[na:na]
	at java.base/java.lang.reflect.Method.invoke(Method.java:580) ~[na:na]
	at org.springframework.web.method.support.InvocableHandlerMethod.doInvoke(InvocableHandlerMethod.java:257) ~[spring-web-6.2.2.jar:6.2.2]
	at org.springframework.web.method.support.InvocableHandlerMethod.invokeForRequest(InvocableHandlerMethod.java:190) ~[spring-web-6.2.2.jar:6.2.2]
	at org.springframework.web.servlet.mvc.method.annotation.ServletInvocableHandlerMethod.invokeAndHandle(ServletInvocableHandlerMethod.java:118) ~[spring-webmvc-6.2.2.jar:6.2.2]
	at org.springframework.web.servlet.mvc.method.annotation.RequestMappingHandlerAdapter.invokeHandlerMethod(RequestMappingHandlerAdapter.java:986) ~[spring-webmvc-6.2.2.jar:6.2.2]
	at org.springframework.web.servlet.mvc.method.annotation.RequestMappingHandlerAdapter.handleInternal(RequestMappingHandlerAdapter.java:891) ~[spring-webmvc-6.2.2.jar:6.2.2]
	at org.springframework.web.servlet.mvc.method.AbstractHandlerMethodAdapter.handle(AbstractHandlerMethodAdapter.java:87) ~[spring-webmvc-6.2.2.jar:6.2.2]
	at org.springframework.web.servlet.DispatcherServlet.doDispatch(DispatcherServlet.java:1088) ~[spring-webmvc-6.2.2.jar:6.2.2]
	at org.springframework.web.servlet.DispatcherServlet.doService(DispatcherServlet.java:978) ~[spring-webmvc-6.2.2.jar:6.2.2]
	at org.springframework.web.servlet.FrameworkServlet.processRequest(FrameworkServlet.java:1014) ~[spring-webmvc-6.2.2.jar:6.2.2]
	at org.springframework.web.servlet.FrameworkServlet.doPut(FrameworkServlet.java:925) ~[spring-webmvc-6.2.2.jar:6.2.2]
	at jakarta.servlet.http.HttpServlet.service(HttpServlet.java:593) ~[tomcat-embed-core-10.1.34.jar:6.0]
	at org.springframework.web.servlet.FrameworkServlet.service(FrameworkServlet.java:885) ~[spring-webmvc-6.2.2.jar:6.2.2]
	at jakarta.servlet.http.HttpServlet.service(HttpServlet.java:658) ~[tomcat-embed-core-10.1.34.jar:6.0]
	at org.apache.catalina.core.ApplicationFilterChain.internalDoFilter(ApplicationFilterChain.java:195) ~[tomcat-embed-core-10.1.34.jar:10.1.34]
	at org.apache.catalina.core.ApplicationFilterChain.doFilter(ApplicationFilterChain.java:140) ~[tomcat-embed-core-10.1.34.jar:10.1.34]
	at org.apache.tomcat.websocket.server.WsFilter.doFilter(WsFilter.java:51) ~[tomcat-embed-websocket-10.1.34.jar:10.1.34]
	at org.apache.catalina.core.ApplicationFilterChain.internalDoFilter(ApplicationFilterChain.java:164) ~[tomcat-embed-core-10.1.34.jar:10.1.34]
	at org.apache.catalina.core.ApplicationFilterChain.doFilter(ApplicationFilterChain.java:140) ~[tomcat-embed-core-10.1.34.jar:10.1.34]
	at org.springframework.web.filter.RequestContextFilter.doFilterInternal(RequestContextFilter.java:100) ~[spring-web-6.2.2.jar:6.2.2]
	at org.springframework.web.filter.OncePerRequestFilter.doFilter(OncePerRequestFilter.java:116) ~[spring-web-6.2.2.jar:6.2.2]
	at org.apache.catalina.core.ApplicationFilterChain.internalDoFilter(ApplicationFilterChain.java:164) ~[tomcat-embed-core-10.1.34.jar:10.1.34]
	at org.apache.catalina.core.ApplicationFilterChain.doFilter(ApplicationFilterChain.java:140) ~[tomcat-embed-core-10.1.34.jar:10.1.34]
	at org.springframework.web.filter.FormContentFilter.doFilterInternal(FormContentFilter.java:93) ~[spring-web-6.2.2.jar:6.2.2]
	at org.springframework.web.filter.OncePerRequestFilter.doFilter(OncePerRequestFilter.java:116) ~[spring-web-6.2.2.jar:6.2.2]
	at org.apache.catalina.core.ApplicationFilterChain.internalDoFilter(ApplicationFilterChain.java:164) ~[tomcat-embed-core-10.1.34.jar:10.1.34]
	at org.apache.catalina.core.ApplicationFilterChain.doFilter(ApplicationFilterChain.java:140) ~[tomcat-embed-core-10.1.34.jar:10.1.34]
	at org.springframework.web.filter.CharacterEncodingFilter.doFilterInternal(CharacterEncodingFilter.java:201) ~[spring-web-6.2.2.jar:6.2.2]
	at org.springframework.web.filter.OncePerRequestFilter.doFilter(OncePerRequestFilter.java:116) ~[spring-web-6.2.2.jar:6.2.2]
	at org.apache.catalina.core.ApplicationFilterChain.internalDoFilter(ApplicationFilterChain.java:164) ~[tomcat-embed-core-10.1.34.jar:10.1.34]
	at org.apache.catalina.core.ApplicationFilterChain.doFilter(ApplicationFilterChain.java:140) ~[tomcat-embed-core-10.1.34.jar:10.1.34]
	at org.apache.catalina.core.StandardWrapperValve.invoke(StandardWrapperValve.java:167) ~[tomcat-embed-core-10.1.34.jar:10.1.34]
	at org.apache.catalina.core.StandardContextValve.invoke(StandardContextValve.java:90) ~[tomcat-embed-core-10.1.34.jar:10.1.34]
	at org.apache.catalina.authenticator.AuthenticatorBase.invoke(AuthenticatorBase.java:483) ~[tomcat-embed-core-10.1.34.jar:10.1.34]
	at org.apache.catalina.core.StandardHostValve.invoke(StandardHostValve.java:115) ~[tomcat-embed-core-10.1.34.jar:10.1.34]
	at org.apache.catalina.valves.ErrorReportValve.invoke(ErrorReportValve.java:93) ~[tomcat-embed-core-10.1.34.jar:10.1.34]
	at org.apache.catalina.core.StandardEngineValve.invoke(StandardEngineValve.java:74) ~[tomcat-embed-core-10.1.34.jar:10.1.34]
	at org.apache.catalina.connector.CoyoteAdapter.service(CoyoteAdapter.java:344) ~[tomcat-embed-core-10.1.34.jar:10.1.34]
	at org.apache.coyote.http11.Http11Processor.service(Http11Processor.java:397) ~[tomcat-embed-core-10.1.34.jar:10.1.34]
	at org.apache.coyote.AbstractProcessorLight.process(AbstractProcessorLight.java:63) ~[tomcat-embed-core-10.1.34.jar:10.1.34]
	at org.apache.coyote.AbstractProtocol$ConnectionHandler.process(AbstractProtocol.java:905) ~[tomcat-embed-core-10.1.34.jar:10.1.34]
	at org.apache.tomcat.util.net.NioEndpoint$SocketProcessor.doRun(NioEndpoint.java:1741) ~[tomcat-embed-core-10.1.34.jar:10.1.34]
	at org.apache.tomcat.util.net.SocketProcessorBase.run(SocketProcessorBase.java:52) ~[tomcat-embed-core-10.1.34.jar:10.1.34]
	at org.apache.tomcat.util.threads.ThreadPoolExecutor.runWorker(ThreadPoolExecutor.java:1190) ~[tomcat-embed-core-10.1.34.jar:10.1.34]
	at org.apache.tomcat.util.threads.ThreadPoolExecutor$Worker.run(ThreadPoolExecutor.java:659) ~[tomcat-embed-core-10.1.34.jar:10.1.34]
	at org.apache.tomcat.util.threads.TaskThread$WrappingRunnable.run(TaskThread.java:63) ~[tomcat-embed-core-10.1.34.jar:10.1.34]
	at java.base/java.lang.Thread.run(Thread.java:1583) ~[na:na]

2025-02-25T09:44:25.290+01:00  WARN 12852 --- [restapp] [http-nio-8080-exec-2] b.l.restapp.services.NoteServiceImpl     :  Mise à jour de la note 3.0 effectué avec succès
2025-02-25T09:45:54.055+01:00  WARN 12852 --- [restapp] [http-nio-8080-exec-9] b.l.r.services.EtudiantServiceImpl       :  Mise à jour de la matière IDS effectué avec succès
2025-02-25T09:55:17.797+01:00  WARN 12852 --- [restapp] [http-nio-8080-exec-3] .w.s.m.s.DefaultHandlerExceptionResolver : Ignoring exception, response committed already: org.springframework.http.converter.HttpMessageNotWritableException: Could not write JSON: Document nesting depth (1001) exceeds the maximum allowed (1000, from `StreamWriteConstraints.getMaxNestingDepth()`)
2025-02-25T09:55:17.798+01:00  WARN 12852 --- [restapp] [http-nio-8080-exec-3] .w.s.m.s.DefaultHandlerExceptionResolver : Resolved [org.springframework.http.converter.HttpMessageNotWritableException: Could not write JSON: Document nesting depth (1001) exceeds the maximum allowed (1000, from `StreamWriteConstraints.getMaxNestingDepth()`)]
2025-02-25T10:17:00.882+01:00  WARN 12852 --- [restapp] [http-nio-8080-exec-10] b.l.r.services.EtudiantServiceImpl       :  Mise à jour de léétudiant 15500 effectué avec succès
2025-02-25T10:59:19.934+01:00  INFO 12852 --- [restapp] [SpringApplicationShutdownHook] o.s.b.w.e.tomcat.GracefulShutdown        : Commencing graceful shutdown. Waiting for active requests to complete
2025-02-25T10:59:19.964+01:00  INFO 12852 --- [restapp] [tomcat-shutdown] o.s.b.w.e.tomcat.GracefulShutdown        : Graceful shutdown complete
2025-02-25T10:59:19.974+01:00  INFO 12852 --- [restapp] [SpringApplicationShutdownHook] j.LocalContainerEntityManagerFactoryBean : Closing JPA EntityManagerFactory for persistence unit 'default'
2025-02-25T10:59:20.004+01:00  WARN 12852 --- [restapp] [SpringApplicationShutdownHook] o.s.b.f.support.DisposableBeanAdapter    : Invocation of destroy method failed on bean with name 'inMemoryDatabaseShutdownExecutor': org.h2.jdbc.JdbcSQLNonTransientConnectionException: La base de données est déjà fermée (pour désactiver la fermeture automatique à l'arrêt de la VM, ajoutez "; DB_CLOSE_ON_EXIT = FALSE" à l'URL db)
Database is already closed (to disable automatic closing at VM shutdown, add ";DB_CLOSE_ON_EXIT=FALSE" to the db URL) [90121-232]
2025-02-25T10:59:20.005+01:00  INFO 12852 --- [restapp] [SpringApplicationShutdownHook] com.zaxxer.hikari.HikariDataSource       : HikariPool-1 - Shutdown initiated...
2025-02-25T10:59:20.009+01:00  INFO 12852 --- [restapp] [SpringApplicationShutdownHook] com.zaxxer.hikari.HikariDataSource       : HikariPool-1 - Shutdown completed.
2025-02-25T10:59:31.217+01:00  INFO 19528 --- [restapp] [restartedMain] be.labil.restapp.RestappApplication      : Starting RestappApplication using Java 21.0.6 with PID 19528 (C:\Elachhab\Unamur\cours\GenieLogiciel\Labo\restapp\target\classes started by abdellah.elachhab in C:\Elachhab\Unamur\cours\GenieLogiciel\Labo\restapp)
2025-02-25T10:59:31.225+01:00  INFO 19528 --- [restapp] [restartedMain] be.labil.restapp.RestappApplication      : No active profile set, falling back to 1 default profile: "default"
2025-02-25T10:59:31.347+01:00  INFO 19528 --- [restapp] [restartedMain] .e.DevToolsPropertyDefaultsPostProcessor : Devtools property defaults active! Set 'spring.devtools.add-properties' to 'false' to disable
2025-02-25T10:59:31.348+01:00  INFO 19528 --- [restapp] [restartedMain] .e.DevToolsPropertyDefaultsPostProcessor : For additional web related logging consider setting the 'logging.level.web' property to 'DEBUG'
2025-02-25T10:59:32.994+01:00  INFO 19528 --- [restapp] [restartedMain] .s.d.r.c.RepositoryConfigurationDelegate : Bootstrapping Spring Data JPA repositories in DEFAULT mode.
2025-02-25T10:59:33.129+01:00  INFO 19528 --- [restapp] [restartedMain] .s.d.r.c.RepositoryConfigurationDelegate : Finished Spring Data repository scanning in 114 ms. Found 4 JPA repository interfaces.
2025-02-25T10:59:34.081+01:00  INFO 19528 --- [restapp] [restartedMain] o.s.b.w.embedded.tomcat.TomcatWebServer  : Tomcat initialized with port 8080 (http)
2025-02-25T10:59:34.111+01:00  INFO 19528 --- [restapp] [restartedMain] o.apache.catalina.core.StandardService   : Starting service [Tomcat]
2025-02-25T10:59:34.112+01:00  INFO 19528 --- [restapp] [restartedMain] o.apache.catalina.core.StandardEngine    : Starting Servlet engine: [Apache Tomcat/10.1.34]
2025-02-25T10:59:34.203+01:00  INFO 19528 --- [restapp] [restartedMain] o.a.c.c.C.[Tomcat].[localhost].[/]       : Initializing Spring embedded WebApplicationContext
2025-02-25T10:59:34.203+01:00  INFO 19528 --- [restapp] [restartedMain] w.s.c.ServletWebServerApplicationContext : Root WebApplicationContext: initialization completed in 2854 ms
2025-02-25T10:59:34.449+01:00  INFO 19528 --- [restapp] [restartedMain] com.zaxxer.hikari.HikariDataSource       : HikariPool-1 - Starting...
2025-02-25T10:59:34.748+01:00  INFO 19528 --- [restapp] [restartedMain] com.zaxxer.hikari.pool.HikariPool        : HikariPool-1 - Added connection conn0: url=jdbc:h2:mem:test user=SA
2025-02-25T10:59:34.750+01:00  INFO 19528 --- [restapp] [restartedMain] com.zaxxer.hikari.HikariDataSource       : HikariPool-1 - Start completed.
2025-02-25T10:59:34.869+01:00  INFO 19528 --- [restapp] [restartedMain] o.hibernate.jpa.internal.util.LogHelper  : HHH000204: Processing PersistenceUnitInfo [name: default]
2025-02-25T10:59:35.086+01:00  INFO 19528 --- [restapp] [restartedMain] org.hibernate.Version                    : HHH000412: Hibernate ORM core version 6.6.5.Final
2025-02-25T10:59:35.171+01:00  INFO 19528 --- [restapp] [restartedMain] o.h.c.internal.RegionFactoryInitiator    : HHH000026: Second-level cache disabled
2025-02-25T10:59:35.744+01:00  INFO 19528 --- [restapp] [restartedMain] o.s.o.j.p.SpringPersistenceUnitInfo      : No LoadTimeWeaver setup: ignoring JPA class transformer
2025-02-25T10:59:35.884+01:00  INFO 19528 --- [restapp] [restartedMain] org.hibernate.orm.connections.pooling    : HHH10001005: Database info:
	Database JDBC URL [Connecting through datasource 'HikariDataSource (HikariPool-1)']
	Database driver: undefined/unknown
	Database version: 2.3.232
	Autocommit mode: undefined/unknown
	Isolation level: undefined/unknown
	Minimum pool size: undefined/unknown
	Maximum pool size: undefined/unknown
2025-02-25T10:59:37.107+01:00  INFO 19528 --- [restapp] [restartedMain] o.h.e.t.j.p.i.JtaPlatformInitiator       : HHH000489: No JTA platform available (set 'hibernate.transaction.jta.platform' to enable JTA platform integration)
2025-02-25T10:59:37.167+01:00  INFO 19528 --- [restapp] [restartedMain] j.LocalContainerEntityManagerFactoryBean : Initialized JPA EntityManagerFactory for persistence unit 'default'
2025-02-25T10:59:38.004+01:00  WARN 19528 --- [restapp] [restartedMain] JpaBaseConfiguration$JpaWebConfiguration : spring.jpa.open-in-view is enabled by default. Therefore, database queries may be performed during view rendering. Explicitly configure spring.jpa.open-in-view to disable this warning
2025-02-25T10:59:38.085+01:00  INFO 19528 --- [restapp] [restartedMain] o.s.v.b.OptionalValidatorFactoryBean     : Failed to set up a Bean Validation provider: jakarta.validation.NoProviderFoundException: Unable to create a Configuration, because no Jakarta Bean Validation provider could be found. Add a provider like Hibernate Validator (RI) to your classpath.
2025-02-25T10:59:39.787+01:00  INFO 19528 --- [restapp] [restartedMain] o.s.b.a.h2.H2ConsoleAutoConfiguration    : H2 console available at '/h2-console'. Database available at 'jdbc:h2:mem:test'
2025-02-25T10:59:39.905+01:00  INFO 19528 --- [restapp] [restartedMain] o.s.b.d.a.OptionalLiveReloadServer       : LiveReload server is running on port 35729
2025-02-25T10:59:39.979+01:00  INFO 19528 --- [restapp] [restartedMain] o.s.b.w.embedded.tomcat.TomcatWebServer  : Tomcat started on port 8080 (http) with context path '/'
2025-02-25T10:59:39.997+01:00  INFO 19528 --- [restapp] [restartedMain] be.labil.restapp.RestappApplication      : Started RestappApplication in 9.755 seconds (process running for 11.601)
2025-02-25T11:50:06.182+01:00  INFO 19528 --- [restapp] [SpringApplicationShutdownHook] o.s.b.w.e.tomcat.GracefulShutdown        : Commencing graceful shutdown. Waiting for active requests to complete
2025-02-25T11:50:06.208+01:00  INFO 19528 --- [restapp] [tomcat-shutdown] o.s.b.w.e.tomcat.GracefulShutdown        : Graceful shutdown complete
2025-02-25T11:50:06.215+01:00  INFO 19528 --- [restapp] [SpringApplicationShutdownHook] j.LocalContainerEntityManagerFactoryBean : Closing JPA EntityManagerFactory for persistence unit 'default'
2025-02-25T11:50:06.239+01:00  WARN 19528 --- [restapp] [SpringApplicationShutdownHook] o.s.b.f.support.DisposableBeanAdapter    : Invocation of destroy method failed on bean with name 'inMemoryDatabaseShutdownExecutor': org.h2.jdbc.JdbcSQLNonTransientConnectionException: La base de données est déjà fermée (pour désactiver la fermeture automatique à l'arrêt de la VM, ajoutez "; DB_CLOSE_ON_EXIT = FALSE" à l'URL db)
Database is already closed (to disable automatic closing at VM shutdown, add ";DB_CLOSE_ON_EXIT=FALSE" to the db URL) [90121-232]
2025-02-25T11:50:06.240+01:00  INFO 19528 --- [restapp] [SpringApplicationShutdownHook] com.zaxxer.hikari.HikariDataSource       : HikariPool-1 - Shutdown initiated...
2025-02-25T11:50:06.245+01:00  INFO 19528 --- [restapp] [SpringApplicationShutdownHook] com.zaxxer.hikari.HikariDataSource       : HikariPool-1 - Shutdown completed.
2025-02-25T11:50:12.413+01:00  INFO 23804 --- [restapp] [restartedMain] be.labil.restapp.RestappApplication      : Starting RestappApplication using Java 21.0.6 with PID 23804 (C:\Elachhab\Unamur\cours\GenieLogiciel\Labo\restapp\target\classes started by abdellah.elachhab in C:\Elachhab\Unamur\cours\GenieLogiciel\Labo\restapp)
2025-02-25T11:50:12.420+01:00  INFO 23804 --- [restapp] [restartedMain] be.labil.restapp.RestappApplication      : No active profile set, falling back to 1 default profile: "default"
2025-02-25T11:50:12.556+01:00  INFO 23804 --- [restapp] [restartedMain] .e.DevToolsPropertyDefaultsPostProcessor : Devtools property defaults active! Set 'spring.devtools.add-properties' to 'false' to disable
2025-02-25T11:50:12.556+01:00  INFO 23804 --- [restapp] [restartedMain] .e.DevToolsPropertyDefaultsPostProcessor : For additional web related logging consider setting the 'logging.level.web' property to 'DEBUG'
2025-02-25T11:50:13.980+01:00  INFO 23804 --- [restapp] [restartedMain] .s.d.r.c.RepositoryConfigurationDelegate : Bootstrapping Spring Data JPA repositories in DEFAULT mode.
2025-02-25T11:50:14.111+01:00  INFO 23804 --- [restapp] [restartedMain] .s.d.r.c.RepositoryConfigurationDelegate : Finished Spring Data repository scanning in 106 ms. Found 4 JPA repository interfaces.
2025-02-25T11:50:15.103+01:00  INFO 23804 --- [restapp] [restartedMain] o.s.b.w.embedded.tomcat.TomcatWebServer  : Tomcat initialized with port 8080 (http)
2025-02-25T11:50:15.128+01:00  INFO 23804 --- [restapp] [restartedMain] o.apache.catalina.core.StandardService   : Starting service [Tomcat]
2025-02-25T11:50:15.129+01:00  INFO 23804 --- [restapp] [restartedMain] o.apache.catalina.core.StandardEngine    : Starting Servlet engine: [Apache Tomcat/10.1.34]
2025-02-25T11:50:15.232+01:00  INFO 23804 --- [restapp] [restartedMain] o.a.c.c.C.[Tomcat].[localhost].[/]       : Initializing Spring embedded WebApplicationContext
2025-02-25T11:50:15.233+01:00  INFO 23804 --- [restapp] [restartedMain] w.s.c.ServletWebServerApplicationContext : Root WebApplicationContext: initialization completed in 2676 ms
2025-02-25T11:50:15.452+01:00  INFO 23804 --- [restapp] [restartedMain] com.zaxxer.hikari.HikariDataSource       : HikariPool-1 - Starting...
2025-02-25T11:50:15.798+01:00  INFO 23804 --- [restapp] [restartedMain] com.zaxxer.hikari.pool.HikariPool        : HikariPool-1 - Added connection conn0: url=jdbc:h2:mem:test user=SA
2025-02-25T11:50:15.803+01:00  INFO 23804 --- [restapp] [restartedMain] com.zaxxer.hikari.HikariDataSource       : HikariPool-1 - Start completed.
2025-02-25T11:50:15.915+01:00  INFO 23804 --- [restapp] [restartedMain] o.hibernate.jpa.internal.util.LogHelper  : HHH000204: Processing PersistenceUnitInfo [name: default]
2025-02-25T11:50:16.078+01:00  INFO 23804 --- [restapp] [restartedMain] org.hibernate.Version                    : HHH000412: Hibernate ORM core version 6.6.5.Final
2025-02-25T11:50:16.152+01:00  INFO 23804 --- [restapp] [restartedMain] o.h.c.internal.RegionFactoryInitiator    : HHH000026: Second-level cache disabled
2025-02-25T11:50:16.690+01:00  INFO 23804 --- [restapp] [restartedMain] o.s.o.j.p.SpringPersistenceUnitInfo      : No LoadTimeWeaver setup: ignoring JPA class transformer
2025-02-25T11:50:16.806+01:00  INFO 23804 --- [restapp] [restartedMain] org.hibernate.orm.connections.pooling    : HHH10001005: Database info:
	Database JDBC URL [Connecting through datasource 'HikariDataSource (HikariPool-1)']
	Database driver: undefined/unknown
	Database version: 2.3.232
	Autocommit mode: undefined/unknown
	Isolation level: undefined/unknown
	Minimum pool size: undefined/unknown
	Maximum pool size: undefined/unknown
2025-02-25T11:50:18.026+01:00  INFO 23804 --- [restapp] [restartedMain] o.h.e.t.j.p.i.JtaPlatformInitiator       : HHH000489: No JTA platform available (set 'hibernate.transaction.jta.platform' to enable JTA platform integration)
2025-02-25T11:50:18.092+01:00  INFO 23804 --- [restapp] [restartedMain] j.LocalContainerEntityManagerFactoryBean : Initialized JPA EntityManagerFactory for persistence unit 'default'
2025-02-25T11:50:18.810+01:00  WARN 23804 --- [restapp] [restartedMain] JpaBaseConfiguration$JpaWebConfiguration : spring.jpa.open-in-view is enabled by default. Therefore, database queries may be performed during view rendering. Explicitly configure spring.jpa.open-in-view to disable this warning
2025-02-25T11:50:18.887+01:00  INFO 23804 --- [restapp] [restartedMain] o.s.v.b.OptionalValidatorFactoryBean     : Failed to set up a Bean Validation provider: jakarta.validation.NoProviderFoundException: Unable to create a Configuration, because no Jakarta Bean Validation provider could be found. Add a provider like Hibernate Validator (RI) to your classpath.
2025-02-25T11:50:20.207+01:00  INFO 23804 --- [restapp] [restartedMain] o.s.b.a.h2.H2ConsoleAutoConfiguration    : H2 console available at '/h2-console'. Database available at 'jdbc:h2:mem:test'
2025-02-25T11:50:20.304+01:00  INFO 23804 --- [restapp] [restartedMain] o.s.b.d.a.OptionalLiveReloadServer       : LiveReload server is running on port 35729
2025-02-25T11:50:20.356+01:00  INFO 23804 --- [restapp] [restartedMain] o.s.b.w.embedded.tomcat.TomcatWebServer  : Tomcat started on port 8080 (http) with context path '/'
2025-02-25T11:50:20.367+01:00  INFO 23804 --- [restapp] [restartedMain] be.labil.restapp.RestappApplication      : Started RestappApplication in 8.883 seconds (process running for 9.901)
2025-02-25T11:57:02.561+01:00  INFO 23804 --- [restapp] [http-nio-8080-exec-1] o.a.c.c.C.[Tomcat].[localhost].[/]       : Initializing Spring DispatcherServlet 'dispatcherServlet'
2025-02-25T11:57:02.561+01:00  INFO 23804 --- [restapp] [http-nio-8080-exec-1] o.s.web.servlet.DispatcherServlet        : Initializing Servlet 'dispatcherServlet'
2025-02-25T11:57:02.564+01:00  INFO 23804 --- [restapp] [http-nio-8080-exec-1] o.s.web.servlet.DispatcherServlet        : Completed initialization in 2 ms
2025-02-25T11:57:02.800+01:00  WARN 23804 --- [restapp] [http-nio-8080-exec-1] o.h.engine.jdbc.spi.SqlExceptionHelper   : SQL Error: 23503, SQLState: 23503
2025-02-25T11:57:02.800+01:00 ERROR 23804 --- [restapp] [http-nio-8080-exec-1] o.h.engine.jdbc.spi.SqlExceptionHelper   : Intégrité référentielle violation de contrainte: "FKIXB4NR2ASLGEU1RE3TRU8W9UT: PUBLIC.MATIERE FOREIGN KEY(UE_ID) REFERENCES PUBLIC.UNITE_ETUDE(ID) (CAST(1 AS BIGINT))"
Referential integrity constraint violation: "FKIXB4NR2ASLGEU1RE3TRU8W9UT: PUBLIC.MATIERE FOREIGN KEY(UE_ID) REFERENCES PUBLIC.UNITE_ETUDE(ID) (CAST(1 AS BIGINT))"; SQL statement:
delete from unite_etude where id=? [23503-232]
2025-02-25T11:57:02.811+01:00 ERROR 23804 --- [restapp] [http-nio-8080-exec-1] b.l.r.services.UniteEtudeServiceImpl     : Impossible de supprimer l'unité d'étude 1 car elle est liée à une ou plusieurs matières
2025-02-25T12:05:48.491+01:00  INFO 23804 --- [restapp] [SpringApplicationShutdownHook] o.s.b.w.e.tomcat.GracefulShutdown        : Commencing graceful shutdown. Waiting for active requests to complete
2025-02-25T12:05:48.517+01:00  INFO 23804 --- [restapp] [tomcat-shutdown] o.s.b.w.e.tomcat.GracefulShutdown        : Graceful shutdown complete
2025-02-25T12:05:48.522+01:00  INFO 23804 --- [restapp] [SpringApplicationShutdownHook] j.LocalContainerEntityManagerFactoryBean : Closing JPA EntityManagerFactory for persistence unit 'default'
2025-02-25T12:05:48.534+01:00  WARN 23804 --- [restapp] [SpringApplicationShutdownHook] o.s.b.f.support.DisposableBeanAdapter    : Invocation of destroy method failed on bean with name 'inMemoryDatabaseShutdownExecutor': org.h2.jdbc.JdbcSQLNonTransientConnectionException: La base de données est déjà fermée (pour désactiver la fermeture automatique à l'arrêt de la VM, ajoutez "; DB_CLOSE_ON_EXIT = FALSE" à l'URL db)
Database is already closed (to disable automatic closing at VM shutdown, add ";DB_CLOSE_ON_EXIT=FALSE" to the db URL) [90121-232]
2025-02-25T12:05:48.535+01:00  INFO 23804 --- [restapp] [SpringApplicationShutdownHook] com.zaxxer.hikari.HikariDataSource       : HikariPool-1 - Shutdown initiated...
2025-02-25T12:05:48.536+01:00  INFO 23804 --- [restapp] [SpringApplicationShutdownHook] com.zaxxer.hikari.HikariDataSource       : HikariPool-1 - Shutdown completed.
2025-02-25T12:05:54.188+01:00  INFO 20548 --- [restapp] [restartedMain] be.labil.restapp.RestappApplication      : Starting RestappApplication using Java 21.0.6 with PID 20548 (C:\Elachhab\Unamur\cours\GenieLogiciel\Labo\restapp\target\classes started by abdellah.elachhab in C:\Elachhab\Unamur\cours\GenieLogiciel\Labo\restapp)
2025-02-25T12:05:54.199+01:00  INFO 20548 --- [restapp] [restartedMain] be.labil.restapp.RestappApplication      : No active profile set, falling back to 1 default profile: "default"
2025-02-25T12:05:54.330+01:00  INFO 20548 --- [restapp] [restartedMain] .e.DevToolsPropertyDefaultsPostProcessor : Devtools property defaults active! Set 'spring.devtools.add-properties' to 'false' to disable
2025-02-25T12:05:54.331+01:00  INFO 20548 --- [restapp] [restartedMain] .e.DevToolsPropertyDefaultsPostProcessor : For additional web related logging consider setting the 'logging.level.web' property to 'DEBUG'
2025-02-25T12:05:55.741+01:00  INFO 20548 --- [restapp] [restartedMain] .s.d.r.c.RepositoryConfigurationDelegate : Bootstrapping Spring Data JPA repositories in DEFAULT mode.
2025-02-25T12:05:55.855+01:00  INFO 20548 --- [restapp] [restartedMain] .s.d.r.c.RepositoryConfigurationDelegate : Finished Spring Data repository scanning in 99 ms. Found 4 JPA repository interfaces.
2025-02-25T12:05:56.803+01:00  INFO 20548 --- [restapp] [restartedMain] o.s.b.w.embedded.tomcat.TomcatWebServer  : Tomcat initialized with port 8080 (http)
2025-02-25T12:05:56.827+01:00  INFO 20548 --- [restapp] [restartedMain] o.apache.catalina.core.StandardService   : Starting service [Tomcat]
2025-02-25T12:05:56.827+01:00  INFO 20548 --- [restapp] [restartedMain] o.apache.catalina.core.StandardEngine    : Starting Servlet engine: [Apache Tomcat/10.1.34]
2025-02-25T12:05:56.905+01:00  INFO 20548 --- [restapp] [restartedMain] o.a.c.c.C.[Tomcat].[localhost].[/]       : Initializing Spring embedded WebApplicationContext
2025-02-25T12:05:56.905+01:00  INFO 20548 --- [restapp] [restartedMain] w.s.c.ServletWebServerApplicationContext : Root WebApplicationContext: initialization completed in 2573 ms
2025-02-25T12:05:57.056+01:00  INFO 20548 --- [restapp] [restartedMain] com.zaxxer.hikari.HikariDataSource       : HikariPool-1 - Starting...
2025-02-25T12:05:57.298+01:00  INFO 20548 --- [restapp] [restartedMain] com.zaxxer.hikari.pool.HikariPool        : HikariPool-1 - Added connection conn0: url=jdbc:h2:mem:test user=SA
2025-02-25T12:05:57.302+01:00  INFO 20548 --- [restapp] [restartedMain] com.zaxxer.hikari.HikariDataSource       : HikariPool-1 - Start completed.
2025-02-25T12:05:57.336+01:00  WARN 20548 --- [restapp] [restartedMain] ConfigServletWebServerApplicationContext : Exception encountered during context initialization - cancelling refresh attempt: org.springframework.beans.factory.BeanCreationException: Error creating bean with name 'entityManagerFactory' defined in class path resource [org/springframework/boot/autoconfigure/orm/jpa/HibernateJpaConfiguration.class]: Failed to initialize dependency 'dataSourceScriptDatabaseInitializer' of LoadTimeWeaverAware bean 'entityManagerFactory': Error creating bean with name 'dataSourceScriptDatabaseInitializer' defined in class path resource [org/springframework/boot/autoconfigure/sql/init/DataSourceInitializationConfiguration.class]: Failed to execute SQL script statement #1 of file [C:\Elachhab\Unamur\cours\GenieLogiciel\Labo\restapp\target\classes\data.sql]: INSERT INTO UNITE_ETUDE (id, nom) VALUES (1, 'Informatique'), (2, 'Mathematique'), (3, 'Science Technique'), (4, 'Science Humaine')
2025-02-25T12:05:57.336+01:00  INFO 20548 --- [restapp] [restartedMain] com.zaxxer.hikari.HikariDataSource       : HikariPool-1 - Shutdown initiated...
2025-02-25T12:05:57.341+01:00  INFO 20548 --- [restapp] [restartedMain] com.zaxxer.hikari.HikariDataSource       : HikariPool-1 - Shutdown completed.
2025-02-25T12:05:57.348+01:00  INFO 20548 --- [restapp] [restartedMain] o.apache.catalina.core.StandardService   : Stopping service [Tomcat]
2025-02-25T12:05:57.370+01:00  INFO 20548 --- [restapp] [restartedMain] .s.b.a.l.ConditionEvaluationReportLogger : 

Error starting ApplicationContext. To display the condition evaluation report re-run your application with 'debug' enabled.
2025-02-25T12:05:57.417+01:00 ERROR 20548 --- [restapp] [restartedMain] o.s.boot.SpringApplication               : Application run failed

org.springframework.beans.factory.BeanCreationException: Error creating bean with name 'entityManagerFactory' defined in class path resource [org/springframework/boot/autoconfigure/orm/jpa/HibernateJpaConfiguration.class]: Failed to initialize dependency 'dataSourceScriptDatabaseInitializer' of LoadTimeWeaverAware bean 'entityManagerFactory': Error creating bean with name 'dataSourceScriptDatabaseInitializer' defined in class path resource [org/springframework/boot/autoconfigure/sql/init/DataSourceInitializationConfiguration.class]: Failed to execute SQL script statement #1 of file [C:\Elachhab\Unamur\cours\GenieLogiciel\Labo\restapp\target\classes\data.sql]: INSERT INTO UNITE_ETUDE (id, nom) VALUES (1, 'Informatique'), (2, 'Mathematique'), (3, 'Science Technique'), (4, 'Science Humaine')
	at org.springframework.beans.factory.support.AbstractBeanFactory.doGetBean(AbstractBeanFactory.java:325) ~[spring-beans-6.2.2.jar:6.2.2]
	at org.springframework.beans.factory.support.AbstractBeanFactory.getBean(AbstractBeanFactory.java:204) ~[spring-beans-6.2.2.jar:6.2.2]
	at org.springframework.context.support.AbstractApplicationContext.finishBeanFactoryInitialization(AbstractApplicationContext.java:970) ~[spring-context-6.2.2.jar:6.2.2]
	at org.springframework.context.support.AbstractApplicationContext.refresh(AbstractApplicationContext.java:627) ~[spring-context-6.2.2.jar:6.2.2]
	at org.springframework.boot.web.servlet.context.ServletWebServerApplicationContext.refresh(ServletWebServerApplicationContext.java:146) ~[spring-boot-3.4.2.jar:3.4.2]
	at org.springframework.boot.SpringApplication.refresh(SpringApplication.java:752) ~[spring-boot-3.4.2.jar:3.4.2]
	at org.springframework.boot.SpringApplication.refreshContext(SpringApplication.java:439) ~[spring-boot-3.4.2.jar:3.4.2]
	at org.springframework.boot.SpringApplication.run(SpringApplication.java:318) ~[spring-boot-3.4.2.jar:3.4.2]
	at org.springframework.boot.SpringApplication.run(SpringApplication.java:1361) ~[spring-boot-3.4.2.jar:3.4.2]
	at org.springframework.boot.SpringApplication.run(SpringApplication.java:1350) ~[spring-boot-3.4.2.jar:3.4.2]
	at be.labil.restapp.RestappApplication.main(RestappApplication.java:10) ~[classes/:na]
	at java.base/jdk.internal.reflect.DirectMethodHandleAccessor.invoke(DirectMethodHandleAccessor.java:103) ~[na:na]
	at java.base/java.lang.reflect.Method.invoke(Method.java:580) ~[na:na]
	at org.springframework.boot.devtools.restart.RestartLauncher.run(RestartLauncher.java:50) ~[spring-boot-devtools-3.4.2.jar:3.4.2]
Caused by: org.springframework.beans.factory.BeanCreationException: Error creating bean with name 'dataSourceScriptDatabaseInitializer' defined in class path resource [org/springframework/boot/autoconfigure/sql/init/DataSourceInitializationConfiguration.class]: Failed to execute SQL script statement #1 of file [C:\Elachhab\Unamur\cours\GenieLogiciel\Labo\restapp\target\classes\data.sql]: INSERT INTO UNITE_ETUDE (id, nom) VALUES (1, 'Informatique'), (2, 'Mathematique'), (3, 'Science Technique'), (4, 'Science Humaine')
	at org.springframework.beans.factory.support.AbstractAutowireCapableBeanFactory.initializeBean(AbstractAutowireCapableBeanFactory.java:1812) ~[spring-beans-6.2.2.jar:6.2.2]
	at org.springframework.beans.factory.support.AbstractAutowireCapableBeanFactory.doCreateBean(AbstractAutowireCapableBeanFactory.java:601) ~[spring-beans-6.2.2.jar:6.2.2]
	at org.springframework.beans.factory.support.AbstractAutowireCapableBeanFactory.createBean(AbstractAutowireCapableBeanFactory.java:523) ~[spring-beans-6.2.2.jar:6.2.2]
	at org.springframework.beans.factory.support.AbstractBeanFactory.lambda$doGetBean$0(AbstractBeanFactory.java:336) ~[spring-beans-6.2.2.jar:6.2.2]
	at org.springframework.beans.factory.support.DefaultSingletonBeanRegistry.getSingleton(DefaultSingletonBeanRegistry.java:307) ~[spring-beans-6.2.2.jar:6.2.2]
	at org.springframework.beans.factory.support.AbstractBeanFactory.doGetBean(AbstractBeanFactory.java:334) ~[spring-beans-6.2.2.jar:6.2.2]
	at org.springframework.beans.factory.support.AbstractBeanFactory.getBean(AbstractBeanFactory.java:199) ~[spring-beans-6.2.2.jar:6.2.2]
	at org.springframework.beans.factory.support.AbstractBeanFactory.doGetBean(AbstractBeanFactory.java:312) ~[spring-beans-6.2.2.jar:6.2.2]
	... 13 common frames omitted
Caused by: org.springframework.jdbc.datasource.init.ScriptStatementFailedException: Failed to execute SQL script statement #1 of file [C:\Elachhab\Unamur\cours\GenieLogiciel\Labo\restapp\target\classes\data.sql]: INSERT INTO UNITE_ETUDE (id, nom) VALUES (1, 'Informatique'), (2, 'Mathematique'), (3, 'Science Technique'), (4, 'Science Humaine')
	at org.springframework.jdbc.datasource.init.ScriptUtils.executeSqlScript(ScriptUtils.java:282) ~[spring-jdbc-6.2.2.jar:6.2.2]
	at org.springframework.jdbc.datasource.init.ResourceDatabasePopulator.populate(ResourceDatabasePopulator.java:254) ~[spring-jdbc-6.2.2.jar:6.2.2]
	at org.springframework.jdbc.datasource.init.DatabasePopulatorUtils.execute(DatabasePopulatorUtils.java:54) ~[spring-jdbc-6.2.2.jar:6.2.2]
	at org.springframework.boot.jdbc.init.DataSourceScriptDatabaseInitializer.runScripts(DataSourceScriptDatabaseInitializer.java:87) ~[spring-boot-3.4.2.jar:3.4.2]
	at org.springframework.boot.sql.init.AbstractScriptDatabaseInitializer.runScripts(AbstractScriptDatabaseInitializer.java:146) ~[spring-boot-3.4.2.jar:3.4.2]
	at org.springframework.boot.sql.init.AbstractScriptDatabaseInitializer.applyScripts(AbstractScriptDatabaseInitializer.java:108) ~[spring-boot-3.4.2.jar:3.4.2]
	at org.springframework.boot.sql.init.AbstractScriptDatabaseInitializer.applyDataScripts(AbstractScriptDatabaseInitializer.java:102) ~[spring-boot-3.4.2.jar:3.4.2]
	at org.springframework.boot.sql.init.AbstractScriptDatabaseInitializer.initializeDatabase(AbstractScriptDatabaseInitializer.java:77) ~[spring-boot-3.4.2.jar:3.4.2]
	at org.springframework.boot.sql.init.AbstractScriptDatabaseInitializer.afterPropertiesSet(AbstractScriptDatabaseInitializer.java:66) ~[spring-boot-3.4.2.jar:3.4.2]
	at org.springframework.beans.factory.support.AbstractAutowireCapableBeanFactory.invokeInitMethods(AbstractAutowireCapableBeanFactory.java:1859) ~[spring-beans-6.2.2.jar:6.2.2]
	at org.springframework.beans.factory.support.AbstractAutowireCapableBeanFactory.initializeBean(AbstractAutowireCapableBeanFactory.java:1808) ~[spring-beans-6.2.2.jar:6.2.2]
	... 20 common frames omitted
Caused by: org.h2.jdbc.JdbcSQLSyntaxErrorException: Table "UNITE_ETUDE" not found (this database is empty); SQL statement:
INSERT INTO UNITE_ETUDE (id, nom) VALUES (1, 'Informatique'), (2, 'Mathematique'), (3, 'Science Technique'), (4, 'Science Humaine') [42104-232]
	at org.h2.message.DbException.getJdbcSQLException(DbException.java:514) ~[h2-2.3.232.jar:2.3.232]
	at org.h2.message.DbException.getJdbcSQLException(DbException.java:489) ~[h2-2.3.232.jar:2.3.232]
	at org.h2.message.DbException.get(DbException.java:223) ~[h2-2.3.232.jar:2.3.232]
	at org.h2.message.DbException.get(DbException.java:199) ~[h2-2.3.232.jar:2.3.232]
	at org.h2.command.Parser.getTableOrViewNotFoundDbException(Parser.java:7932) ~[h2-2.3.232.jar:2.3.232]
	at org.h2.command.Parser.getTableOrViewNotFoundDbException(Parser.java:7916) ~[h2-2.3.232.jar:2.3.232]
	at org.h2.command.Parser.readTableOrView(Parser.java:7895) ~[h2-2.3.232.jar:2.3.232]
	at org.h2.command.Parser.readTableOrView(Parser.java:7857) ~[h2-2.3.232.jar:2.3.232]
	at org.h2.command.Parser.parseInsert(Parser.java:1521) ~[h2-2.3.232.jar:2.3.232]
	at org.h2.command.Parser.parsePrepared(Parser.java:698) ~[h2-2.3.232.jar:2.3.232]
	at org.h2.command.Parser.parse(Parser.java:581) ~[h2-2.3.232.jar:2.3.232]
	at org.h2.command.Parser.parse(Parser.java:556) ~[h2-2.3.232.jar:2.3.232]
	at org.h2.command.Parser.prepareCommand(Parser.java:484) ~[h2-2.3.232.jar:2.3.232]
	at org.h2.engine.SessionLocal.prepareLocal(SessionLocal.java:645) ~[h2-2.3.232.jar:2.3.232]
	at org.h2.engine.SessionLocal.prepareCommand(SessionLocal.java:561) ~[h2-2.3.232.jar:2.3.232]
	at org.h2.jdbc.JdbcConnection.prepareCommand(JdbcConnection.java:1164) ~[h2-2.3.232.jar:2.3.232]
	at org.h2.jdbc.JdbcStatement.executeInternal(JdbcStatement.java:245) ~[h2-2.3.232.jar:2.3.232]
	at org.h2.jdbc.JdbcStatement.execute(JdbcStatement.java:231) ~[h2-2.3.232.jar:2.3.232]
	at com.zaxxer.hikari.pool.ProxyStatement.execute(ProxyStatement.java:94) ~[HikariCP-5.1.0.jar:na]
	at com.zaxxer.hikari.pool.HikariProxyStatement.execute(HikariProxyStatement.java) ~[HikariCP-5.1.0.jar:na]
	at org.springframework.jdbc.datasource.init.ScriptUtils.executeSqlScript(ScriptUtils.java:261) ~[spring-jdbc-6.2.2.jar:6.2.2]
	... 30 common frames omitted

2025-02-25T12:11:54.241+01:00  INFO 10736 --- [restapp] [restartedMain] be.labil.restapp.RestappApplication      : Starting RestappApplication using Java 21.0.6 with PID 10736 (C:\Elachhab\Unamur\cours\GenieLogiciel\Labo\restapp\target\classes started by abdellah.elachhab in C:\Elachhab\Unamur\cours\GenieLogiciel\Labo\restapp)
2025-02-25T12:11:54.250+01:00  INFO 10736 --- [restapp] [restartedMain] be.labil.restapp.RestappApplication      : No active profile set, falling back to 1 default profile: "default"
2025-02-25T12:11:54.374+01:00  INFO 10736 --- [restapp] [restartedMain] .e.DevToolsPropertyDefaultsPostProcessor : Devtools property defaults active! Set 'spring.devtools.add-properties' to 'false' to disable
2025-02-25T12:11:54.374+01:00  INFO 10736 --- [restapp] [restartedMain] .e.DevToolsPropertyDefaultsPostProcessor : For additional web related logging consider setting the 'logging.level.web' property to 'DEBUG'
2025-02-25T12:11:55.633+01:00  INFO 10736 --- [restapp] [restartedMain] .s.d.r.c.RepositoryConfigurationDelegate : Bootstrapping Spring Data JPA repositories in DEFAULT mode.
2025-02-25T12:11:55.770+01:00  INFO 10736 --- [restapp] [restartedMain] .s.d.r.c.RepositoryConfigurationDelegate : Finished Spring Data repository scanning in 120 ms. Found 4 JPA repository interfaces.
2025-02-25T12:11:56.688+01:00  INFO 10736 --- [restapp] [restartedMain] o.s.b.w.embedded.tomcat.TomcatWebServer  : Tomcat initialized with port 8080 (http)
2025-02-25T12:11:56.709+01:00  INFO 10736 --- [restapp] [restartedMain] o.apache.catalina.core.StandardService   : Starting service [Tomcat]
2025-02-25T12:11:56.709+01:00  INFO 10736 --- [restapp] [restartedMain] o.apache.catalina.core.StandardEngine    : Starting Servlet engine: [Apache Tomcat/10.1.34]
2025-02-25T12:11:56.769+01:00  INFO 10736 --- [restapp] [restartedMain] o.a.c.c.C.[Tomcat].[localhost].[/]       : Initializing Spring embedded WebApplicationContext
2025-02-25T12:11:56.769+01:00  INFO 10736 --- [restapp] [restartedMain] w.s.c.ServletWebServerApplicationContext : Root WebApplicationContext: initialization completed in 2394 ms
2025-02-25T12:11:56.956+01:00  INFO 10736 --- [restapp] [restartedMain] com.zaxxer.hikari.HikariDataSource       : HikariPool-1 - Starting...
2025-02-25T12:11:57.213+01:00  INFO 10736 --- [restapp] [restartedMain] com.zaxxer.hikari.pool.HikariPool        : HikariPool-1 - Added connection conn0: url=jdbc:h2:mem:test user=SA
2025-02-25T12:11:57.218+01:00  INFO 10736 --- [restapp] [restartedMain] com.zaxxer.hikari.HikariDataSource       : HikariPool-1 - Start completed.
2025-02-25T12:11:57.308+01:00  INFO 10736 --- [restapp] [restartedMain] o.hibernate.jpa.internal.util.LogHelper  : HHH000204: Processing PersistenceUnitInfo [name: default]
2025-02-25T12:11:57.415+01:00  INFO 10736 --- [restapp] [restartedMain] org.hibernate.Version                    : HHH000412: Hibernate ORM core version 6.6.5.Final
2025-02-25T12:11:57.470+01:00  INFO 10736 --- [restapp] [restartedMain] o.h.c.internal.RegionFactoryInitiator    : HHH000026: Second-level cache disabled
2025-02-25T12:11:57.991+01:00  INFO 10736 --- [restapp] [restartedMain] o.s.o.j.p.SpringPersistenceUnitInfo      : No LoadTimeWeaver setup: ignoring JPA class transformer
2025-02-25T12:11:58.103+01:00  INFO 10736 --- [restapp] [restartedMain] org.hibernate.orm.connections.pooling    : HHH10001005: Database info:
	Database JDBC URL [Connecting through datasource 'HikariDataSource (HikariPool-1)']
	Database driver: undefined/unknown
	Database version: 2.3.232
	Autocommit mode: undefined/unknown
	Isolation level: undefined/unknown
	Minimum pool size: undefined/unknown
	Maximum pool size: undefined/unknown
2025-02-25T12:11:59.281+01:00  INFO 10736 --- [restapp] [restartedMain] o.h.e.t.j.p.i.JtaPlatformInitiator       : HHH000489: No JTA platform available (set 'hibernate.transaction.jta.platform' to enable JTA platform integration)
2025-02-25T12:11:59.338+01:00  INFO 10736 --- [restapp] [restartedMain] j.LocalContainerEntityManagerFactoryBean : Initialized JPA EntityManagerFactory for persistence unit 'default'
2025-02-25T12:11:59.983+01:00  WARN 10736 --- [restapp] [restartedMain] JpaBaseConfiguration$JpaWebConfiguration : spring.jpa.open-in-view is enabled by default. Therefore, database queries may be performed during view rendering. Explicitly configure spring.jpa.open-in-view to disable this warning
2025-02-25T12:12:00.092+01:00  INFO 10736 --- [restapp] [restartedMain] o.s.v.b.OptionalValidatorFactoryBean     : Failed to set up a Bean Validation provider: jakarta.validation.NoProviderFoundException: Unable to create a Configuration, because no Jakarta Bean Validation provider could be found. Add a provider like Hibernate Validator (RI) to your classpath.
2025-02-25T12:12:01.484+01:00  INFO 10736 --- [restapp] [restartedMain] o.s.b.a.h2.H2ConsoleAutoConfiguration    : H2 console available at '/h2-console'. Database available at 'jdbc:h2:mem:test'
2025-02-25T12:12:01.604+01:00  INFO 10736 --- [restapp] [restartedMain] o.s.b.d.a.OptionalLiveReloadServer       : LiveReload server is running on port 35729
2025-02-25T12:12:01.653+01:00  INFO 10736 --- [restapp] [restartedMain] o.s.b.w.embedded.tomcat.TomcatWebServer  : Tomcat started on port 8080 (http) with context path '/'
2025-02-25T12:12:01.672+01:00  INFO 10736 --- [restapp] [restartedMain] be.labil.restapp.RestappApplication      : Started RestappApplication in 8.39 seconds (process running for 9.417)
2025-02-25T12:12:01.692+01:00  INFO 10736 --- [restapp] [restartedMain] .s.b.a.l.ConditionEvaluationReportLogger : 

Error starting ApplicationContext. To display the condition evaluation report re-run your application with 'debug' enabled.
2025-02-25T12:12:01.727+01:00 ERROR 10736 --- [restapp] [restartedMain] o.s.boot.SpringApplication               : Application run failed

org.springframework.jdbc.datasource.init.ScriptStatementFailedException: Failed to execute SQL script statement #1 of class path resource [data.sql]: INSERT INTO UNITE_ETUDE (id, nom) VALUES (1, 'Informatique'), (2, 'Mathematique'), (3, 'Science Technique'), (4, 'Science Humaine')
	at org.springframework.jdbc.datasource.init.ScriptUtils.executeSqlScript(ScriptUtils.java:282) ~[spring-jdbc-6.2.2.jar:6.2.2]
	at org.springframework.jdbc.datasource.init.ResourceDatabasePopulator.populate(ResourceDatabasePopulator.java:254) ~[spring-jdbc-6.2.2.jar:6.2.2]
	at org.springframework.jdbc.datasource.init.DatabasePopulatorUtils.execute(DatabasePopulatorUtils.java:54) ~[spring-jdbc-6.2.2.jar:6.2.2]
	at org.springframework.jdbc.datasource.init.ResourceDatabasePopulator.execute(ResourceDatabasePopulator.java:269) ~[spring-jdbc-6.2.2.jar:6.2.2]
	at be.labil.restapp.runner.MyRunner.run(MyRunner.java:30) ~[classes/:na]
	at org.springframework.boot.SpringApplication.lambda$callRunner$5(SpringApplication.java:788) ~[spring-boot-3.4.2.jar:3.4.2]
	at org.springframework.util.function.ThrowingConsumer$1.acceptWithException(ThrowingConsumer.java:82) ~[spring-core-6.2.2.jar:6.2.2]
	at org.springframework.util.function.ThrowingConsumer.accept(ThrowingConsumer.java:60) ~[spring-core-6.2.2.jar:6.2.2]
	at org.springframework.util.function.ThrowingConsumer$1.accept(ThrowingConsumer.java:86) ~[spring-core-6.2.2.jar:6.2.2]
	at org.springframework.boot.SpringApplication.callRunner(SpringApplication.java:796) ~[spring-boot-3.4.2.jar:3.4.2]
	at org.springframework.boot.SpringApplication.callRunner(SpringApplication.java:787) ~[spring-boot-3.4.2.jar:3.4.2]
	at org.springframework.boot.SpringApplication.lambda$callRunners$3(SpringApplication.java:772) ~[spring-boot-3.4.2.jar:3.4.2]
	at java.base/java.util.stream.ForEachOps$ForEachOp$OfRef.accept(ForEachOps.java:184) ~[na:na]
	at java.base/java.util.stream.SortedOps$SizedRefSortingSink.end(SortedOps.java:357) ~[na:na]
	at java.base/java.util.stream.AbstractPipeline.copyInto(AbstractPipeline.java:510) ~[na:na]
	at java.base/java.util.stream.AbstractPipeline.wrapAndCopyInto(AbstractPipeline.java:499) ~[na:na]
	at java.base/java.util.stream.ForEachOps$ForEachOp.evaluateSequential(ForEachOps.java:151) ~[na:na]
	at java.base/java.util.stream.ForEachOps$ForEachOp$OfRef.evaluateSequential(ForEachOps.java:174) ~[na:na]
	at java.base/java.util.stream.AbstractPipeline.evaluate(AbstractPipeline.java:234) ~[na:na]
	at java.base/java.util.stream.ReferencePipeline.forEach(ReferencePipeline.java:596) ~[na:na]
	at org.springframework.boot.SpringApplication.callRunners(SpringApplication.java:772) ~[spring-boot-3.4.2.jar:3.4.2]
	at org.springframework.boot.SpringApplication.run(SpringApplication.java:325) ~[spring-boot-3.4.2.jar:3.4.2]
	at org.springframework.boot.SpringApplication.run(SpringApplication.java:1361) ~[spring-boot-3.4.2.jar:3.4.2]
	at org.springframework.boot.SpringApplication.run(SpringApplication.java:1350) ~[spring-boot-3.4.2.jar:3.4.2]
	at be.labil.restapp.RestappApplication.main(RestappApplication.java:10) ~[classes/:na]
	at java.base/jdk.internal.reflect.DirectMethodHandleAccessor.invoke(DirectMethodHandleAccessor.java:103) ~[na:na]
	at java.base/java.lang.reflect.Method.invoke(Method.java:580) ~[na:na]
	at org.springframework.boot.devtools.restart.RestartLauncher.run(RestartLauncher.java:50) ~[spring-boot-devtools-3.4.2.jar:3.4.2]
Caused by: org.h2.jdbc.JdbcSQLIntegrityConstraintViolationException: Violation d'index unique ou clé primaire: "PRIMARY KEY ON PUBLIC.UNITE_ETUDE(ID) ( /* key:1 */ CAST(1 AS BIGINT), 'Informatique')"
Unique index or primary key violation: "PRIMARY KEY ON PUBLIC.UNITE_ETUDE(ID) ( /* key:1 */ CAST(1 AS BIGINT), 'Informatique')"; SQL statement:
INSERT INTO UNITE_ETUDE (id, nom) VALUES (1, 'Informatique'), (2, 'Mathematique'), (3, 'Science Technique'), (4, 'Science Humaine') [23505-232]
	at org.h2.message.DbException.getJdbcSQLException(DbException.java:520) ~[h2-2.3.232.jar:2.3.232]
	at org.h2.message.DbException.getJdbcSQLException(DbException.java:489) ~[h2-2.3.232.jar:2.3.232]
	at org.h2.message.DbException.get(DbException.java:223) ~[h2-2.3.232.jar:2.3.232]
	at org.h2.message.DbException.get(DbException.java:199) ~[h2-2.3.232.jar:2.3.232]
	at org.h2.mvstore.db.MVPrimaryIndex.add(MVPrimaryIndex.java:121) ~[h2-2.3.232.jar:2.3.232]
	at org.h2.mvstore.db.MVTable.addRow(MVTable.java:517) ~[h2-2.3.232.jar:2.3.232]
	at org.h2.command.dml.Insert.insertRows(Insert.java:174) ~[h2-2.3.232.jar:2.3.232]
	at org.h2.command.dml.Insert.update(Insert.java:135) ~[h2-2.3.232.jar:2.3.232]
	at org.h2.command.dml.DataChangeStatement.update(DataChangeStatement.java:74) ~[h2-2.3.232.jar:2.3.232]
	at org.h2.command.CommandContainer.update(CommandContainer.java:139) ~[h2-2.3.232.jar:2.3.232]
	at org.h2.command.Command.executeUpdate(Command.java:304) ~[h2-2.3.232.jar:2.3.232]
	at org.h2.command.Command.executeUpdate(Command.java:248) ~[h2-2.3.232.jar:2.3.232]
	at org.h2.jdbc.JdbcStatement.executeInternal(JdbcStatement.java:262) ~[h2-2.3.232.jar:2.3.232]
	at org.h2.jdbc.JdbcStatement.execute(JdbcStatement.java:231) ~[h2-2.3.232.jar:2.3.232]
	at com.zaxxer.hikari.pool.ProxyStatement.execute(ProxyStatement.java:94) ~[HikariCP-5.1.0.jar:na]
	at com.zaxxer.hikari.pool.HikariProxyStatement.execute(HikariProxyStatement.java) ~[HikariCP-5.1.0.jar:na]
	at org.springframework.jdbc.datasource.init.ScriptUtils.executeSqlScript(ScriptUtils.java:261) ~[spring-jdbc-6.2.2.jar:6.2.2]
	... 27 common frames omitted

2025-02-25T12:12:01.743+01:00  INFO 10736 --- [restapp] [restartedMain] o.s.b.w.e.tomcat.GracefulShutdown        : Commencing graceful shutdown. Waiting for active requests to complete
2025-02-25T12:12:01.772+01:00  INFO 10736 --- [restapp] [tomcat-shutdown] o.s.b.w.e.tomcat.GracefulShutdown        : Graceful shutdown complete
2025-02-25T12:12:01.777+01:00  INFO 10736 --- [restapp] [restartedMain] j.LocalContainerEntityManagerFactoryBean : Closing JPA EntityManagerFactory for persistence unit 'default'
2025-02-25T12:12:01.790+01:00  WARN 10736 --- [restapp] [restartedMain] o.s.b.f.support.DisposableBeanAdapter    : Invocation of destroy method failed on bean with name 'inMemoryDatabaseShutdownExecutor': org.h2.jdbc.JdbcSQLNonTransientConnectionException: La base de données est déjà fermée (pour désactiver la fermeture automatique à l'arrêt de la VM, ajoutez "; DB_CLOSE_ON_EXIT = FALSE" à l'URL db)
Database is already closed (to disable automatic closing at VM shutdown, add ";DB_CLOSE_ON_EXIT=FALSE" to the db URL) [90121-232]
2025-02-25T12:12:01.791+01:00  INFO 10736 --- [restapp] [restartedMain] com.zaxxer.hikari.HikariDataSource       : HikariPool-1 - Shutdown initiated...
2025-02-25T12:12:01.793+01:00  INFO 10736 --- [restapp] [restartedMain] com.zaxxer.hikari.HikariDataSource       : HikariPool-1 - Shutdown completed.
2025-02-25T12:16:22.245+01:00  INFO 28636 --- [restapp] [restartedMain] be.labil.restapp.RestappApplication      : Starting RestappApplication using Java 21.0.6 with PID 28636 (C:\Elachhab\Unamur\cours\GenieLogiciel\Labo\restapp\target\classes started by abdellah.elachhab in C:\Elachhab\Unamur\cours\GenieLogiciel\Labo\restapp)
2025-02-25T12:16:22.251+01:00  INFO 28636 --- [restapp] [restartedMain] be.labil.restapp.RestappApplication      : No active profile set, falling back to 1 default profile: "default"
2025-02-25T12:16:22.379+01:00  INFO 28636 --- [restapp] [restartedMain] .e.DevToolsPropertyDefaultsPostProcessor : Devtools property defaults active! Set 'spring.devtools.add-properties' to 'false' to disable
2025-02-25T12:16:22.380+01:00  INFO 28636 --- [restapp] [restartedMain] .e.DevToolsPropertyDefaultsPostProcessor : For additional web related logging consider setting the 'logging.level.web' property to 'DEBUG'
2025-02-25T12:16:23.625+01:00  INFO 28636 --- [restapp] [restartedMain] .s.d.r.c.RepositoryConfigurationDelegate : Bootstrapping Spring Data JPA repositories in DEFAULT mode.
2025-02-25T12:16:23.754+01:00  INFO 28636 --- [restapp] [restartedMain] .s.d.r.c.RepositoryConfigurationDelegate : Finished Spring Data repository scanning in 106 ms. Found 4 JPA repository interfaces.
2025-02-25T12:16:24.673+01:00  INFO 28636 --- [restapp] [restartedMain] o.s.b.w.embedded.tomcat.TomcatWebServer  : Tomcat initialized with port 8080 (http)
2025-02-25T12:16:24.698+01:00  INFO 28636 --- [restapp] [restartedMain] o.apache.catalina.core.StandardService   : Starting service [Tomcat]
2025-02-25T12:16:24.699+01:00  INFO 28636 --- [restapp] [restartedMain] o.apache.catalina.core.StandardEngine    : Starting Servlet engine: [Apache Tomcat/10.1.34]
2025-02-25T12:16:24.798+01:00  INFO 28636 --- [restapp] [restartedMain] o.a.c.c.C.[Tomcat].[localhost].[/]       : Initializing Spring embedded WebApplicationContext
2025-02-25T12:16:24.799+01:00  INFO 28636 --- [restapp] [restartedMain] w.s.c.ServletWebServerApplicationContext : Root WebApplicationContext: initialization completed in 2418 ms
2025-02-25T12:16:24.947+01:00  INFO 28636 --- [restapp] [restartedMain] com.zaxxer.hikari.HikariDataSource       : HikariPool-1 - Starting...
2025-02-25T12:16:25.211+01:00  INFO 28636 --- [restapp] [restartedMain] com.zaxxer.hikari.pool.HikariPool        : HikariPool-1 - Added connection conn0: url=jdbc:h2:mem:test user=SA
2025-02-25T12:16:25.214+01:00  INFO 28636 --- [restapp] [restartedMain] com.zaxxer.hikari.HikariDataSource       : HikariPool-1 - Start completed.
2025-02-25T12:16:25.247+01:00  WARN 28636 --- [restapp] [restartedMain] ConfigServletWebServerApplicationContext : Exception encountered during context initialization - cancelling refresh attempt: org.springframework.beans.factory.BeanCreationException: Error creating bean with name 'entityManagerFactory' defined in class path resource [org/springframework/boot/autoconfigure/orm/jpa/HibernateJpaConfiguration.class]: Failed to initialize dependency 'dataSourceScriptDatabaseInitializer' of LoadTimeWeaverAware bean 'entityManagerFactory': Error creating bean with name 'dataSourceScriptDatabaseInitializer' defined in class path resource [org/springframework/boot/autoconfigure/sql/init/DataSourceInitializationConfiguration.class]: Failed to execute SQL script statement #1 of file [C:\Elachhab\Unamur\cours\GenieLogiciel\Labo\restapp\target\classes\data.sql]: INSERT INTO UNITE_ETUDE (id, nom) VALUES (1, 'Informatique'), (2, 'Mathematique'), (3, 'Science Technique'), (4, 'Science Humaine')
2025-02-25T12:16:25.247+01:00  INFO 28636 --- [restapp] [restartedMain] com.zaxxer.hikari.HikariDataSource       : HikariPool-1 - Shutdown initiated...
2025-02-25T12:16:25.252+01:00  INFO 28636 --- [restapp] [restartedMain] com.zaxxer.hikari.HikariDataSource       : HikariPool-1 - Shutdown completed.
2025-02-25T12:16:25.257+01:00  INFO 28636 --- [restapp] [restartedMain] o.apache.catalina.core.StandardService   : Stopping service [Tomcat]
2025-02-25T12:16:25.278+01:00  INFO 28636 --- [restapp] [restartedMain] .s.b.a.l.ConditionEvaluationReportLogger : 

Error starting ApplicationContext. To display the condition evaluation report re-run your application with 'debug' enabled.
2025-02-25T12:16:25.312+01:00 ERROR 28636 --- [restapp] [restartedMain] o.s.boot.SpringApplication               : Application run failed

org.springframework.beans.factory.BeanCreationException: Error creating bean with name 'entityManagerFactory' defined in class path resource [org/springframework/boot/autoconfigure/orm/jpa/HibernateJpaConfiguration.class]: Failed to initialize dependency 'dataSourceScriptDatabaseInitializer' of LoadTimeWeaverAware bean 'entityManagerFactory': Error creating bean with name 'dataSourceScriptDatabaseInitializer' defined in class path resource [org/springframework/boot/autoconfigure/sql/init/DataSourceInitializationConfiguration.class]: Failed to execute SQL script statement #1 of file [C:\Elachhab\Unamur\cours\GenieLogiciel\Labo\restapp\target\classes\data.sql]: INSERT INTO UNITE_ETUDE (id, nom) VALUES (1, 'Informatique'), (2, 'Mathematique'), (3, 'Science Technique'), (4, 'Science Humaine')
	at org.springframework.beans.factory.support.AbstractBeanFactory.doGetBean(AbstractBeanFactory.java:325) ~[spring-beans-6.2.2.jar:6.2.2]
	at org.springframework.beans.factory.support.AbstractBeanFactory.getBean(AbstractBeanFactory.java:204) ~[spring-beans-6.2.2.jar:6.2.2]
	at org.springframework.context.support.AbstractApplicationContext.finishBeanFactoryInitialization(AbstractApplicationContext.java:970) ~[spring-context-6.2.2.jar:6.2.2]
	at org.springframework.context.support.AbstractApplicationContext.refresh(AbstractApplicationContext.java:627) ~[spring-context-6.2.2.jar:6.2.2]
	at org.springframework.boot.web.servlet.context.ServletWebServerApplicationContext.refresh(ServletWebServerApplicationContext.java:146) ~[spring-boot-3.4.2.jar:3.4.2]
	at org.springframework.boot.SpringApplication.refresh(SpringApplication.java:752) ~[spring-boot-3.4.2.jar:3.4.2]
	at org.springframework.boot.SpringApplication.refreshContext(SpringApplication.java:439) ~[spring-boot-3.4.2.jar:3.4.2]
	at org.springframework.boot.SpringApplication.run(SpringApplication.java:318) ~[spring-boot-3.4.2.jar:3.4.2]
	at org.springframework.boot.SpringApplication.run(SpringApplication.java:1361) ~[spring-boot-3.4.2.jar:3.4.2]
	at org.springframework.boot.SpringApplication.run(SpringApplication.java:1350) ~[spring-boot-3.4.2.jar:3.4.2]
	at be.labil.restapp.RestappApplication.main(RestappApplication.java:10) ~[classes/:na]
	at java.base/jdk.internal.reflect.DirectMethodHandleAccessor.invoke(DirectMethodHandleAccessor.java:103) ~[na:na]
	at java.base/java.lang.reflect.Method.invoke(Method.java:580) ~[na:na]
	at org.springframework.boot.devtools.restart.RestartLauncher.run(RestartLauncher.java:50) ~[spring-boot-devtools-3.4.2.jar:3.4.2]
Caused by: org.springframework.beans.factory.BeanCreationException: Error creating bean with name 'dataSourceScriptDatabaseInitializer' defined in class path resource [org/springframework/boot/autoconfigure/sql/init/DataSourceInitializationConfiguration.class]: Failed to execute SQL script statement #1 of file [C:\Elachhab\Unamur\cours\GenieLogiciel\Labo\restapp\target\classes\data.sql]: INSERT INTO UNITE_ETUDE (id, nom) VALUES (1, 'Informatique'), (2, 'Mathematique'), (3, 'Science Technique'), (4, 'Science Humaine')
	at org.springframework.beans.factory.support.AbstractAutowireCapableBeanFactory.initializeBean(AbstractAutowireCapableBeanFactory.java:1812) ~[spring-beans-6.2.2.jar:6.2.2]
	at org.springframework.beans.factory.support.AbstractAutowireCapableBeanFactory.doCreateBean(AbstractAutowireCapableBeanFactory.java:601) ~[spring-beans-6.2.2.jar:6.2.2]
	at org.springframework.beans.factory.support.AbstractAutowireCapableBeanFactory.createBean(AbstractAutowireCapableBeanFactory.java:523) ~[spring-beans-6.2.2.jar:6.2.2]
	at org.springframework.beans.factory.support.AbstractBeanFactory.lambda$doGetBean$0(AbstractBeanFactory.java:336) ~[spring-beans-6.2.2.jar:6.2.2]
	at org.springframework.beans.factory.support.DefaultSingletonBeanRegistry.getSingleton(DefaultSingletonBeanRegistry.java:307) ~[spring-beans-6.2.2.jar:6.2.2]
	at org.springframework.beans.factory.support.AbstractBeanFactory.doGetBean(AbstractBeanFactory.java:334) ~[spring-beans-6.2.2.jar:6.2.2]
	at org.springframework.beans.factory.support.AbstractBeanFactory.getBean(AbstractBeanFactory.java:199) ~[spring-beans-6.2.2.jar:6.2.2]
	at org.springframework.beans.factory.support.AbstractBeanFactory.doGetBean(AbstractBeanFactory.java:312) ~[spring-beans-6.2.2.jar:6.2.2]
	... 13 common frames omitted
Caused by: org.springframework.jdbc.datasource.init.ScriptStatementFailedException: Failed to execute SQL script statement #1 of file [C:\Elachhab\Unamur\cours\GenieLogiciel\Labo\restapp\target\classes\data.sql]: INSERT INTO UNITE_ETUDE (id, nom) VALUES (1, 'Informatique'), (2, 'Mathematique'), (3, 'Science Technique'), (4, 'Science Humaine')
	at org.springframework.jdbc.datasource.init.ScriptUtils.executeSqlScript(ScriptUtils.java:282) ~[spring-jdbc-6.2.2.jar:6.2.2]
	at org.springframework.jdbc.datasource.init.ResourceDatabasePopulator.populate(ResourceDatabasePopulator.java:254) ~[spring-jdbc-6.2.2.jar:6.2.2]
	at org.springframework.jdbc.datasource.init.DatabasePopulatorUtils.execute(DatabasePopulatorUtils.java:54) ~[spring-jdbc-6.2.2.jar:6.2.2]
	at org.springframework.boot.jdbc.init.DataSourceScriptDatabaseInitializer.runScripts(DataSourceScriptDatabaseInitializer.java:87) ~[spring-boot-3.4.2.jar:3.4.2]
	at org.springframework.boot.sql.init.AbstractScriptDatabaseInitializer.runScripts(AbstractScriptDatabaseInitializer.java:146) ~[spring-boot-3.4.2.jar:3.4.2]
	at org.springframework.boot.sql.init.AbstractScriptDatabaseInitializer.applyScripts(AbstractScriptDatabaseInitializer.java:108) ~[spring-boot-3.4.2.jar:3.4.2]
	at org.springframework.boot.sql.init.AbstractScriptDatabaseInitializer.applyDataScripts(AbstractScriptDatabaseInitializer.java:102) ~[spring-boot-3.4.2.jar:3.4.2]
	at org.springframework.boot.sql.init.AbstractScriptDatabaseInitializer.initializeDatabase(AbstractScriptDatabaseInitializer.java:77) ~[spring-boot-3.4.2.jar:3.4.2]
	at org.springframework.boot.sql.init.AbstractScriptDatabaseInitializer.afterPropertiesSet(AbstractScriptDatabaseInitializer.java:66) ~[spring-boot-3.4.2.jar:3.4.2]
	at org.springframework.beans.factory.support.AbstractAutowireCapableBeanFactory.invokeInitMethods(AbstractAutowireCapableBeanFactory.java:1859) ~[spring-beans-6.2.2.jar:6.2.2]
	at org.springframework.beans.factory.support.AbstractAutowireCapableBeanFactory.initializeBean(AbstractAutowireCapableBeanFactory.java:1808) ~[spring-beans-6.2.2.jar:6.2.2]
	... 20 common frames omitted
Caused by: org.h2.jdbc.JdbcSQLSyntaxErrorException: Table "UNITE_ETUDE" not found (this database is empty); SQL statement:
INSERT INTO UNITE_ETUDE (id, nom) VALUES (1, 'Informatique'), (2, 'Mathematique'), (3, 'Science Technique'), (4, 'Science Humaine') [42104-232]
	at org.h2.message.DbException.getJdbcSQLException(DbException.java:514) ~[h2-2.3.232.jar:2.3.232]
	at org.h2.message.DbException.getJdbcSQLException(DbException.java:489) ~[h2-2.3.232.jar:2.3.232]
	at org.h2.message.DbException.get(DbException.java:223) ~[h2-2.3.232.jar:2.3.232]
	at org.h2.message.DbException.get(DbException.java:199) ~[h2-2.3.232.jar:2.3.232]
	at org.h2.command.Parser.getTableOrViewNotFoundDbException(Parser.java:7932) ~[h2-2.3.232.jar:2.3.232]
	at org.h2.command.Parser.getTableOrViewNotFoundDbException(Parser.java:7916) ~[h2-2.3.232.jar:2.3.232]
	at org.h2.command.Parser.readTableOrView(Parser.java:7895) ~[h2-2.3.232.jar:2.3.232]
	at org.h2.command.Parser.readTableOrView(Parser.java:7857) ~[h2-2.3.232.jar:2.3.232]
	at org.h2.command.Parser.parseInsert(Parser.java:1521) ~[h2-2.3.232.jar:2.3.232]
	at org.h2.command.Parser.parsePrepared(Parser.java:698) ~[h2-2.3.232.jar:2.3.232]
	at org.h2.command.Parser.parse(Parser.java:581) ~[h2-2.3.232.jar:2.3.232]
	at org.h2.command.Parser.parse(Parser.java:556) ~[h2-2.3.232.jar:2.3.232]
	at org.h2.command.Parser.prepareCommand(Parser.java:484) ~[h2-2.3.232.jar:2.3.232]
	at org.h2.engine.SessionLocal.prepareLocal(SessionLocal.java:645) ~[h2-2.3.232.jar:2.3.232]
	at org.h2.engine.SessionLocal.prepareCommand(SessionLocal.java:561) ~[h2-2.3.232.jar:2.3.232]
	at org.h2.jdbc.JdbcConnection.prepareCommand(JdbcConnection.java:1164) ~[h2-2.3.232.jar:2.3.232]
	at org.h2.jdbc.JdbcStatement.executeInternal(JdbcStatement.java:245) ~[h2-2.3.232.jar:2.3.232]
	at org.h2.jdbc.JdbcStatement.execute(JdbcStatement.java:231) ~[h2-2.3.232.jar:2.3.232]
	at com.zaxxer.hikari.pool.ProxyStatement.execute(ProxyStatement.java:94) ~[HikariCP-5.1.0.jar:na]
	at com.zaxxer.hikari.pool.HikariProxyStatement.execute(HikariProxyStatement.java) ~[HikariCP-5.1.0.jar:na]
	at org.springframework.jdbc.datasource.init.ScriptUtils.executeSqlScript(ScriptUtils.java:261) ~[spring-jdbc-6.2.2.jar:6.2.2]
	... 30 common frames omitted

2025-02-25T12:17:25.965+01:00  INFO 19512 --- [restapp] [restartedMain] be.labil.restapp.RestappApplication      : Starting RestappApplication using Java 21.0.6 with PID 19512 (C:\Elachhab\Unamur\cours\GenieLogiciel\Labo\restapp\target\classes started by abdellah.elachhab in C:\Elachhab\Unamur\cours\GenieLogiciel\Labo\restapp)
2025-02-25T12:17:25.970+01:00  INFO 19512 --- [restapp] [restartedMain] be.labil.restapp.RestappApplication      : No active profile set, falling back to 1 default profile: "default"
2025-02-25T12:17:26.070+01:00  INFO 19512 --- [restapp] [restartedMain] .e.DevToolsPropertyDefaultsPostProcessor : Devtools property defaults active! Set 'spring.devtools.add-properties' to 'false' to disable
2025-02-25T12:17:26.071+01:00  INFO 19512 --- [restapp] [restartedMain] .e.DevToolsPropertyDefaultsPostProcessor : For additional web related logging consider setting the 'logging.level.web' property to 'DEBUG'
2025-02-25T12:17:27.306+01:00  INFO 19512 --- [restapp] [restartedMain] .s.d.r.c.RepositoryConfigurationDelegate : Bootstrapping Spring Data JPA repositories in DEFAULT mode.
2025-02-25T12:17:27.441+01:00  INFO 19512 --- [restapp] [restartedMain] .s.d.r.c.RepositoryConfigurationDelegate : Finished Spring Data repository scanning in 119 ms. Found 4 JPA repository interfaces.
2025-02-25T12:17:28.300+01:00  INFO 19512 --- [restapp] [restartedMain] o.s.b.w.embedded.tomcat.TomcatWebServer  : Tomcat initialized with port 8080 (http)
2025-02-25T12:17:28.317+01:00  INFO 19512 --- [restapp] [restartedMain] o.apache.catalina.core.StandardService   : Starting service [Tomcat]
2025-02-25T12:17:28.318+01:00  INFO 19512 --- [restapp] [restartedMain] o.apache.catalina.core.StandardEngine    : Starting Servlet engine: [Apache Tomcat/10.1.34]
2025-02-25T12:17:28.410+01:00  INFO 19512 --- [restapp] [restartedMain] o.a.c.c.C.[Tomcat].[localhost].[/]       : Initializing Spring embedded WebApplicationContext
2025-02-25T12:17:28.411+01:00  INFO 19512 --- [restapp] [restartedMain] w.s.c.ServletWebServerApplicationContext : Root WebApplicationContext: initialization completed in 2338 ms
2025-02-25T12:17:28.569+01:00  INFO 19512 --- [restapp] [restartedMain] com.zaxxer.hikari.HikariDataSource       : HikariPool-1 - Starting...
2025-02-25T12:17:28.827+01:00  INFO 19512 --- [restapp] [restartedMain] com.zaxxer.hikari.pool.HikariPool        : HikariPool-1 - Added connection conn0: url=jdbc:h2:mem:test user=SA
2025-02-25T12:17:28.830+01:00  INFO 19512 --- [restapp] [restartedMain] com.zaxxer.hikari.HikariDataSource       : HikariPool-1 - Start completed.
2025-02-25T12:17:28.868+01:00  WARN 19512 --- [restapp] [restartedMain] ConfigServletWebServerApplicationContext : Exception encountered during context initialization - cancelling refresh attempt: org.springframework.beans.factory.BeanCreationException: Error creating bean with name 'entityManagerFactory' defined in class path resource [org/springframework/boot/autoconfigure/orm/jpa/HibernateJpaConfiguration.class]: Failed to initialize dependency 'dataSourceScriptDatabaseInitializer' of LoadTimeWeaverAware bean 'entityManagerFactory': Error creating bean with name 'dataSourceScriptDatabaseInitializer' defined in class path resource [org/springframework/boot/autoconfigure/sql/init/DataSourceInitializationConfiguration.class]: Failed to execute SQL script statement #1 of file [C:\Elachhab\Unamur\cours\GenieLogiciel\Labo\restapp\target\classes\data.sql]: INSERT INTO UNITE_ETUDE (id, nom) VALUES (1, 'Informatique'), (2, 'Mathematique'), (3, 'Science Technique'), (4, 'Science Humaine')
2025-02-25T12:17:28.868+01:00  INFO 19512 --- [restapp] [restartedMain] com.zaxxer.hikari.HikariDataSource       : HikariPool-1 - Shutdown initiated...
2025-02-25T12:17:28.871+01:00  INFO 19512 --- [restapp] [restartedMain] com.zaxxer.hikari.HikariDataSource       : HikariPool-1 - Shutdown completed.
2025-02-25T12:17:28.878+01:00  INFO 19512 --- [restapp] [restartedMain] o.apache.catalina.core.StandardService   : Stopping service [Tomcat]
2025-02-25T12:17:28.899+01:00  INFO 19512 --- [restapp] [restartedMain] .s.b.a.l.ConditionEvaluationReportLogger : 

Error starting ApplicationContext. To display the condition evaluation report re-run your application with 'debug' enabled.
2025-02-25T12:17:28.929+01:00 ERROR 19512 --- [restapp] [restartedMain] o.s.boot.SpringApplication               : Application run failed

org.springframework.beans.factory.BeanCreationException: Error creating bean with name 'entityManagerFactory' defined in class path resource [org/springframework/boot/autoconfigure/orm/jpa/HibernateJpaConfiguration.class]: Failed to initialize dependency 'dataSourceScriptDatabaseInitializer' of LoadTimeWeaverAware bean 'entityManagerFactory': Error creating bean with name 'dataSourceScriptDatabaseInitializer' defined in class path resource [org/springframework/boot/autoconfigure/sql/init/DataSourceInitializationConfiguration.class]: Failed to execute SQL script statement #1 of file [C:\Elachhab\Unamur\cours\GenieLogiciel\Labo\restapp\target\classes\data.sql]: INSERT INTO UNITE_ETUDE (id, nom) VALUES (1, 'Informatique'), (2, 'Mathematique'), (3, 'Science Technique'), (4, 'Science Humaine')
	at org.springframework.beans.factory.support.AbstractBeanFactory.doGetBean(AbstractBeanFactory.java:325) ~[spring-beans-6.2.2.jar:6.2.2]
	at org.springframework.beans.factory.support.AbstractBeanFactory.getBean(AbstractBeanFactory.java:204) ~[spring-beans-6.2.2.jar:6.2.2]
	at org.springframework.context.support.AbstractApplicationContext.finishBeanFactoryInitialization(AbstractApplicationContext.java:970) ~[spring-context-6.2.2.jar:6.2.2]
	at org.springframework.context.support.AbstractApplicationContext.refresh(AbstractApplicationContext.java:627) ~[spring-context-6.2.2.jar:6.2.2]
	at org.springframework.boot.web.servlet.context.ServletWebServerApplicationContext.refresh(ServletWebServerApplicationContext.java:146) ~[spring-boot-3.4.2.jar:3.4.2]
	at org.springframework.boot.SpringApplication.refresh(SpringApplication.java:752) ~[spring-boot-3.4.2.jar:3.4.2]
	at org.springframework.boot.SpringApplication.refreshContext(SpringApplication.java:439) ~[spring-boot-3.4.2.jar:3.4.2]
	at org.springframework.boot.SpringApplication.run(SpringApplication.java:318) ~[spring-boot-3.4.2.jar:3.4.2]
	at org.springframework.boot.SpringApplication.run(SpringApplication.java:1361) ~[spring-boot-3.4.2.jar:3.4.2]
	at org.springframework.boot.SpringApplication.run(SpringApplication.java:1350) ~[spring-boot-3.4.2.jar:3.4.2]
	at be.labil.restapp.RestappApplication.main(RestappApplication.java:10) ~[classes/:na]
	at java.base/jdk.internal.reflect.DirectMethodHandleAccessor.invoke(DirectMethodHandleAccessor.java:103) ~[na:na]
	at java.base/java.lang.reflect.Method.invoke(Method.java:580) ~[na:na]
	at org.springframework.boot.devtools.restart.RestartLauncher.run(RestartLauncher.java:50) ~[spring-boot-devtools-3.4.2.jar:3.4.2]
Caused by: org.springframework.beans.factory.BeanCreationException: Error creating bean with name 'dataSourceScriptDatabaseInitializer' defined in class path resource [org/springframework/boot/autoconfigure/sql/init/DataSourceInitializationConfiguration.class]: Failed to execute SQL script statement #1 of file [C:\Elachhab\Unamur\cours\GenieLogiciel\Labo\restapp\target\classes\data.sql]: INSERT INTO UNITE_ETUDE (id, nom) VALUES (1, 'Informatique'), (2, 'Mathematique'), (3, 'Science Technique'), (4, 'Science Humaine')
	at org.springframework.beans.factory.support.AbstractAutowireCapableBeanFactory.initializeBean(AbstractAutowireCapableBeanFactory.java:1812) ~[spring-beans-6.2.2.jar:6.2.2]
	at org.springframework.beans.factory.support.AbstractAutowireCapableBeanFactory.doCreateBean(AbstractAutowireCapableBeanFactory.java:601) ~[spring-beans-6.2.2.jar:6.2.2]
	at org.springframework.beans.factory.support.AbstractAutowireCapableBeanFactory.createBean(AbstractAutowireCapableBeanFactory.java:523) ~[spring-beans-6.2.2.jar:6.2.2]
	at org.springframework.beans.factory.support.AbstractBeanFactory.lambda$doGetBean$0(AbstractBeanFactory.java:336) ~[spring-beans-6.2.2.jar:6.2.2]
	at org.springframework.beans.factory.support.DefaultSingletonBeanRegistry.getSingleton(DefaultSingletonBeanRegistry.java:307) ~[spring-beans-6.2.2.jar:6.2.2]
	at org.springframework.beans.factory.support.AbstractBeanFactory.doGetBean(AbstractBeanFactory.java:334) ~[spring-beans-6.2.2.jar:6.2.2]
	at org.springframework.beans.factory.support.AbstractBeanFactory.getBean(AbstractBeanFactory.java:199) ~[spring-beans-6.2.2.jar:6.2.2]
	at org.springframework.beans.factory.support.AbstractBeanFactory.doGetBean(AbstractBeanFactory.java:312) ~[spring-beans-6.2.2.jar:6.2.2]
	... 13 common frames omitted
Caused by: org.springframework.jdbc.datasource.init.ScriptStatementFailedException: Failed to execute SQL script statement #1 of file [C:\Elachhab\Unamur\cours\GenieLogiciel\Labo\restapp\target\classes\data.sql]: INSERT INTO UNITE_ETUDE (id, nom) VALUES (1, 'Informatique'), (2, 'Mathematique'), (3, 'Science Technique'), (4, 'Science Humaine')
	at org.springframework.jdbc.datasource.init.ScriptUtils.executeSqlScript(ScriptUtils.java:282) ~[spring-jdbc-6.2.2.jar:6.2.2]
	at org.springframework.jdbc.datasource.init.ResourceDatabasePopulator.populate(ResourceDatabasePopulator.java:254) ~[spring-jdbc-6.2.2.jar:6.2.2]
	at org.springframework.jdbc.datasource.init.DatabasePopulatorUtils.execute(DatabasePopulatorUtils.java:54) ~[spring-jdbc-6.2.2.jar:6.2.2]
	at org.springframework.boot.jdbc.init.DataSourceScriptDatabaseInitializer.runScripts(DataSourceScriptDatabaseInitializer.java:87) ~[spring-boot-3.4.2.jar:3.4.2]
	at org.springframework.boot.sql.init.AbstractScriptDatabaseInitializer.runScripts(AbstractScriptDatabaseInitializer.java:146) ~[spring-boot-3.4.2.jar:3.4.2]
	at org.springframework.boot.sql.init.AbstractScriptDatabaseInitializer.applyScripts(AbstractScriptDatabaseInitializer.java:108) ~[spring-boot-3.4.2.jar:3.4.2]
	at org.springframework.boot.sql.init.AbstractScriptDatabaseInitializer.applyDataScripts(AbstractScriptDatabaseInitializer.java:102) ~[spring-boot-3.4.2.jar:3.4.2]
	at org.springframework.boot.sql.init.AbstractScriptDatabaseInitializer.initializeDatabase(AbstractScriptDatabaseInitializer.java:77) ~[spring-boot-3.4.2.jar:3.4.2]
	at org.springframework.boot.sql.init.AbstractScriptDatabaseInitializer.afterPropertiesSet(AbstractScriptDatabaseInitializer.java:66) ~[spring-boot-3.4.2.jar:3.4.2]
	at org.springframework.beans.factory.support.AbstractAutowireCapableBeanFactory.invokeInitMethods(AbstractAutowireCapableBeanFactory.java:1859) ~[spring-beans-6.2.2.jar:6.2.2]
	at org.springframework.beans.factory.support.AbstractAutowireCapableBeanFactory.initializeBean(AbstractAutowireCapableBeanFactory.java:1808) ~[spring-beans-6.2.2.jar:6.2.2]
	... 20 common frames omitted
Caused by: org.h2.jdbc.JdbcSQLSyntaxErrorException: Table "UNITE_ETUDE" not found (this database is empty); SQL statement:
INSERT INTO UNITE_ETUDE (id, nom) VALUES (1, 'Informatique'), (2, 'Mathematique'), (3, 'Science Technique'), (4, 'Science Humaine') [42104-232]
	at org.h2.message.DbException.getJdbcSQLException(DbException.java:514) ~[h2-2.3.232.jar:2.3.232]
	at org.h2.message.DbException.getJdbcSQLException(DbException.java:489) ~[h2-2.3.232.jar:2.3.232]
	at org.h2.message.DbException.get(DbException.java:223) ~[h2-2.3.232.jar:2.3.232]
	at org.h2.message.DbException.get(DbException.java:199) ~[h2-2.3.232.jar:2.3.232]
	at org.h2.command.Parser.getTableOrViewNotFoundDbException(Parser.java:7932) ~[h2-2.3.232.jar:2.3.232]
	at org.h2.command.Parser.getTableOrViewNotFoundDbException(Parser.java:7916) ~[h2-2.3.232.jar:2.3.232]
	at org.h2.command.Parser.readTableOrView(Parser.java:7895) ~[h2-2.3.232.jar:2.3.232]
	at org.h2.command.Parser.readTableOrView(Parser.java:7857) ~[h2-2.3.232.jar:2.3.232]
	at org.h2.command.Parser.parseInsert(Parser.java:1521) ~[h2-2.3.232.jar:2.3.232]
	at org.h2.command.Parser.parsePrepared(Parser.java:698) ~[h2-2.3.232.jar:2.3.232]
	at org.h2.command.Parser.parse(Parser.java:581) ~[h2-2.3.232.jar:2.3.232]
	at org.h2.command.Parser.parse(Parser.java:556) ~[h2-2.3.232.jar:2.3.232]
	at org.h2.command.Parser.prepareCommand(Parser.java:484) ~[h2-2.3.232.jar:2.3.232]
	at org.h2.engine.SessionLocal.prepareLocal(SessionLocal.java:645) ~[h2-2.3.232.jar:2.3.232]
	at org.h2.engine.SessionLocal.prepareCommand(SessionLocal.java:561) ~[h2-2.3.232.jar:2.3.232]
	at org.h2.jdbc.JdbcConnection.prepareCommand(JdbcConnection.java:1164) ~[h2-2.3.232.jar:2.3.232]
	at org.h2.jdbc.JdbcStatement.executeInternal(JdbcStatement.java:245) ~[h2-2.3.232.jar:2.3.232]
	at org.h2.jdbc.JdbcStatement.execute(JdbcStatement.java:231) ~[h2-2.3.232.jar:2.3.232]
	at com.zaxxer.hikari.pool.ProxyStatement.execute(ProxyStatement.java:94) ~[HikariCP-5.1.0.jar:na]
	at com.zaxxer.hikari.pool.HikariProxyStatement.execute(HikariProxyStatement.java) ~[HikariCP-5.1.0.jar:na]
	at org.springframework.jdbc.datasource.init.ScriptUtils.executeSqlScript(ScriptUtils.java:261) ~[spring-jdbc-6.2.2.jar:6.2.2]
	... 30 common frames omitted

2025-02-25T12:19:46.772+01:00  INFO 30252 --- [restapp] [restartedMain] be.labil.restapp.RestappApplication      : Starting RestappApplication using Java 21.0.6 with PID 30252 (C:\Elachhab\Unamur\cours\GenieLogiciel\Labo\restapp\target\classes started by abdellah.elachhab in C:\Elachhab\Unamur\cours\GenieLogiciel\Labo\restapp)
2025-02-25T12:19:46.777+01:00  INFO 30252 --- [restapp] [restartedMain] be.labil.restapp.RestappApplication      : No active profile set, falling back to 1 default profile: "default"
2025-02-25T12:19:46.903+01:00  INFO 30252 --- [restapp] [restartedMain] .e.DevToolsPropertyDefaultsPostProcessor : Devtools property defaults active! Set 'spring.devtools.add-properties' to 'false' to disable
2025-02-25T12:19:46.903+01:00  INFO 30252 --- [restapp] [restartedMain] .e.DevToolsPropertyDefaultsPostProcessor : For additional web related logging consider setting the 'logging.level.web' property to 'DEBUG'
2025-02-25T12:19:48.623+01:00  INFO 30252 --- [restapp] [restartedMain] .s.d.r.c.RepositoryConfigurationDelegate : Bootstrapping Spring Data JPA repositories in DEFAULT mode.
2025-02-25T12:19:48.793+01:00  INFO 30252 --- [restapp] [restartedMain] .s.d.r.c.RepositoryConfigurationDelegate : Finished Spring Data repository scanning in 135 ms. Found 4 JPA repository interfaces.
2025-02-25T12:19:50.002+01:00  INFO 30252 --- [restapp] [restartedMain] o.s.b.w.embedded.tomcat.TomcatWebServer  : Tomcat initialized with port 8080 (http)
2025-02-25T12:19:50.043+01:00  INFO 30252 --- [restapp] [restartedMain] o.apache.catalina.core.StandardService   : Starting service [Tomcat]
2025-02-25T12:19:50.044+01:00  INFO 30252 --- [restapp] [restartedMain] o.apache.catalina.core.StandardEngine    : Starting Servlet engine: [Apache Tomcat/10.1.34]
2025-02-25T12:19:50.179+01:00  INFO 30252 --- [restapp] [restartedMain] o.a.c.c.C.[Tomcat].[localhost].[/]       : Initializing Spring embedded WebApplicationContext
2025-02-25T12:19:50.180+01:00  INFO 30252 --- [restapp] [restartedMain] w.s.c.ServletWebServerApplicationContext : Root WebApplicationContext: initialization completed in 3274 ms
2025-02-25T12:19:50.380+01:00  INFO 30252 --- [restapp] [restartedMain] com.zaxxer.hikari.HikariDataSource       : HikariPool-1 - Starting...
2025-02-25T12:19:50.674+01:00  INFO 30252 --- [restapp] [restartedMain] com.zaxxer.hikari.pool.HikariPool        : HikariPool-1 - Added connection conn0: url=jdbc:h2:mem:test user=SA
2025-02-25T12:19:50.677+01:00  INFO 30252 --- [restapp] [restartedMain] com.zaxxer.hikari.HikariDataSource       : HikariPool-1 - Start completed.
2025-02-25T12:19:50.728+01:00  WARN 30252 --- [restapp] [restartedMain] ConfigServletWebServerApplicationContext : Exception encountered during context initialization - cancelling refresh attempt: org.springframework.beans.factory.BeanCreationException: Error creating bean with name 'entityManagerFactory' defined in class path resource [org/springframework/boot/autoconfigure/orm/jpa/HibernateJpaConfiguration.class]: Failed to initialize dependency 'dataSourceScriptDatabaseInitializer' of LoadTimeWeaverAware bean 'entityManagerFactory': Error creating bean with name 'dataSourceScriptDatabaseInitializer' defined in class path resource [org/springframework/boot/autoconfigure/sql/init/DataSourceInitializationConfiguration.class]: Failed to execute SQL script statement #1 of file [C:\Elachhab\Unamur\cours\GenieLogiciel\Labo\restapp\target\classes\data.sql]: INSERT INTO UNITE_ETUDE (id, nom) VALUES (1, 'Informatique'), (2, 'Mathematique'), (3, 'Science Technique'), (4, 'Science Humaine')
2025-02-25T12:19:50.729+01:00  INFO 30252 --- [restapp] [restartedMain] com.zaxxer.hikari.HikariDataSource       : HikariPool-1 - Shutdown initiated...
2025-02-25T12:19:50.733+01:00  INFO 30252 --- [restapp] [restartedMain] com.zaxxer.hikari.HikariDataSource       : HikariPool-1 - Shutdown completed.
2025-02-25T12:19:50.741+01:00  INFO 30252 --- [restapp] [restartedMain] o.apache.catalina.core.StandardService   : Stopping service [Tomcat]
2025-02-25T12:19:50.762+01:00  INFO 30252 --- [restapp] [restartedMain] .s.b.a.l.ConditionEvaluationReportLogger : 

Error starting ApplicationContext. To display the condition evaluation report re-run your application with 'debug' enabled.
2025-02-25T12:19:50.802+01:00 ERROR 30252 --- [restapp] [restartedMain] o.s.boot.SpringApplication               : Application run failed

org.springframework.beans.factory.BeanCreationException: Error creating bean with name 'entityManagerFactory' defined in class path resource [org/springframework/boot/autoconfigure/orm/jpa/HibernateJpaConfiguration.class]: Failed to initialize dependency 'dataSourceScriptDatabaseInitializer' of LoadTimeWeaverAware bean 'entityManagerFactory': Error creating bean with name 'dataSourceScriptDatabaseInitializer' defined in class path resource [org/springframework/boot/autoconfigure/sql/init/DataSourceInitializationConfiguration.class]: Failed to execute SQL script statement #1 of file [C:\Elachhab\Unamur\cours\GenieLogiciel\Labo\restapp\target\classes\data.sql]: INSERT INTO UNITE_ETUDE (id, nom) VALUES (1, 'Informatique'), (2, 'Mathematique'), (3, 'Science Technique'), (4, 'Science Humaine')
	at org.springframework.beans.factory.support.AbstractBeanFactory.doGetBean(AbstractBeanFactory.java:325) ~[spring-beans-6.2.2.jar:6.2.2]
	at org.springframework.beans.factory.support.AbstractBeanFactory.getBean(AbstractBeanFactory.java:204) ~[spring-beans-6.2.2.jar:6.2.2]
	at org.springframework.context.support.AbstractApplicationContext.finishBeanFactoryInitialization(AbstractApplicationContext.java:970) ~[spring-context-6.2.2.jar:6.2.2]
	at org.springframework.context.support.AbstractApplicationContext.refresh(AbstractApplicationContext.java:627) ~[spring-context-6.2.2.jar:6.2.2]
	at org.springframework.boot.web.servlet.context.ServletWebServerApplicationContext.refresh(ServletWebServerApplicationContext.java:146) ~[spring-boot-3.4.2.jar:3.4.2]
	at org.springframework.boot.SpringApplication.refresh(SpringApplication.java:752) ~[spring-boot-3.4.2.jar:3.4.2]
	at org.springframework.boot.SpringApplication.refreshContext(SpringApplication.java:439) ~[spring-boot-3.4.2.jar:3.4.2]
	at org.springframework.boot.SpringApplication.run(SpringApplication.java:318) ~[spring-boot-3.4.2.jar:3.4.2]
	at org.springframework.boot.SpringApplication.run(SpringApplication.java:1361) ~[spring-boot-3.4.2.jar:3.4.2]
	at org.springframework.boot.SpringApplication.run(SpringApplication.java:1350) ~[spring-boot-3.4.2.jar:3.4.2]
	at be.labil.restapp.RestappApplication.main(RestappApplication.java:10) ~[classes/:na]
	at java.base/jdk.internal.reflect.DirectMethodHandleAccessor.invoke(DirectMethodHandleAccessor.java:103) ~[na:na]
	at java.base/java.lang.reflect.Method.invoke(Method.java:580) ~[na:na]
	at org.springframework.boot.devtools.restart.RestartLauncher.run(RestartLauncher.java:50) ~[spring-boot-devtools-3.4.2.jar:3.4.2]
Caused by: org.springframework.beans.factory.BeanCreationException: Error creating bean with name 'dataSourceScriptDatabaseInitializer' defined in class path resource [org/springframework/boot/autoconfigure/sql/init/DataSourceInitializationConfiguration.class]: Failed to execute SQL script statement #1 of file [C:\Elachhab\Unamur\cours\GenieLogiciel\Labo\restapp\target\classes\data.sql]: INSERT INTO UNITE_ETUDE (id, nom) VALUES (1, 'Informatique'), (2, 'Mathematique'), (3, 'Science Technique'), (4, 'Science Humaine')
	at org.springframework.beans.factory.support.AbstractAutowireCapableBeanFactory.initializeBean(AbstractAutowireCapableBeanFactory.java:1812) ~[spring-beans-6.2.2.jar:6.2.2]
	at org.springframework.beans.factory.support.AbstractAutowireCapableBeanFactory.doCreateBean(AbstractAutowireCapableBeanFactory.java:601) ~[spring-beans-6.2.2.jar:6.2.2]
	at org.springframework.beans.factory.support.AbstractAutowireCapableBeanFactory.createBean(AbstractAutowireCapableBeanFactory.java:523) ~[spring-beans-6.2.2.jar:6.2.2]
	at org.springframework.beans.factory.support.AbstractBeanFactory.lambda$doGetBean$0(AbstractBeanFactory.java:336) ~[spring-beans-6.2.2.jar:6.2.2]
	at org.springframework.beans.factory.support.DefaultSingletonBeanRegistry.getSingleton(DefaultSingletonBeanRegistry.java:307) ~[spring-beans-6.2.2.jar:6.2.2]
	at org.springframework.beans.factory.support.AbstractBeanFactory.doGetBean(AbstractBeanFactory.java:334) ~[spring-beans-6.2.2.jar:6.2.2]
	at org.springframework.beans.factory.support.AbstractBeanFactory.getBean(AbstractBeanFactory.java:199) ~[spring-beans-6.2.2.jar:6.2.2]
	at org.springframework.beans.factory.support.AbstractBeanFactory.doGetBean(AbstractBeanFactory.java:312) ~[spring-beans-6.2.2.jar:6.2.2]
	... 13 common frames omitted
Caused by: org.springframework.jdbc.datasource.init.ScriptStatementFailedException: Failed to execute SQL script statement #1 of file [C:\Elachhab\Unamur\cours\GenieLogiciel\Labo\restapp\target\classes\data.sql]: INSERT INTO UNITE_ETUDE (id, nom) VALUES (1, 'Informatique'), (2, 'Mathematique'), (3, 'Science Technique'), (4, 'Science Humaine')
	at org.springframework.jdbc.datasource.init.ScriptUtils.executeSqlScript(ScriptUtils.java:282) ~[spring-jdbc-6.2.2.jar:6.2.2]
	at org.springframework.jdbc.datasource.init.ResourceDatabasePopulator.populate(ResourceDatabasePopulator.java:254) ~[spring-jdbc-6.2.2.jar:6.2.2]
	at org.springframework.jdbc.datasource.init.DatabasePopulatorUtils.execute(DatabasePopulatorUtils.java:54) ~[spring-jdbc-6.2.2.jar:6.2.2]
	at org.springframework.boot.jdbc.init.DataSourceScriptDatabaseInitializer.runScripts(DataSourceScriptDatabaseInitializer.java:87) ~[spring-boot-3.4.2.jar:3.4.2]
	at org.springframework.boot.sql.init.AbstractScriptDatabaseInitializer.runScripts(AbstractScriptDatabaseInitializer.java:146) ~[spring-boot-3.4.2.jar:3.4.2]
	at org.springframework.boot.sql.init.AbstractScriptDatabaseInitializer.applyScripts(AbstractScriptDatabaseInitializer.java:108) ~[spring-boot-3.4.2.jar:3.4.2]
	at org.springframework.boot.sql.init.AbstractScriptDatabaseInitializer.applyDataScripts(AbstractScriptDatabaseInitializer.java:102) ~[spring-boot-3.4.2.jar:3.4.2]
	at org.springframework.boot.sql.init.AbstractScriptDatabaseInitializer.initializeDatabase(AbstractScriptDatabaseInitializer.java:77) ~[spring-boot-3.4.2.jar:3.4.2]
	at org.springframework.boot.sql.init.AbstractScriptDatabaseInitializer.afterPropertiesSet(AbstractScriptDatabaseInitializer.java:66) ~[spring-boot-3.4.2.jar:3.4.2]
	at org.springframework.beans.factory.support.AbstractAutowireCapableBeanFactory.invokeInitMethods(AbstractAutowireCapableBeanFactory.java:1859) ~[spring-beans-6.2.2.jar:6.2.2]
	at org.springframework.beans.factory.support.AbstractAutowireCapableBeanFactory.initializeBean(AbstractAutowireCapableBeanFactory.java:1808) ~[spring-beans-6.2.2.jar:6.2.2]
	... 20 common frames omitted
Caused by: org.h2.jdbc.JdbcSQLSyntaxErrorException: Table "UNITE_ETUDE" not found (this database is empty); SQL statement:
INSERT INTO UNITE_ETUDE (id, nom) VALUES (1, 'Informatique'), (2, 'Mathematique'), (3, 'Science Technique'), (4, 'Science Humaine') [42104-232]
	at org.h2.message.DbException.getJdbcSQLException(DbException.java:514) ~[h2-2.3.232.jar:2.3.232]
	at org.h2.message.DbException.getJdbcSQLException(DbException.java:489) ~[h2-2.3.232.jar:2.3.232]
	at org.h2.message.DbException.get(DbException.java:223) ~[h2-2.3.232.jar:2.3.232]
	at org.h2.message.DbException.get(DbException.java:199) ~[h2-2.3.232.jar:2.3.232]
	at org.h2.command.Parser.getTableOrViewNotFoundDbException(Parser.java:7932) ~[h2-2.3.232.jar:2.3.232]
	at org.h2.command.Parser.getTableOrViewNotFoundDbException(Parser.java:7916) ~[h2-2.3.232.jar:2.3.232]
	at org.h2.command.Parser.readTableOrView(Parser.java:7895) ~[h2-2.3.232.jar:2.3.232]
	at org.h2.command.Parser.readTableOrView(Parser.java:7857) ~[h2-2.3.232.jar:2.3.232]
	at org.h2.command.Parser.parseInsert(Parser.java:1521) ~[h2-2.3.232.jar:2.3.232]
	at org.h2.command.Parser.parsePrepared(Parser.java:698) ~[h2-2.3.232.jar:2.3.232]
	at org.h2.command.Parser.parse(Parser.java:581) ~[h2-2.3.232.jar:2.3.232]
	at org.h2.command.Parser.parse(Parser.java:556) ~[h2-2.3.232.jar:2.3.232]
	at org.h2.command.Parser.prepareCommand(Parser.java:484) ~[h2-2.3.232.jar:2.3.232]
	at org.h2.engine.SessionLocal.prepareLocal(SessionLocal.java:645) ~[h2-2.3.232.jar:2.3.232]
	at org.h2.engine.SessionLocal.prepareCommand(SessionLocal.java:561) ~[h2-2.3.232.jar:2.3.232]
	at org.h2.jdbc.JdbcConnection.prepareCommand(JdbcConnection.java:1164) ~[h2-2.3.232.jar:2.3.232]
	at org.h2.jdbc.JdbcStatement.executeInternal(JdbcStatement.java:245) ~[h2-2.3.232.jar:2.3.232]
	at org.h2.jdbc.JdbcStatement.execute(JdbcStatement.java:231) ~[h2-2.3.232.jar:2.3.232]
	at com.zaxxer.hikari.pool.ProxyStatement.execute(ProxyStatement.java:94) ~[HikariCP-5.1.0.jar:na]
	at com.zaxxer.hikari.pool.HikariProxyStatement.execute(HikariProxyStatement.java) ~[HikariCP-5.1.0.jar:na]
	at org.springframework.jdbc.datasource.init.ScriptUtils.executeSqlScript(ScriptUtils.java:261) ~[spring-jdbc-6.2.2.jar:6.2.2]
	... 30 common frames omitted

2025-02-25T12:20:26.841+01:00  INFO 8392 --- [restapp] [restartedMain] be.labil.restapp.RestappApplication      : Starting RestappApplication using Java 21.0.6 with PID 8392 (C:\Elachhab\Unamur\cours\GenieLogiciel\Labo\restapp\target\classes started by abdellah.elachhab in C:\Elachhab\Unamur\cours\GenieLogiciel\Labo\restapp)
2025-02-25T12:20:26.847+01:00  INFO 8392 --- [restapp] [restartedMain] be.labil.restapp.RestappApplication      : No active profile set, falling back to 1 default profile: "default"
2025-02-25T12:20:26.957+01:00  INFO 8392 --- [restapp] [restartedMain] .e.DevToolsPropertyDefaultsPostProcessor : Devtools property defaults active! Set 'spring.devtools.add-properties' to 'false' to disable
2025-02-25T12:20:26.958+01:00  INFO 8392 --- [restapp] [restartedMain] .e.DevToolsPropertyDefaultsPostProcessor : For additional web related logging consider setting the 'logging.level.web' property to 'DEBUG'
2025-02-25T12:20:28.205+01:00  INFO 8392 --- [restapp] [restartedMain] .s.d.r.c.RepositoryConfigurationDelegate : Bootstrapping Spring Data JPA repositories in DEFAULT mode.
2025-02-25T12:20:28.347+01:00  INFO 8392 --- [restapp] [restartedMain] .s.d.r.c.RepositoryConfigurationDelegate : Finished Spring Data repository scanning in 120 ms. Found 4 JPA repository interfaces.
2025-02-25T12:20:29.253+01:00  INFO 8392 --- [restapp] [restartedMain] o.s.b.w.embedded.tomcat.TomcatWebServer  : Tomcat initialized with port 8080 (http)
2025-02-25T12:20:29.275+01:00  INFO 8392 --- [restapp] [restartedMain] o.apache.catalina.core.StandardService   : Starting service [Tomcat]
2025-02-25T12:20:29.276+01:00  INFO 8392 --- [restapp] [restartedMain] o.apache.catalina.core.StandardEngine    : Starting Servlet engine: [Apache Tomcat/10.1.34]
2025-02-25T12:20:29.371+01:00  INFO 8392 --- [restapp] [restartedMain] o.a.c.c.C.[Tomcat].[localhost].[/]       : Initializing Spring embedded WebApplicationContext
2025-02-25T12:20:29.371+01:00  INFO 8392 --- [restapp] [restartedMain] w.s.c.ServletWebServerApplicationContext : Root WebApplicationContext: initialization completed in 2412 ms
2025-02-25T12:20:29.550+01:00  INFO 8392 --- [restapp] [restartedMain] com.zaxxer.hikari.HikariDataSource       : HikariPool-1 - Starting...
2025-02-25T12:20:29.793+01:00  INFO 8392 --- [restapp] [restartedMain] com.zaxxer.hikari.pool.HikariPool        : HikariPool-1 - Added connection conn0: url=jdbc:h2:mem:test user=SA
2025-02-25T12:20:29.795+01:00  INFO 8392 --- [restapp] [restartedMain] com.zaxxer.hikari.HikariDataSource       : HikariPool-1 - Start completed.
2025-02-25T12:20:29.874+01:00  INFO 8392 --- [restapp] [restartedMain] o.hibernate.jpa.internal.util.LogHelper  : HHH000204: Processing PersistenceUnitInfo [name: default]
2025-02-25T12:20:29.987+01:00  INFO 8392 --- [restapp] [restartedMain] org.hibernate.Version                    : HHH000412: Hibernate ORM core version 6.6.5.Final
2025-02-25T12:20:30.041+01:00  INFO 8392 --- [restapp] [restartedMain] o.h.c.internal.RegionFactoryInitiator    : HHH000026: Second-level cache disabled
2025-02-25T12:20:30.522+01:00  INFO 8392 --- [restapp] [restartedMain] o.s.o.j.p.SpringPersistenceUnitInfo      : No LoadTimeWeaver setup: ignoring JPA class transformer
2025-02-25T12:20:30.647+01:00  INFO 8392 --- [restapp] [restartedMain] org.hibernate.orm.connections.pooling    : HHH10001005: Database info:
	Database JDBC URL [Connecting through datasource 'HikariDataSource (HikariPool-1)']
	Database driver: undefined/unknown
	Database version: 2.3.232
	Autocommit mode: undefined/unknown
	Isolation level: undefined/unknown
	Minimum pool size: undefined/unknown
	Maximum pool size: undefined/unknown
2025-02-25T12:20:31.893+01:00  INFO 8392 --- [restapp] [restartedMain] o.h.e.t.j.p.i.JtaPlatformInitiator       : HHH000489: No JTA platform available (set 'hibernate.transaction.jta.platform' to enable JTA platform integration)
2025-02-25T12:20:31.947+01:00  INFO 8392 --- [restapp] [restartedMain] j.LocalContainerEntityManagerFactoryBean : Initialized JPA EntityManagerFactory for persistence unit 'default'
2025-02-25T12:20:32.629+01:00  WARN 8392 --- [restapp] [restartedMain] JpaBaseConfiguration$JpaWebConfiguration : spring.jpa.open-in-view is enabled by default. Therefore, database queries may be performed during view rendering. Explicitly configure spring.jpa.open-in-view to disable this warning
2025-02-25T12:20:32.701+01:00  INFO 8392 --- [restapp] [restartedMain] o.s.v.b.OptionalValidatorFactoryBean     : Failed to set up a Bean Validation provider: jakarta.validation.NoProviderFoundException: Unable to create a Configuration, because no Jakarta Bean Validation provider could be found. Add a provider like Hibernate Validator (RI) to your classpath.
2025-02-25T12:20:34.017+01:00  INFO 8392 --- [restapp] [restartedMain] o.s.b.a.h2.H2ConsoleAutoConfiguration    : H2 console available at '/h2-console'. Database available at 'jdbc:h2:mem:test'
2025-02-25T12:20:34.155+01:00  INFO 8392 --- [restapp] [restartedMain] o.s.b.d.a.OptionalLiveReloadServer       : LiveReload server is running on port 35729
2025-02-25T12:20:34.202+01:00  INFO 8392 --- [restapp] [restartedMain] o.s.b.w.embedded.tomcat.TomcatWebServer  : Tomcat started on port 8080 (http) with context path '/'
2025-02-25T12:20:34.217+01:00  INFO 8392 --- [restapp] [restartedMain] be.labil.restapp.RestappApplication      : Started RestappApplication in 8.38 seconds (process running for 9.313)
2025-02-25T20:10:06.660+01:00  WARN 8392 --- [restapp] [HikariPool-1 housekeeper] com.zaxxer.hikari.pool.HikariPool        : HikariPool-1 - Thread starvation or clock leap detected (housekeeper delta=2h59m2s138ms969µs500ns).
2025-02-25T20:50:07.912+01:00  WARN 8392 --- [restapp] [HikariPool-1 housekeeper] com.zaxxer.hikari.pool.HikariPool        : HikariPool-1 - Thread starvation or clock leap detected (housekeeper delta=2m41s920ms807µs500ns).
